seed,alt_ft,vc_kts,gamma_true,mode,integrity_source,fault_onset_s,noise,max_abs_dh,ise_h,max_abs_q,max_abs_theta,min_theta,max_theta,control_effort,residual_steps,crash,interlock,detect_delay_s,mae_gamma_online,final_h,final_vc,ok,note
0,10000.0,300.0,1.0,BASELINE,none,1000000000.0,0,1421.6029484383762,40871252.681850374,1.3408289073373452,1.6195412449454216,0.52210546047108,1.6195412449454216,0.017724072587216252,0,0,0,nan,nan,11616.713405225426,586.7309471661983,1,
1,10000.0,300.0,1.0,BASELINE,none,1000000000.0,0,1421.6029484383762,40871252.681850374,1.3408289073373452,1.6195412449454216,0.52210546047108,1.6195412449454216,0.017724072587216252,0,0,0,nan,nan,11616.713405225426,586.7309471661983,1,
2,10000.0,300.0,1.0,BASELINE,none,1000000000.0,0,1421.6029484383762,40871252.681850374,1.3408289073373452,1.6195412449454216,0.52210546047108,1.6195412449454216,0.017724072587216252,0,0,0,nan,nan,11616.713405225426,586.7309471661983,1,
3,10000.0,300.0,1.0,BASELINE,none,1000000000.0,0,1421.6029484383762,40871252.681850374,1.3408289073373452,1.6195412449454216,0.52210546047108,1.6195412449454216,0.017724072587216252,0,0,0,nan,nan,11616.713405225426,586.7309471661983,1,
4,10000.0,300.0,1.0,BASELINE,none,1000000000.0,0,1421.6029484383762,40871252.681850374,1.3408289073373452,1.6195412449454216,0.52210546047108,1.6195412449454216,0.017724072587216252,0,0,0,nan,nan,11616.713405225426,586.7309471661983,1,
5,10000.0,300.0,1.0,BASELINE,none,1000000000.0,0,1421.6029484383762,40871252.681850374,1.3408289073373452,1.6195412449454216,0.52210546047108,1.6195412449454216,0.017724072587216252,0,0,0,nan,nan,11616.713405225426,586.7309471661983,1,
6,10000.0,300.0,1.0,BASELINE,none,1000000000.0,0,1421.6029484383762,40871252.681850374,1.3408289073373452,1.6195412449454216,0.52210546047108,1.6195412449454216,0.017724072587216252,0,0,0,nan,nan,11616.713405225426,586.7309471661983,1,
7,10000.0,300.0,1.0,BASELINE,none,1000000000.0,0,1421.6029484383762,40871252.681850374,1.3408289073373452,1.6195412449454216,0.52210546047108,1.6195412449454216,0.017724072587216252,0,0,0,nan,nan,11616.713405225426,586.7309471661983,1,
8,10000.0,300.0,1.0,BASELINE,none,1000000000.0,0,1421.6029484383762,40871252.681850374,1.3408289073373452,1.6195412449454216,0.52210546047108,1.6195412449454216,0.017724072587216252,0,0,0,nan,nan,11616.713405225426,586.7309471661983,1,
9,10000.0,300.0,1.0,BASELINE,none,1000000000.0,0,1421.6029484383762,40871252.681850374,1.3408289073373452,1.6195412449454216,0.52210546047108,1.6195412449454216,0.017724072587216252,0,0,0,nan,nan,11616.713405225426,586.7309471661983,1,
10,10000.0,300.0,1.0,BASELINE,none,1000000000.0,0,1421.6029484383762,40871252.681850374,1.3408289073373452,1.6195412449454216,0.52210546047108,1.6195412449454216,0.017724072587216252,0,0,0,nan,nan,11616.713405225426,586.7309471661983,1,
11,10000.0,300.0,1.0,BASELINE,none,1000000000.0,0,1421.6029484383762,40871252.681850374,1.3408289073373452,1.6195412449454216,0.52210546047108,1.6195412449454216,0.017724072587216252,0,0,0,nan,nan,11616.713405225426,586.7309471661983,1,
12,10000.0,300.0,1.0,BASELINE,none,1000000000.0,0,1421.6029484383762,40871252.681850374,1.3408289073373452,1.6195412449454216,0.52210546047108,1.6195412449454216,0.017724072587216252,0,0,0,nan,nan,11616.713405225426,586.7309471661983,1,
13,10000.0,300.0,1.0,BASELINE,none,1000000000.0,0,1421.6029484383762,40871252.681850374,1.3408289073373452,1.6195412449454216,0.52210546047108,1.6195412449454216,0.017724072587216252,0,0,0,nan,nan,11616.713405225426,586.7309471661983,1,
14,10000.0,300.0,1.0,BASELINE,none,1000000000.0,0,1421.6029484383762,40871252.681850374,1.3408289073373452,1.6195412449454216,0.52210546047108,1.6195412449454216,0.017724072587216252,0,0,0,nan,nan,11616.713405225426,586.7309471661983,1,
15,10000.0,300.0,1.0,BASELINE,none,1000000000.0,0,1421.6029484383762,40871252.681850374,1.3408289073373452,1.6195412449454216,0.52210546047108,1.6195412449454216,0.017724072587216252,0,0,0,nan,nan,11616.713405225426,586.7309471661983,1,
16,10000.0,300.0,1.0,BASELINE,none,1000000000.0,0,1421.6029484383762,40871252.681850374,1.3408289073373452,1.6195412449454216,0.52210546047108,1.6195412449454216,0.017724072587216252,0,0,0,nan,nan,11616.713405225426,586.7309471661983,1,
17,10000.0,300.0,1.0,BASELINE,none,1000000000.0,0,1421.6029484383762,40871252.681850374,1.3408289073373452,1.6195412449454216,0.52210546047108,1.6195412449454216,0.017724072587216252,0,0,0,nan,nan,11616.713405225426,586.7309471661983,1,
18,10000.0,300.0,1.0,BASELINE,none,1000000000.0,0,1421.6029484383762,40871252.681850374,1.3408289073373452,1.6195412449454216,0.52210546047108,1.6195412449454216,0.017724072587216252,0,0,0,nan,nan,11616.713405225426,586.7309471661983,1,
19,10000.0,300.0,1.0,BASELINE,none,1000000000.0,0,1421.6029484383762,40871252.681850374,1.3408289073373452,1.6195412449454216,0.52210546047108,1.6195412449454216,0.017724072587216252,0,0,0,nan,nan,11616.713405225426,586.7309471661983,1,
0,10000.0,300.0,1.0,CLASSICAL_KAPPA,oracle,1000000000.0,0,1421.6029484383762,40871252.681850374,1.3408289073373452,1.6195412449454216,0.52210546047108,1.6195412449454216,0.017724072587216252,0,0,0,nan,nan,11616.713405225426,586.7309471661983,1,
1,10000.0,300.0,1.0,CLASSICAL_KAPPA,oracle,1000000000.0,0,1421.6029484383762,40871252.681850374,1.3408289073373452,1.6195412449454216,0.52210546047108,1.6195412449454216,0.017724072587216252,0,0,0,nan,nan,11616.713405225426,586.7309471661983,1,
2,10000.0,300.0,1.0,CLASSICAL_KAPPA,oracle,1000000000.0,0,1421.6029484383762,40871252.681850374,1.3408289073373452,1.6195412449454216,0.52210546047108,1.6195412449454216,0.017724072587216252,0,0,0,nan,nan,11616.713405225426,586.7309471661983,1,
3,10000.0,300.0,1.0,CLASSICAL_KAPPA,oracle,1000000000.0,0,1421.6029484383762,40871252.681850374,1.3408289073373452,1.6195412449454216,0.52210546047108,1.6195412449454216,0.017724072587216252,0,0,0,nan,nan,11616.713405225426,586.7309471661983,1,
4,10000.0,300.0,1.0,CLASSICAL_KAPPA,oracle,1000000000.0,0,1421.6029484383762,40871252.681850374,1.3408289073373452,1.6195412449454216,0.52210546047108,1.6195412449454216,0.017724072587216252,0,0,0,nan,nan,11616.713405225426,586.7309471661983,1,
5,10000.0,300.0,1.0,CLASSICAL_KAPPA,oracle,1000000000.0,0,1421.6029484383762,40871252.681850374,1.3408289073373452,1.6195412449454216,0.52210546047108,1.6195412449454216,0.017724072587216252,0,0,0,nan,nan,11616.713405225426,586.7309471661983,1,
6,10000.0,300.0,1.0,CLASSICAL_KAPPA,oracle,1000000000.0,0,1421.6029484383762,40871252.681850374,1.3408289073373452,1.6195412449454216,0.52210546047108,1.6195412449454216,0.017724072587216252,0,0,0,nan,nan,11616.713405225426,586.7309471661983,1,
7,10000.0,300.0,1.0,CLASSICAL_KAPPA,oracle,1000000000.0,0,1421.6029484383762,40871252.681850374,1.3408289073373452,1.6195412449454216,0.52210546047108,1.6195412449454216,0.017724072587216252,0,0,0,nan,nan,11616.713405225426,586.7309471661983,1,
8,10000.0,300.0,1.0,CLASSICAL_KAPPA,oracle,1000000000.0,0,1421.6029484383762,40871252.681850374,1.3408289073373452,1.6195412449454216,0.52210546047108,1.6195412449454216,0.017724072587216252,0,0,0,nan,nan,11616.713405225426,586.7309471661983,1,
9,10000.0,300.0,1.0,CLASSICAL_KAPPA,oracle,1000000000.0,0,1421.6029484383762,40871252.681850374,1.3408289073373452,1.6195412449454216,0.52210546047108,1.6195412449454216,0.017724072587216252,0,0,0,nan,nan,11616.713405225426,586.7309471661983,1,
10,10000.0,300.0,1.0,CLASSICAL_KAPPA,oracle,1000000000.0,0,1421.6029484383762,40871252.681850374,1.3408289073373452,1.6195412449454216,0.52210546047108,1.6195412449454216,0.017724072587216252,0,0,0,nan,nan,11616.713405225426,586.7309471661983,1,
11,10000.0,300.0,1.0,CLASSICAL_KAPPA,oracle,1000000000.0,0,1421.6029484383762,40871252.681850374,1.3408289073373452,1.6195412449454216,0.52210546047108,1.6195412449454216,0.017724072587216252,0,0,0,nan,nan,11616.713405225426,586.7309471661983,1,
12,10000.0,300.0,1.0,CLASSICAL_KAPPA,oracle,1000000000.0,0,1421.6029484383762,40871252.681850374,1.3408289073373452,1.6195412449454216,0.52210546047108,1.6195412449454216,0.017724072587216252,0,0,0,nan,nan,11616.713405225426,586.7309471661983,1,
13,10000.0,300.0,1.0,CLASSICAL_KAPPA,oracle,1000000000.0,0,1421.6029484383762,40871252.681850374,1.3408289073373452,1.6195412449454216,0.52210546047108,1.6195412449454216,0.017724072587216252,0,0,0,nan,nan,11616.713405225426,586.7309471661983,1,
14,10000.0,300.0,1.0,CLASSICAL_KAPPA,oracle,1000000000.0,0,1421.6029484383762,40871252.681850374,1.3408289073373452,1.6195412449454216,0.52210546047108,1.6195412449454216,0.017724072587216252,0,0,0,nan,nan,11616.713405225426,586.7309471661983,1,
15,10000.0,300.0,1.0,CLASSICAL_KAPPA,oracle,1000000000.0,0,1421.6029484383762,40871252.681850374,1.3408289073373452,1.6195412449454216,0.52210546047108,1.6195412449454216,0.017724072587216252,0,0,0,nan,nan,11616.713405225426,586.7309471661983,1,
16,10000.0,300.0,1.0,CLASSICAL_KAPPA,oracle,1000000000.0,0,1421.6029484383762,40871252.681850374,1.3408289073373452,1.6195412449454216,0.52210546047108,1.6195412449454216,0.017724072587216252,0,0,0,nan,nan,11616.713405225426,586.7309471661983,1,
17,10000.0,300.0,1.0,CLASSICAL_KAPPA,oracle,1000000000.0,0,1421.6029484383762,40871252.681850374,1.3408289073373452,1.6195412449454216,0.52210546047108,1.6195412449454216,0.017724072587216252,0,0,0,nan,nan,11616.713405225426,586.7309471661983,1,
18,10000.0,300.0,1.0,CLASSICAL_KAPPA,oracle,1000000000.0,0,1421.6029484383762,40871252.681850374,1.3408289073373452,1.6195412449454216,0.52210546047108,1.6195412449454216,0.017724072587216252,0,0,0,nan,nan,11616.713405225426,586.7309471661983,1,
19,10000.0,300.0,1.0,CLASSICAL_KAPPA,oracle,1000000000.0,0,1421.6029484383762,40871252.681850374,1.3408289073373452,1.6195412449454216,0.52210546047108,1.6195412449454216,0.017724072587216252,0,0,0,nan,nan,11616.713405225426,586.7309471661983,1,
0,10000.0,300.0,1.0,TECS_MRAC,none,1000000000.0,0,1441.090834211558,44632691.69172327,3.891747289974233,2.7732172016619634,0.46862730836018784,2.7732172016619634,0.018441147985265294,0,0,0,nan,nan,11636.201290998608,586.7364537515691,1,
1,10000.0,300.0,1.0,TECS_MRAC,none,1000000000.0,0,1441.090834211558,44632691.69172327,3.891747289974233,2.7732172016619634,0.46862730836018784,2.7732172016619634,0.018441147985265294,0,0,0,nan,nan,11636.201290998608,586.7364537515691,1,
2,10000.0,300.0,1.0,TECS_MRAC,none,1000000000.0,0,1441.090834211558,44632691.69172327,3.891747289974233,2.7732172016619634,0.46862730836018784,2.7732172016619634,0.018441147985265294,0,0,0,nan,nan,11636.201290998608,586.7364537515691,1,
3,10000.0,300.0,1.0,TECS_MRAC,none,1000000000.0,0,1441.090834211558,44632691.69172327,3.891747289974233,2.7732172016619634,0.46862730836018784,2.7732172016619634,0.018441147985265294,0,0,0,nan,nan,11636.201290998608,586.7364537515691,1,
4,10000.0,300.0,1.0,TECS_MRAC,none,1000000000.0,0,1441.090834211558,44632691.69172327,3.891747289974233,2.7732172016619634,0.46862730836018784,2.7732172016619634,0.018441147985265294,0,0,0,nan,nan,11636.201290998608,586.7364537515691,1,
5,10000.0,300.0,1.0,TECS_MRAC,none,1000000000.0,0,1441.090834211558,44632691.69172327,3.891747289974233,2.7732172016619634,0.46862730836018784,2.7732172016619634,0.018441147985265294,0,0,0,nan,nan,11636.201290998608,586.7364537515691,1,
6,10000.0,300.0,1.0,TECS_MRAC,none,1000000000.0,0,1441.090834211558,44632691.69172327,3.891747289974233,2.7732172016619634,0.46862730836018784,2.7732172016619634,0.018441147985265294,0,0,0,nan,nan,11636.201290998608,586.7364537515691,1,
7,10000.0,300.0,1.0,TECS_MRAC,none,1000000000.0,0,1441.090834211558,44632691.69172327,3.891747289974233,2.7732172016619634,0.46862730836018784,2.7732172016619634,0.018441147985265294,0,0,0,nan,nan,11636.201290998608,586.7364537515691,1,
8,10000.0,300.0,1.0,TECS_MRAC,none,1000000000.0,0,1441.090834211558,44632691.69172327,3.891747289974233,2.7732172016619634,0.46862730836018784,2.7732172016619634,0.018441147985265294,0,0,0,nan,nan,11636.201290998608,586.7364537515691,1,
9,10000.0,300.0,1.0,TECS_MRAC,none,1000000000.0,0,1441.090834211558,44632691.69172327,3.891747289974233,2.7732172016619634,0.46862730836018784,2.7732172016619634,0.018441147985265294,0,0,0,nan,nan,11636.201290998608,586.7364537515691,1,
10,10000.0,300.0,1.0,TECS_MRAC,none,1000000000.0,0,1441.090834211558,44632691.69172327,3.891747289974233,2.7732172016619634,0.46862730836018784,2.7732172016619634,0.018441147985265294,0,0,0,nan,nan,11636.201290998608,586.7364537515691,1,
11,10000.0,300.0,1.0,TECS_MRAC,none,1000000000.0,0,1441.090834211558,44632691.69172327,3.891747289974233,2.7732172016619634,0.46862730836018784,2.7732172016619634,0.018441147985265294,0,0,0,nan,nan,11636.201290998608,586.7364537515691,1,
12,10000.0,300.0,1.0,TECS_MRAC,none,1000000000.0,0,1441.090834211558,44632691.69172327,3.891747289974233,2.7732172016619634,0.46862730836018784,2.7732172016619634,0.018441147985265294,0,0,0,nan,nan,11636.201290998608,586.7364537515691,1,
13,10000.0,300.0,1.0,TECS_MRAC,none,1000000000.0,0,1441.090834211558,44632691.69172327,3.891747289974233,2.7732172016619634,0.46862730836018784,2.7732172016619634,0.018441147985265294,0,0,0,nan,nan,11636.201290998608,586.7364537515691,1,
14,10000.0,300.0,1.0,TECS_MRAC,none,1000000000.0,0,1441.090834211558,44632691.69172327,3.891747289974233,2.7732172016619634,0.46862730836018784,2.7732172016619634,0.018441147985265294,0,0,0,nan,nan,11636.201290998608,586.7364537515691,1,
15,10000.0,300.0,1.0,TECS_MRAC,none,1000000000.0,0,1441.090834211558,44632691.69172327,3.891747289974233,2.7732172016619634,0.46862730836018784,2.7732172016619634,0.018441147985265294,0,0,0,nan,nan,11636.201290998608,586.7364537515691,1,
16,10000.0,300.0,1.0,TECS_MRAC,none,1000000000.0,0,1441.090834211558,44632691.69172327,3.891747289974233,2.7732172016619634,0.46862730836018784,2.7732172016619634,0.018441147985265294,0,0,0,nan,nan,11636.201290998608,586.7364537515691,1,
17,10000.0,300.0,1.0,TECS_MRAC,none,1000000000.0,0,1441.090834211558,44632691.69172327,3.891747289974233,2.7732172016619634,0.46862730836018784,2.7732172016619634,0.018441147985265294,0,0,0,nan,nan,11636.201290998608,586.7364537515691,1,
18,10000.0,300.0,1.0,TECS_MRAC,none,1000000000.0,0,1441.090834211558,44632691.69172327,3.891747289974233,2.7732172016619634,0.46862730836018784,2.7732172016619634,0.018441147985265294,0,0,0,nan,nan,11636.201290998608,586.7364537515691,1,
19,10000.0,300.0,1.0,TECS_MRAC,none,1000000000.0,0,1441.090834211558,44632691.69172327,3.891747289974233,2.7732172016619634,0.46862730836018784,2.7732172016619634,0.018441147985265294,0,0,0,nan,nan,11636.201290998608,586.7364537515691,1,
0,10000.0,300.0,1.0,HYBRID,oracle,1000000000.0,0,1441.090834211558,44632691.69172327,3.891747289974233,2.7732172016619634,0.46862730836018784,2.7732172016619634,0.018441147985265294,0,0,0,nan,nan,11636.201290998608,586.7364537515691,1,
1,10000.0,300.0,1.0,HYBRID,oracle,1000000000.0,0,1441.090834211558,44632691.69172327,3.891747289974233,2.7732172016619634,0.46862730836018784,2.7732172016619634,0.018441147985265294,0,0,0,nan,nan,11636.201290998608,586.7364537515691,1,
2,10000.0,300.0,1.0,HYBRID,oracle,1000000000.0,0,1441.090834211558,44632691.69172327,3.891747289974233,2.7732172016619634,0.46862730836018784,2.7732172016619634,0.018441147985265294,0,0,0,nan,nan,11636.201290998608,586.7364537515691,1,
3,10000.0,300.0,1.0,HYBRID,oracle,1000000000.0,0,1441.090834211558,44632691.69172327,3.891747289974233,2.7732172016619634,0.46862730836018784,2.7732172016619634,0.018441147985265294,0,0,0,nan,nan,11636.201290998608,586.7364537515691,1,
4,10000.0,300.0,1.0,HYBRID,oracle,1000000000.0,0,1441.090834211558,44632691.69172327,3.891747289974233,2.7732172016619634,0.46862730836018784,2.7732172016619634,0.018441147985265294,0,0,0,nan,nan,11636.201290998608,586.7364537515691,1,
5,10000.0,300.0,1.0,HYBRID,oracle,1000000000.0,0,1441.090834211558,44632691.69172327,3.891747289974233,2.7732172016619634,0.46862730836018784,2.7732172016619634,0.018441147985265294,0,0,0,nan,nan,11636.201290998608,586.7364537515691,1,
6,10000.0,300.0,1.0,HYBRID,oracle,1000000000.0,0,1441.090834211558,44632691.69172327,3.891747289974233,2.7732172016619634,0.46862730836018784,2.7732172016619634,0.018441147985265294,0,0,0,nan,nan,11636.201290998608,586.7364537515691,1,
7,10000.0,300.0,1.0,HYBRID,oracle,1000000000.0,0,1441.090834211558,44632691.69172327,3.891747289974233,2.7732172016619634,0.46862730836018784,2.7732172016619634,0.018441147985265294,0,0,0,nan,nan,11636.201290998608,586.7364537515691,1,
8,10000.0,300.0,1.0,HYBRID,oracle,1000000000.0,0,1441.090834211558,44632691.69172327,3.891747289974233,2.7732172016619634,0.46862730836018784,2.7732172016619634,0.018441147985265294,0,0,0,nan,nan,11636.201290998608,586.7364537515691,1,
9,10000.0,300.0,1.0,HYBRID,oracle,1000000000.0,0,1441.090834211558,44632691.69172327,3.891747289974233,2.7732172016619634,0.46862730836018784,2.7732172016619634,0.018441147985265294,0,0,0,nan,nan,11636.201290998608,586.7364537515691,1,
10,10000.0,300.0,1.0,HYBRID,oracle,1000000000.0,0,1441.090834211558,44632691.69172327,3.891747289974233,2.7732172016619634,0.46862730836018784,2.7732172016619634,0.018441147985265294,0,0,0,nan,nan,11636.201290998608,586.7364537515691,1,
11,10000.0,300.0,1.0,HYBRID,oracle,1000000000.0,0,1441.090834211558,44632691.69172327,3.891747289974233,2.7732172016619634,0.46862730836018784,2.7732172016619634,0.018441147985265294,0,0,0,nan,nan,11636.201290998608,586.7364537515691,1,
12,10000.0,300.0,1.0,HYBRID,oracle,1000000000.0,0,1441.090834211558,44632691.69172327,3.891747289974233,2.7732172016619634,0.46862730836018784,2.7732172016619634,0.018441147985265294,0,0,0,nan,nan,11636.201290998608,586.7364537515691,1,
13,10000.0,300.0,1.0,HYBRID,oracle,1000000000.0,0,1441.090834211558,44632691.69172327,3.891747289974233,2.7732172016619634,0.46862730836018784,2.7732172016619634,0.018441147985265294,0,0,0,nan,nan,11636.201290998608,586.7364537515691,1,
14,10000.0,300.0,1.0,HYBRID,oracle,1000000000.0,0,1441.090834211558,44632691.69172327,3.891747289974233,2.7732172016619634,0.46862730836018784,2.7732172016619634,0.018441147985265294,0,0,0,nan,nan,11636.201290998608,586.7364537515691,1,
15,10000.0,300.0,1.0,HYBRID,oracle,1000000000.0,0,1441.090834211558,44632691.69172327,3.891747289974233,2.7732172016619634,0.46862730836018784,2.7732172016619634,0.018441147985265294,0,0,0,nan,nan,11636.201290998608,586.7364537515691,1,
16,10000.0,300.0,1.0,HYBRID,oracle,1000000000.0,0,1441.090834211558,44632691.69172327,3.891747289974233,2.7732172016619634,0.46862730836018784,2.7732172016619634,0.018441147985265294,0,0,0,nan,nan,11636.201290998608,586.7364537515691,1,
17,10000.0,300.0,1.0,HYBRID,oracle,1000000000.0,0,1441.090834211558,44632691.69172327,3.891747289974233,2.7732172016619634,0.46862730836018784,2.7732172016619634,0.018441147985265294,0,0,0,nan,nan,11636.201290998608,586.7364537515691,1,
18,10000.0,300.0,1.0,HYBRID,oracle,1000000000.0,0,1441.090834211558,44632691.69172327,3.891747289974233,2.7732172016619634,0.46862730836018784,2.7732172016619634,0.018441147985265294,0,0,0,nan,nan,11636.201290998608,586.7364537515691,1,
19,10000.0,300.0,1.0,HYBRID,oracle,1000000000.0,0,1441.090834211558,44632691.69172327,3.891747289974233,2.7732172016619634,0.46862730836018784,2.7732172016619634,0.018441147985265294,0,0,0,nan,nan,11636.201290998608,586.7364537515691,1,
0,10000.0,300.0,1.0,FULL_STACK,oracle,1000000000.0,0,1441.090834211558,44632691.69172327,3.891747289974233,2.7732172016619634,0.46862730836018784,2.7732172016619634,0.018441147985265294,0,0,0,nan,nan,11636.201290998608,586.7364537515691,1,
1,10000.0,300.0,1.0,FULL_STACK,oracle,1000000000.0,0,1441.090834211558,44632691.69172327,3.891747289974233,2.7732172016619634,0.46862730836018784,2.7732172016619634,0.018441147985265294,0,0,0,nan,nan,11636.201290998608,586.7364537515691,1,
2,10000.0,300.0,1.0,FULL_STACK,oracle,1000000000.0,0,1441.090834211558,44632691.69172327,3.891747289974233,2.7732172016619634,0.46862730836018784,2.7732172016619634,0.018441147985265294,0,0,0,nan,nan,11636.201290998608,586.7364537515691,1,
3,10000.0,300.0,1.0,FULL_STACK,oracle,1000000000.0,0,1441.090834211558,44632691.69172327,3.891747289974233,2.7732172016619634,0.46862730836018784,2.7732172016619634,0.018441147985265294,0,0,0,nan,nan,11636.201290998608,586.7364537515691,1,
4,10000.0,300.0,1.0,FULL_STACK,oracle,1000000000.0,0,1441.090834211558,44632691.69172327,3.891747289974233,2.7732172016619634,0.46862730836018784,2.7732172016619634,0.018441147985265294,0,0,0,nan,nan,11636.201290998608,586.7364537515691,1,
5,10000.0,300.0,1.0,FULL_STACK,oracle,1000000000.0,0,1441.090834211558,44632691.69172327,3.891747289974233,2.7732172016619634,0.46862730836018784,2.7732172016619634,0.018441147985265294,0,0,0,nan,nan,11636.201290998608,586.7364537515691,1,
6,10000.0,300.0,1.0,FULL_STACK,oracle,1000000000.0,0,1441.090834211558,44632691.69172327,3.891747289974233,2.7732172016619634,0.46862730836018784,2.7732172016619634,0.018441147985265294,0,0,0,nan,nan,11636.201290998608,586.7364537515691,1,
7,10000.0,300.0,1.0,FULL_STACK,oracle,1000000000.0,0,1441.090834211558,44632691.69172327,3.891747289974233,2.7732172016619634,0.46862730836018784,2.7732172016619634,0.018441147985265294,0,0,0,nan,nan,11636.201290998608,586.7364537515691,1,
8,10000.0,300.0,1.0,FULL_STACK,oracle,1000000000.0,0,1441.090834211558,44632691.69172327,3.891747289974233,2.7732172016619634,0.46862730836018784,2.7732172016619634,0.018441147985265294,0,0,0,nan,nan,11636.201290998608,586.7364537515691,1,
9,10000.0,300.0,1.0,FULL_STACK,oracle,1000000000.0,0,1441.090834211558,44632691.69172327,3.891747289974233,2.7732172016619634,0.46862730836018784,2.7732172016619634,0.018441147985265294,0,0,0,nan,nan,11636.201290998608,586.7364537515691,1,
10,10000.0,300.0,1.0,FULL_STACK,oracle,1000000000.0,0,1441.090834211558,44632691.69172327,3.891747289974233,2.7732172016619634,0.46862730836018784,2.7732172016619634,0.018441147985265294,0,0,0,nan,nan,11636.201290998608,586.7364537515691,1,
11,10000.0,300.0,1.0,FULL_STACK,oracle,1000000000.0,0,1441.090834211558,44632691.69172327,3.891747289974233,2.7732172016619634,0.46862730836018784,2.7732172016619634,0.018441147985265294,0,0,0,nan,nan,11636.201290998608,586.7364537515691,1,
12,10000.0,300.0,1.0,FULL_STACK,oracle,1000000000.0,0,1441.090834211558,44632691.69172327,3.891747289974233,2.7732172016619634,0.46862730836018784,2.7732172016619634,0.018441147985265294,0,0,0,nan,nan,11636.201290998608,586.7364537515691,1,
13,10000.0,300.0,1.0,FULL_STACK,oracle,1000000000.0,0,1441.090834211558,44632691.69172327,3.891747289974233,2.7732172016619634,0.46862730836018784,2.7732172016619634,0.018441147985265294,0,0,0,nan,nan,11636.201290998608,586.7364537515691,1,
14,10000.0,300.0,1.0,FULL_STACK,oracle,1000000000.0,0,1441.090834211558,44632691.69172327,3.891747289974233,2.7732172016619634,0.46862730836018784,2.7732172016619634,0.018441147985265294,0,0,0,nan,nan,11636.201290998608,586.7364537515691,1,
15,10000.0,300.0,1.0,FULL_STACK,oracle,1000000000.0,0,1441.090834211558,44632691.69172327,3.891747289974233,2.7732172016619634,0.46862730836018784,2.7732172016619634,0.018441147985265294,0,0,0,nan,nan,11636.201290998608,586.7364537515691,1,
16,10000.0,300.0,1.0,FULL_STACK,oracle,1000000000.0,0,1441.090834211558,44632691.69172327,3.891747289974233,2.7732172016619634,0.46862730836018784,2.7732172016619634,0.018441147985265294,0,0,0,nan,nan,11636.201290998608,586.7364537515691,1,
17,10000.0,300.0,1.0,FULL_STACK,oracle,1000000000.0,0,1441.090834211558,44632691.69172327,3.891747289974233,2.7732172016619634,0.46862730836018784,2.7732172016619634,0.018441147985265294,0,0,0,nan,nan,11636.201290998608,586.7364537515691,1,
18,10000.0,300.0,1.0,FULL_STACK,oracle,1000000000.0,0,1441.090834211558,44632691.69172327,3.891747289974233,2.7732172016619634,0.46862730836018784,2.7732172016619634,0.018441147985265294,0,0,0,nan,nan,11636.201290998608,586.7364537515691,1,
19,10000.0,300.0,1.0,FULL_STACK,oracle,1000000000.0,0,1441.090834211558,44632691.69172327,3.891747289974233,2.7732172016619634,0.46862730836018784,2.7732172016619634,0.018441147985265294,0,0,0,nan,nan,11636.201290998608,586.7364537515691,1,
0,10000.0,300.0,0.8,BASELINE,none,15.0,0,1427.6840929873288,41248343.74029961,1.3408289073373452,1.6195412449454216,0.5210623120304486,1.6195412449454216,0.02491359587030915,0,0,0,nan,0.20000000000002008,11622.794549774379,586.6653276854373,1,
1,10000.0,300.0,0.8,BASELINE,none,15.0,0,1427.6840929873288,41248343.74029961,1.3408289073373452,1.6195412449454216,0.5210623120304486,1.6195412449454216,0.02491359587030915,0,0,0,nan,0.20000000000002008,11622.794549774379,586.6653276854373,1,
2,10000.0,300.0,0.8,BASELINE,none,15.0,0,1427.6840929873288,41248343.74029961,1.3408289073373452,1.6195412449454216,0.5210623120304486,1.6195412449454216,0.02491359587030915,0,0,0,nan,0.20000000000002008,11622.794549774379,586.6653276854373,1,
3,10000.0,300.0,0.8,BASELINE,none,15.0,0,1427.6840929873288,41248343.74029961,1.3408289073373452,1.6195412449454216,0.5210623120304486,1.6195412449454216,0.02491359587030915,0,0,0,nan,0.20000000000002008,11622.794549774379,586.6653276854373,1,
4,10000.0,300.0,0.8,BASELINE,none,15.0,0,1427.6840929873288,41248343.74029961,1.3408289073373452,1.6195412449454216,0.5210623120304486,1.6195412449454216,0.02491359587030915,0,0,0,nan,0.20000000000002008,11622.794549774379,586.6653276854373,1,
5,10000.0,300.0,0.8,BASELINE,none,15.0,0,1427.6840929873288,41248343.74029961,1.3408289073373452,1.6195412449454216,0.5210623120304486,1.6195412449454216,0.02491359587030915,0,0,0,nan,0.20000000000002008,11622.794549774379,586.6653276854373,1,
6,10000.0,300.0,0.8,BASELINE,none,15.0,0,1427.6840929873288,41248343.74029961,1.3408289073373452,1.6195412449454216,0.5210623120304486,1.6195412449454216,0.02491359587030915,0,0,0,nan,0.20000000000002008,11622.794549774379,586.6653276854373,1,
7,10000.0,300.0,0.8,BASELINE,none,15.0,0,1427.6840929873288,41248343.74029961,1.3408289073373452,1.6195412449454216,0.5210623120304486,1.6195412449454216,0.02491359587030915,0,0,0,nan,0.20000000000002008,11622.794549774379,586.6653276854373,1,
8,10000.0,300.0,0.8,BASELINE,none,15.0,0,1427.6840929873288,41248343.74029961,1.3408289073373452,1.6195412449454216,0.5210623120304486,1.6195412449454216,0.02491359587030915,0,0,0,nan,0.20000000000002008,11622.794549774379,586.6653276854373,1,
9,10000.0,300.0,0.8,BASELINE,none,15.0,0,1427.6840929873288,41248343.74029961,1.3408289073373452,1.6195412449454216,0.5210623120304486,1.6195412449454216,0.02491359587030915,0,0,0,nan,0.20000000000002008,11622.794549774379,586.6653276854373,1,
10,10000.0,300.0,0.8,BASELINE,none,15.0,0,1427.6840929873288,41248343.74029961,1.3408289073373452,1.6195412449454216,0.5210623120304486,1.6195412449454216,0.02491359587030915,0,0,0,nan,0.20000000000002008,11622.794549774379,586.6653276854373,1,
11,10000.0,300.0,0.8,BASELINE,none,15.0,0,1427.6840929873288,41248343.74029961,1.3408289073373452,1.6195412449454216,0.5210623120304486,1.6195412449454216,0.02491359587030915,0,0,0,nan,0.20000000000002008,11622.794549774379,586.6653276854373,1,
12,10000.0,300.0,0.8,BASELINE,none,15.0,0,1427.6840929873288,41248343.74029961,1.3408289073373452,1.6195412449454216,0.5210623120304486,1.6195412449454216,0.02491359587030915,0,0,0,nan,0.20000000000002008,11622.794549774379,586.6653276854373,1,
13,10000.0,300.0,0.8,BASELINE,none,15.0,0,1427.6840929873288,41248343.74029961,1.3408289073373452,1.6195412449454216,0.5210623120304486,1.6195412449454216,0.02491359587030915,0,0,0,nan,0.20000000000002008,11622.794549774379,586.6653276854373,1,
14,10000.0,300.0,0.8,BASELINE,none,15.0,0,1427.6840929873288,41248343.74029961,1.3408289073373452,1.6195412449454216,0.5210623120304486,1.6195412449454216,0.02491359587030915,0,0,0,nan,0.20000000000002008,11622.794549774379,586.6653276854373,1,
15,10000.0,300.0,0.8,BASELINE,none,15.0,0,1427.6840929873288,41248343.74029961,1.3408289073373452,1.6195412449454216,0.5210623120304486,1.6195412449454216,0.02491359587030915,0,0,0,nan,0.20000000000002008,11622.794549774379,586.6653276854373,1,
16,10000.0,300.0,0.8,BASELINE,none,15.0,0,1427.6840929873288,41248343.74029961,1.3408289073373452,1.6195412449454216,0.5210623120304486,1.6195412449454216,0.02491359587030915,0,0,0,nan,0.20000000000002008,11622.794549774379,586.6653276854373,1,
17,10000.0,300.0,0.8,BASELINE,none,15.0,0,1427.6840929873288,41248343.74029961,1.3408289073373452,1.6195412449454216,0.5210623120304486,1.6195412449454216,0.02491359587030915,0,0,0,nan,0.20000000000002008,11622.794549774379,586.6653276854373,1,
18,10000.0,300.0,0.8,BASELINE,none,15.0,0,1427.6840929873288,41248343.74029961,1.3408289073373452,1.6195412449454216,0.5210623120304486,1.6195412449454216,0.02491359587030915,0,0,0,nan,0.20000000000002008,11622.794549774379,586.6653276854373,1,
19,10000.0,300.0,0.8,BASELINE,none,15.0,0,1427.6840929873288,41248343.74029961,1.3408289073373452,1.6195412449454216,0.5210623120304486,1.6195412449454216,0.02491359587030915,0,0,0,nan,0.20000000000002008,11622.794549774379,586.6653276854373,1,
0,10000.0,300.0,0.8,CLASSICAL_KAPPA,oracle,15.0,0,1421.6046044267714,40868817.42127333,1.3408289073373452,1.6195412449454216,0.5223485112978107,1.6195412449454216,0.02492128357496205,0,0,0,0.5166666666657882,0.011088114930509768,11616.715061213821,586.7307400987003,1,
1,10000.0,300.0,0.8,CLASSICAL_KAPPA,oracle,15.0,0,1421.6014214493334,40868785.84410432,1.3408289073373452,1.6195412449454216,0.5230679765372191,1.6195412449454216,0.024920304067934104,0,0,0,0.5333333333324539,0.01104663365023696,11616.711878236383,586.7308317432299,1,
2,10000.0,300.0,0.8,CLASSICAL_KAPPA,oracle,15.0,0,1421.580040242523,40868033.083625175,1.3408289073373452,1.6195412449454216,0.5221137754516002,1.6195412449454216,0.0249191381732719,0,0,0,0.5499999999991196,0.011073541013651553,11616.690497029573,586.7311776096876,1,
3,10000.0,300.0,0.8,CLASSICAL_KAPPA,oracle,15.0,0,1421.5707489028573,40867977.648196444,1.3408289073373452,1.6195412449454216,0.5213157379746653,1.6195412449454216,0.024919483551413633,0,0,0,0.48333333333245676,0.011088381026682066,11616.681205689907,586.7310529648544,1,
4,10000.0,300.0,0.8,CLASSICAL_KAPPA,oracle,15.0,0,1421.5709169656038,40868060.185510494,1.3408289073373452,1.6195412449454216,0.5216875192596927,1.6195412449454216,0.024920582664208404,0,0,0,0.5583333333324525,0.011009479298288195,11616.681373752654,586.7313824628621,1,
5,10000.0,300.0,0.8,CLASSICAL_KAPPA,oracle,15.0,0,1421.5952055938542,40869838.54165782,1.3408289073373452,1.6195412449454216,0.5217855350161409,1.6195412449454216,0.024920386381957278,0,0,0,0.5833333333324511,0.011052622594422105,11616.705662380904,586.7309384938552,1,
6,10000.0,300.0,0.8,CLASSICAL_KAPPA,oracle,15.0,0,1421.550784457475,40867882.36392691,1.3408289073373452,1.6195412449454216,0.5230439801924737,1.6195412449454216,0.024918133524707925,0,0,0,0.5416666666657868,0.010995336931298021,11616.661241244525,586.7319109783597,1,
7,10000.0,300.0,0.8,CLASSICAL_KAPPA,oracle,15.0,0,1421.6169315576553,40870021.822753355,1.3408289073373452,1.6195412449454216,0.5221039451499916,1.6195412449454216,0.0249210698830316,0,0,0,0.5333333333324539,0.01096209568083975,11616.727388344705,586.7305641794628,1,
8,10000.0,300.0,0.8,CLASSICAL_KAPPA,oracle,15.0,0,1421.5991187691689,40869317.94925316,1.3408289073373452,1.6195412449454216,0.5218527856311396,1.6195412449454216,0.02492068821941791,0,0,0,0.5999999999991168,0.011090354643989093,11616.709575556219,586.7307103973149,1,
9,10000.0,300.0,0.8,CLASSICAL_KAPPA,oracle,15.0,0,1421.6109323613346,40869028.88305749,1.3408289073373452,1.6195412449454216,0.5220171640349962,1.6195412449454216,0.02492103646731251,0,0,0,0.5249999999991211,0.011245464579816683,11616.721389148384,586.7306630060641,1,
10,10000.0,300.0,0.8,CLASSICAL_KAPPA,oracle,15.0,0,1421.6112600378692,40870042.57876259,1.3408289073373452,1.6195412449454216,0.5227632959500912,1.6195412449454216,0.024920136237395578,0,0,0,0.46666666666579104,0.010892812354971844,11616.721716824919,586.730617599174,1,
11,10000.0,300.0,0.8,CLASSICAL_KAPPA,oracle,15.0,0,1421.5914600379765,40868778.91785926,1.3408289073373452,1.6195412449454216,0.5219357613117873,1.6195412449454216,0.02491908487416951,0,0,0,0.4916666666657896,0.011026653514560926,11616.701916825026,586.7309635669887,1,
12,10000.0,300.0,0.8,CLASSICAL_KAPPA,oracle,15.0,0,1421.6200334951282,40869787.6727618,1.3408289073373452,1.6195412449454216,0.5229740532668217,1.6195412449454216,0.024920292682060658,0,0,0,0.5333333333324539,0.010989891457304382,11616.730490282178,586.7305411539771,1,
13,10000.0,300.0,0.8,CLASSICAL_KAPPA,oracle,15.0,0,1421.5896614603698,40868446.15124295,1.3408289073373452,1.6195412449454216,0.5235367983066428,1.6195412449454216,0.024919148914375643,0,0,0,0.5666666666657854,0.011098831598410444,11616.70011824742,586.730990513413,1,
14,10000.0,300.0,0.8,CLASSICAL_KAPPA,oracle,15.0,0,1421.5966531820595,40869912.850622185,1.3408289073373452,1.6195412449454216,0.523217178826053,1.6195412449454216,0.02492001274697227,0,0,0,0.5166666666657882,0.011051814425222559,11616.70710996911,586.7311266539034,1,
15,10000.0,300.0,0.8,CLASSICAL_KAPPA,oracle,15.0,0,1421.5720525085926,40867717.13030799,1.3408289073373452,1.6195412449454216,0.5219907153855932,1.6195412449454216,0.024919259700807533,0,0,0,0.5416666666657868,0.011069857843941154,11616.682509295642,586.731260025909,1,
16,10000.0,300.0,0.8,CLASSICAL_KAPPA,oracle,15.0,0,1421.5951623655856,40868258.16148544,1.3408289073373452,1.6195412449454216,0.5227968565560608,1.6195412449454216,0.02492036556728626,0,0,0,0.5416666666657868,0.011066483755552615,11616.705619152635,586.730874764077,1,
17,10000.0,300.0,0.8,CLASSICAL_KAPPA,oracle,15.0,0,1421.5796016603708,40867825.08354991,1.3408289073373452,1.6195412449454216,0.5217820044695708,1.6195412449454216,0.02491927514404186,0,0,0,0.4916666666657896,0.011041562482754104,11616.69005844742,586.7310972119581,1,
18,10000.0,300.0,0.8,CLASSICAL_KAPPA,oracle,15.0,0,1421.6231689415872,40869928.87783385,1.3408289073373452,1.6195412449454216,0.5229579517546078,1.6195412449454216,0.024920699666838263,0,0,0,0.4999999999991225,0.011138122614865404,11616.733625728637,586.7306526978311,1,
19,10000.0,300.0,0.8,CLASSICAL_KAPPA,oracle,15.0,0,1421.5665481202304,40868095.00725449,1.3408289073373452,1.6195412449454216,0.5215327374930818,1.6195412449454216,0.02491946184402175,0,0,0,0.4333333333324596,0.010952901625974487,11616.67700490728,586.7312789131472,1,
0,10000.0,300.0,0.8,TECS_MRAC,none,15.0,0,1446.983358077705,44993218.40707719,3.891747289974233,2.7732172016619634,0.46804130897511337,2.7732172016619634,0.025506180228117556,0,0,0,nan,0.20000000000002008,11642.093814864755,586.670611709494,1,
1,10000.0,300.0,0.8,TECS_MRAC,none,15.0,0,1446.983358077705,44993218.40707719,3.891747289974233,2.7732172016619634,0.46804130897511337,2.7732172016619634,0.025506180228117556,0,0,0,nan,0.20000000000002008,11642.093814864755,586.670611709494,1,
2,10000.0,300.0,0.8,TECS_MRAC,none,15.0,0,1446.983358077705,44993218.40707719,3.891747289974233,2.7732172016619634,0.46804130897511337,2.7732172016619634,0.025506180228117556,0,0,0,nan,0.20000000000002008,11642.093814864755,586.670611709494,1,
3,10000.0,300.0,0.8,TECS_MRAC,none,15.0,0,1446.983358077705,44993218.40707719,3.891747289974233,2.7732172016619634,0.46804130897511337,2.7732172016619634,0.025506180228117556,0,0,0,nan,0.20000000000002008,11642.093814864755,586.670611709494,1,
4,10000.0,300.0,0.8,TECS_MRAC,none,15.0,0,1446.983358077705,44993218.40707719,3.891747289974233,2.7732172016619634,0.46804130897511337,2.7732172016619634,0.025506180228117556,0,0,0,nan,0.20000000000002008,11642.093814864755,586.670611709494,1,
5,10000.0,300.0,0.8,TECS_MRAC,none,15.0,0,1446.983358077705,44993218.40707719,3.891747289974233,2.7732172016619634,0.46804130897511337,2.7732172016619634,0.025506180228117556,0,0,0,nan,0.20000000000002008,11642.093814864755,586.670611709494,1,
6,10000.0,300.0,0.8,TECS_MRAC,none,15.0,0,1446.983358077705,44993218.40707719,3.891747289974233,2.7732172016619634,0.46804130897511337,2.7732172016619634,0.025506180228117556,0,0,0,nan,0.20000000000002008,11642.093814864755,586.670611709494,1,
7,10000.0,300.0,0.8,TECS_MRAC,none,15.0,0,1446.983358077705,44993218.40707719,3.891747289974233,2.7732172016619634,0.46804130897511337,2.7732172016619634,0.025506180228117556,0,0,0,nan,0.20000000000002008,11642.093814864755,586.670611709494,1,
8,10000.0,300.0,0.8,TECS_MRAC,none,15.0,0,1446.983358077705,44993218.40707719,3.891747289974233,2.7732172016619634,0.46804130897511337,2.7732172016619634,0.025506180228117556,0,0,0,nan,0.20000000000002008,11642.093814864755,586.670611709494,1,
9,10000.0,300.0,0.8,TECS_MRAC,none,15.0,0,1446.983358077705,44993218.40707719,3.891747289974233,2.7732172016619634,0.46804130897511337,2.7732172016619634,0.025506180228117556,0,0,0,nan,0.20000000000002008,11642.093814864755,586.670611709494,1,
10,10000.0,300.0,0.8,TECS_MRAC,none,15.0,0,1446.983358077705,44993218.40707719,3.891747289974233,2.7732172016619634,0.46804130897511337,2.7732172016619634,0.025506180228117556,0,0,0,nan,0.20000000000002008,11642.093814864755,586.670611709494,1,
11,10000.0,300.0,0.8,TECS_MRAC,none,15.0,0,1446.983358077705,44993218.40707719,3.891747289974233,2.7732172016619634,0.46804130897511337,2.7732172016619634,0.025506180228117556,0,0,0,nan,0.20000000000002008,11642.093814864755,586.670611709494,1,
12,10000.0,300.0,0.8,TECS_MRAC,none,15.0,0,1446.983358077705,44993218.40707719,3.891747289974233,2.7732172016619634,0.46804130897511337,2.7732172016619634,0.025506180228117556,0,0,0,nan,0.20000000000002008,11642.093814864755,586.670611709494,1,
13,10000.0,300.0,0.8,TECS_MRAC,none,15.0,0,1446.983358077705,44993218.40707719,3.891747289974233,2.7732172016619634,0.46804130897511337,2.7732172016619634,0.025506180228117556,0,0,0,nan,0.20000000000002008,11642.093814864755,586.670611709494,1,
14,10000.0,300.0,0.8,TECS_MRAC,none,15.0,0,1446.983358077705,44993218.40707719,3.891747289974233,2.7732172016619634,0.46804130897511337,2.7732172016619634,0.025506180228117556,0,0,0,nan,0.20000000000002008,11642.093814864755,586.670611709494,1,
15,10000.0,300.0,0.8,TECS_MRAC,none,15.0,0,1446.983358077705,44993218.40707719,3.891747289974233,2.7732172016619634,0.46804130897511337,2.7732172016619634,0.025506180228117556,0,0,0,nan,0.20000000000002008,11642.093814864755,586.670611709494,1,
16,10000.0,300.0,0.8,TECS_MRAC,none,15.0,0,1446.983358077705,44993218.40707719,3.891747289974233,2.7732172016619634,0.46804130897511337,2.7732172016619634,0.025506180228117556,0,0,0,nan,0.20000000000002008,11642.093814864755,586.670611709494,1,
17,10000.0,300.0,0.8,TECS_MRAC,none,15.0,0,1446.983358077705,44993218.40707719,3.891747289974233,2.7732172016619634,0.46804130897511337,2.7732172016619634,0.025506180228117556,0,0,0,nan,0.20000000000002008,11642.093814864755,586.670611709494,1,
18,10000.0,300.0,0.8,TECS_MRAC,none,15.0,0,1446.983358077705,44993218.40707719,3.891747289974233,2.7732172016619634,0.46804130897511337,2.7732172016619634,0.025506180228117556,0,0,0,nan,0.20000000000002008,11642.093814864755,586.670611709494,1,
19,10000.0,300.0,0.8,TECS_MRAC,none,15.0,0,1446.983358077705,44993218.40707719,3.891747289974233,2.7732172016619634,0.46804130897511337,2.7732172016619634,0.025506180228117556,0,0,0,nan,0.20000000000002008,11642.093814864755,586.670611709494,1,
0,10000.0,300.0,0.8,HYBRID,oracle,15.0,0,1441.1441883407533,44632029.66474085,3.891747289974233,2.7732172016619634,0.4689030381043386,2.7732172016619634,0.025516575234762497,0,0,0,0.5166666666657882,0.011088114930509768,11636.254645127803,586.7353590471904,1,
1,10000.0,300.0,0.8,HYBRID,oracle,15.0,0,1441.1018827967346,44631072.6889431,3.891747289974233,2.7732172016619634,0.46959416529864295,2.7732172016619634,0.025514585824228282,0,0,0,0.5333333333324539,0.01104663365023696,11636.212339583784,586.7362280974454,1,
2,10000.0,300.0,0.8,HYBRID,oracle,15.0,0,1441.1288105770946,44632011.47254817,3.891747289974233,2.7732172016619634,0.4685779602713659,2.7732172016619634,0.025515264968014317,0,0,0,0.5499999999991196,0.011073541013651553,11636.239267364144,586.7357189860385,1,
3,10000.0,300.0,0.8,HYBRID,oracle,15.0,0,1441.1180398836732,44632506.221074216,3.891747289974233,2.7732172016619634,0.46774708167177337,2.7732172016619634,0.025515534935281137,0,0,0,0.48333333333245676,0.011088381026682066,11636.228496670723,586.7357729944056,1,
4,10000.0,300.0,0.8,HYBRID,oracle,15.0,0,1441.1266521774232,44632148.84556011,3.891747289974233,2.7732172016619634,0.46813579697465063,2.7732172016619634,0.025516902085684027,0,0,0,0.5583333333324525,0.011009479298288195,11636.237108964473,586.7358323766191,1,
5,10000.0,300.0,0.8,HYBRID,oracle,15.0,0,1441.1212127394974,44632323.51901213,3.891747289974233,2.7732172016619634,0.46845496760270333,2.7732172016619634,0.025515152637498862,0,0,0,0.5833333333324511,0.011052622594422105,11636.231669526547,586.7357876190987,1,
6,10000.0,300.0,0.8,HYBRID,oracle,15.0,0,1441.1199733950198,44632604.32786112,3.891747289974233,2.7732172016619634,0.4694691581177982,2.7732172016619634,0.02551499789025599,0,0,0,0.5416666666657868,0.010995336931298021,11636.23043018207,586.7361971514839,1,
7,10000.0,300.0,0.8,HYBRID,oracle,15.0,0,1441.1010802015662,44631440.36166741,3.891747289974233,2.7732172016619634,0.46853318192788246,2.7732172016619634,0.025514561740131673,0,0,0,0.5333333333324539,0.01096209568083975,11636.211536988616,586.7361879997162,1,
8,10000.0,300.0,0.8,HYBRID,oracle,15.0,0,1441.0963149368763,44631932.78193092,3.891747289974233,2.7732172016619634,0.4683182380672731,2.7732172016619634,0.025514900148816376,0,0,0,0.5999999999991168,0.011090354643989093,11636.206771723926,586.7362153116272,1,
9,10000.0,300.0,0.8,HYBRID,oracle,15.0,0,1441.1214323304594,44632206.571676634,3.891747289974233,2.7732172016619634,0.46846529872269005,2.7732172016619634,0.025516059608497264,0,0,0,0.5249999999991211,0.011245464579816683,11636.23188911751,586.7359569439474,1,
10,10000.0,300.0,0.8,HYBRID,oracle,15.0,0,1441.1381091997027,44632080.26279585,3.891747289974233,2.7732172016619634,0.4692405290128371,2.7732172016619634,0.025515209544113994,0,0,0,0.46666666666579104,0.010892812354971844,11636.248565986753,586.735359550351,1,
11,10000.0,300.0,0.8,HYBRID,oracle,15.0,0,1441.1660662293434,44633853.93139961,3.891747289974233,2.7732172016619634,0.4685315933534592,2.7732172016619634,0.02551637501202519,0,0,0,0.4916666666657896,0.011026653514560926,11636.276523016393,586.7351475088958,1,
12,10000.0,300.0,0.8,HYBRID,oracle,15.0,0,1441.1005180217326,44631152.97392529,3.891747289974233,2.7732172016619634,0.46947034206936333,2.7732172016619634,0.025513758532491413,0,0,0,0.5333333333324539,0.010989891457304382,11636.210974808782,586.7361489194352,1,
13,10000.0,300.0,0.8,HYBRID,oracle,15.0,0,1441.1286514811218,44632912.59726353,3.891747289974233,2.7732172016619634,0.4699526891234046,2.7732172016619634,0.02551533640758888,0,0,0,0.5666666666657854,0.011098831598410444,11636.239108268172,586.7359018668906,1,
14,10000.0,300.0,0.8,HYBRID,oracle,15.0,0,1441.123881522566,44632917.55177648,3.891747289974233,2.7732172016619634,0.46977623014543934,2.7732172016619634,0.025515278758965323,0,0,0,0.5166666666657882,0.011051814425222559,11636.234338309616,586.7360161662846,1,
15,10000.0,300.0,0.8,HYBRID,oracle,15.0,0,1441.1493131145835,44632883.84029905,3.891747289974233,2.7732172016619634,0.46853923556427846,2.7732172016619634,0.02551693936559239,0,0,0,0.5416666666657868,0.011069857843941154,11636.259769901633,586.7354377212799,1,
16,10000.0,300.0,0.8,HYBRID,oracle,15.0,0,1441.1578498519957,44633223.71379328,3.891747289974233,2.7732172016619634,0.46927740906797005,2.7732172016619634,0.0255174065460133,0,0,0,0.5416666666657868,0.011066483755552615,11636.268306639045,586.7353422505321,1,
17,10000.0,300.0,0.8,HYBRID,oracle,15.0,0,1441.1728785410523,44634019.208806545,3.891747289974233,2.7732172016619634,0.46834566586229276,2.7732172016619634,0.02551744171312743,0,0,0,0.4916666666657896,0.011041562482754104,11636.283335328102,586.7350551938474,1,
18,10000.0,300.0,0.8,HYBRID,oracle,15.0,0,1441.1338371820748,44632237.92811886,3.891747289974233,2.7732172016619634,0.4694347331361813,2.7732172016619634,0.025515159111751062,0,0,0,0.4999999999991225,0.011138122614865404,11636.244293969125,586.7358129441417,1,
19,10000.0,300.0,0.8,HYBRID,oracle,15.0,0,1441.1223803646863,44632128.03280176,3.891747289974233,2.7732172016619634,0.46799002857605615,2.7732172016619634,0.025515599639883303,0,0,0,0.4333333333324596,0.010952901625974487,11636.232837151736,586.7357359365714,1,
0,10000.0,300.0,0.8,FULL_STACK,oracle,15.0,0,1444.1345677673817,44883361.93272505,3.891747289974233,2.7732172016619634,0.4677631266137636,2.7732172016619634,0.025521779081415903,5325,0,0,0.5166666666657882,0.011088114930509768,11639.245024554431,586.7088787597518,1,
1,10000.0,300.0,0.8,FULL_STACK,oracle,15.0,0,1444.1491291038692,44884981.883853815,3.891747289974233,2.7732172016619634,0.4680952305167845,2.7732172016619634,0.02552232721714031,5328,0,0,0.5333333333324539,0.01104663365023696,11639.259585890919,586.7088819486623,1,
2,10000.0,300.0,0.8,FULL_STACK,oracle,15.0,0,1444.1546709910035,44885421.56867805,3.891747289974233,2.7732172016619634,0.46754188187528045,2.7732172016619634,0.025522415119029085,5329,0,0,0.5499999999991196,0.011073541013651553,11639.265127778053,586.7088088471754,1,
3,10000.0,300.0,0.8,FULL_STACK,oracle,15.0,0,1444.1333717256784,44884293.35716012,3.891747289974233,2.7732172016619634,0.46717509130753143,2.7732172016619634,0.02552175594273063,5330,0,0,0.48333333333245676,0.011088381026682066,11639.243828512728,586.7089109832334,1,
4,10000.0,300.0,0.8,FULL_STACK,oracle,15.0,0,1444.1244211271405,44883061.27805984,3.891747289974233,2.7732172016619634,0.4672470717898352,2.7732172016619634,0.02552165007974033,5328,0,0,0.5583333333324525,0.011009479298288195,11639.23487791419,586.7091060016938,1,
5,10000.0,300.0,0.8,FULL_STACK,oracle,15.0,0,1444.1328935474157,44884156.85652901,3.891747289974233,2.7732172016619634,0.4673920426160198,2.7732172016619634,0.025521504774969752,5327,0,0,0.5833333333324511,0.011052622594422105,11639.243350334466,586.7089722918736,1,
6,10000.0,300.0,0.8,FULL_STACK,oracle,15.0,0,1444.1560385636985,44884568.70984148,3.891747289974233,2.7732172016619634,0.4681020820836777,2.7732172016619634,0.025521991487425736,5330,0,0,0.5416666666657868,0.010995336931298021,11639.266495350748,586.7087472865236,1,
7,10000.0,300.0,0.8,FULL_STACK,oracle,15.0,0,1444.1247084401548,44883495.034887,3.891747289974233,2.7732172016619634,0.46770313647497624,2.7732172016619634,0.025521187812394857,5328,0,0,0.5333333333324539,0.01096209568083975,11639.235165227205,586.7090389465569,1,
8,10000.0,300.0,0.8,FULL_STACK,oracle,15.0,0,1444.1485716812313,44884256.47722722,3.891747289974233,2.7732172016619634,0.46728974690437125,2.7732172016619634,0.02552178442052947,5321,0,0,0.5999999999991168,0.011090354643989093,11639.259028468281,586.7086319005222,1,
9,10000.0,300.0,0.8,FULL_STACK,oracle,15.0,0,1444.1126811131835,44883208.2934672,3.891747289974233,2.7732172016619634,0.4675258474108043,2.7732172016619634,0.02552080038166659,5328,0,0,0.5249999999991211,0.011245464579816683,11639.223137900233,586.7093671735853,1,
10,10000.0,300.0,0.8,FULL_STACK,oracle,15.0,0,1444.109493613243,44883477.6145565,3.891747289974233,2.7732172016619634,0.4681031719561099,2.7732172016619634,0.02552033686963251,5330,0,0,0.46666666666579104,0.010892812354971844,11639.219950400293,586.7093562067449,1,
11,10000.0,300.0,0.8,FULL_STACK,oracle,15.0,0,1444.1096831150353,44883073.8734755,3.891747289974233,2.7732172016619634,0.4675418133870378,2.7732172016619634,0.025519727763893274,5325,0,0,0.4916666666657896,0.011026653514560926,11639.220139902085,586.7093857058576,1,
12,10000.0,300.0,0.8,FULL_STACK,oracle,15.0,0,1444.157791763544,44885307.66825723,3.891747289974233,2.7732172016619634,0.46802702279151437,2.7732172016619634,0.025522457194916765,5331,0,0,0.5333333333324539,0.010989891457304382,11639.268248550594,586.7086663485373,1,
13,10000.0,300.0,0.8,FULL_STACK,oracle,15.0,0,1444.1212789416313,44883675.78468616,3.891747289974233,2.7732172016619634,0.4683445058947319,2.7732172016619634,0.025520675915007552,5330,0,0,0.5666666666657854,0.011098831598410444,11639.231735728681,586.709260369405,1,
14,10000.0,300.0,0.8,FULL_STACK,oracle,15.0,0,1444.108734663576,44884004.082063176,3.891747289974233,2.7732172016619634,0.4687111810385746,2.7732172016619634,0.02552051239108479,5327,0,0,0.5166666666657882,0.011051814425222559,11639.219191450626,586.7095814231598,1,
15,10000.0,300.0,0.8,FULL_STACK,oracle,15.0,0,1444.1241785399616,44884000.829331696,3.891747289974233,2.7732172016619634,0.4676578018746562,2.7732172016619634,0.025521608134027273,5327,0,0,0.5416666666657868,0.011069857843941154,11639.234635327011,586.7092359819882,1,
16,10000.0,300.0,0.8,FULL_STACK,oracle,15.0,0,1444.1131245046854,44883330.63484677,3.891747289974233,2.7732172016619634,0.4680305921127919,2.7732172016619634,0.025521084053396724,5325,0,0,0.5416666666657868,0.011066483755552615,11639.223581291735,586.7093967848323,1,
17,10000.0,300.0,0.8,FULL_STACK,oracle,15.0,0,1444.1166092418134,44883781.2036102,3.891747289974233,2.7732172016619634,0.46744687534977,2.7732172016619634,0.02552084458852096,5329,0,0,0.4916666666657896,0.011041562482754104,11639.227066028863,586.7093323524703,1,
18,10000.0,300.0,0.8,FULL_STACK,oracle,15.0,0,1444.134582336992,44883670.90557685,3.891747289974233,2.7732172016619634,0.46801513716322757,2.7732172016619634,0.025520938989812742,5331,0,0,0.4999999999991225,0.011138122614865404,11639.245039124042,586.7090128340408,1,
19,10000.0,300.0,0.8,FULL_STACK,oracle,15.0,0,1444.100416816771,44882914.533829086,3.891747289974233,2.7732172016619634,0.4673000193395436,2.7732172016619634,0.02552014796129961,5325,0,0,0.4333333333324596,0.010952901625974487,11639.21087360382,586.7094747174107,1,
0,10000.0,300.0,0.6,BASELINE,none,15.0,0,1437.8115580566227,41882571.3051211,1.3408289073373452,1.6195412449454216,0.5190619203807343,1.6195412449454216,0.04045310471960483,0,0,0,nan,0.40000000000004016,11632.922014843673,586.5563833027211,1,
1,10000.0,300.0,0.6,BASELINE,none,15.0,0,1437.8115580566227,41882571.3051211,1.3408289073373452,1.6195412449454216,0.5190619203807343,1.6195412449454216,0.04045310471960483,0,0,0,nan,0.40000000000004016,11632.922014843673,586.5563833027211,1,
2,10000.0,300.0,0.6,BASELINE,none,15.0,0,1437.8115580566227,41882571.3051211,1.3408289073373452,1.6195412449454216,0.5190619203807343,1.6195412449454216,0.04045310471960483,0,0,0,nan,0.40000000000004016,11632.922014843673,586.5563833027211,1,
3,10000.0,300.0,0.6,BASELINE,none,15.0,0,1437.8115580566227,41882571.3051211,1.3408289073373452,1.6195412449454216,0.5190619203807343,1.6195412449454216,0.04045310471960483,0,0,0,nan,0.40000000000004016,11632.922014843673,586.5563833027211,1,
4,10000.0,300.0,0.6,BASELINE,none,15.0,0,1437.8115580566227,41882571.3051211,1.3408289073373452,1.6195412449454216,0.5190619203807343,1.6195412449454216,0.04045310471960483,0,0,0,nan,0.40000000000004016,11632.922014843673,586.5563833027211,1,
5,10000.0,300.0,0.6,BASELINE,none,15.0,0,1437.8115580566227,41882571.3051211,1.3408289073373452,1.6195412449454216,0.5190619203807343,1.6195412449454216,0.04045310471960483,0,0,0,nan,0.40000000000004016,11632.922014843673,586.5563833027211,1,
6,10000.0,300.0,0.6,BASELINE,none,15.0,0,1437.8115580566227,41882571.3051211,1.3408289073373452,1.6195412449454216,0.5190619203807343,1.6195412449454216,0.04045310471960483,0,0,0,nan,0.40000000000004016,11632.922014843673,586.5563833027211,1,
7,10000.0,300.0,0.6,BASELINE,none,15.0,0,1437.8115580566227,41882571.3051211,1.3408289073373452,1.6195412449454216,0.5190619203807343,1.6195412449454216,0.04045310471960483,0,0,0,nan,0.40000000000004016,11632.922014843673,586.5563833027211,1,
8,10000.0,300.0,0.6,BASELINE,none,15.0,0,1437.8115580566227,41882571.3051211,1.3408289073373452,1.6195412449454216,0.5190619203807343,1.6195412449454216,0.04045310471960483,0,0,0,nan,0.40000000000004016,11632.922014843673,586.5563833027211,1,
9,10000.0,300.0,0.6,BASELINE,none,15.0,0,1437.8115580566227,41882571.3051211,1.3408289073373452,1.6195412449454216,0.5190619203807343,1.6195412449454216,0.04045310471960483,0,0,0,nan,0.40000000000004016,11632.922014843673,586.5563833027211,1,
10,10000.0,300.0,0.6,BASELINE,none,15.0,0,1437.8115580566227,41882571.3051211,1.3408289073373452,1.6195412449454216,0.5190619203807343,1.6195412449454216,0.04045310471960483,0,0,0,nan,0.40000000000004016,11632.922014843673,586.5563833027211,1,
11,10000.0,300.0,0.6,BASELINE,none,15.0,0,1437.8115580566227,41882571.3051211,1.3408289073373452,1.6195412449454216,0.5190619203807343,1.6195412449454216,0.04045310471960483,0,0,0,nan,0.40000000000004016,11632.922014843673,586.5563833027211,1,
12,10000.0,300.0,0.6,BASELINE,none,15.0,0,1437.8115580566227,41882571.3051211,1.3408289073373452,1.6195412449454216,0.5190619203807343,1.6195412449454216,0.04045310471960483,0,0,0,nan,0.40000000000004016,11632.922014843673,586.5563833027211,1,
13,10000.0,300.0,0.6,BASELINE,none,15.0,0,1437.8115580566227,41882571.3051211,1.3408289073373452,1.6195412449454216,0.5190619203807343,1.6195412449454216,0.04045310471960483,0,0,0,nan,0.40000000000004016,11632.922014843673,586.5563833027211,1,
14,10000.0,300.0,0.6,BASELINE,none,15.0,0,1437.8115580566227,41882571.3051211,1.3408289073373452,1.6195412449454216,0.5190619203807343,1.6195412449454216,0.04045310471960483,0,0,0,nan,0.40000000000004016,11632.922014843673,586.5563833027211,1,
15,10000.0,300.0,0.6,BASELINE,none,15.0,0,1437.8115580566227,41882571.3051211,1.3408289073373452,1.6195412449454216,0.5190619203807343,1.6195412449454216,0.04045310471960483,0,0,0,nan,0.40000000000004016,11632.922014843673,586.5563833027211,1,
16,10000.0,300.0,0.6,BASELINE,none,15.0,0,1437.8115580566227,41882571.3051211,1.3408289073373452,1.6195412449454216,0.5190619203807343,1.6195412449454216,0.04045310471960483,0,0,0,nan,0.40000000000004016,11632.922014843673,586.5563833027211,1,
17,10000.0,300.0,0.6,BASELINE,none,15.0,0,1437.8115580566227,41882571.3051211,1.3408289073373452,1.6195412449454216,0.5190619203807343,1.6195412449454216,0.04045310471960483,0,0,0,nan,0.40000000000004016,11632.922014843673,586.5563833027211,1,
18,10000.0,300.0,0.6,BASELINE,none,15.0,0,1437.8115580566227,41882571.3051211,1.3408289073373452,1.6195412449454216,0.5190619203807343,1.6195412449454216,0.04045310471960483,0,0,0,nan,0.40000000000004016,11632.922014843673,586.5563833027211,1,
19,10000.0,300.0,0.6,BASELINE,none,15.0,0,1437.8115580566227,41882571.3051211,1.3408289073373452,1.6195412449454216,0.5190619203807343,1.6195412449454216,0.04045310471960483,0,0,0,nan,0.40000000000004016,11632.922014843673,586.5563833027211,1,
0,10000.0,300.0,0.6,CLASSICAL_KAPPA,oracle,15.0,0,1421.6229753419757,40868429.94401785,1.3408289073373452,1.6195412449454216,0.5224157433968469,1.6195412449454216,0.04047452578807965,0,0,0,0.3083333333324667,0.014402354110956058,11616.733432129025,586.7305453496701,1,
1,10000.0,300.0,0.6,CLASSICAL_KAPPA,oracle,15.0,0,1421.590289413929,40866469.04537526,1.3408289073373452,1.6195412449454216,0.523446510734915,1.6195412449454216,0.04047009372962028,0,0,0,0.2083333333324724,0.014359552276315593,11616.700746200979,586.7309835108904,1,
2,10000.0,300.0,0.6,CLASSICAL_KAPPA,oracle,15.0,0,1421.6039088070393,40867589.879463404,1.3408289073373452,1.6195412449454216,0.5219773691347595,1.6195412449454216,0.04047102444479051,0,0,0,0.24166666666580383,0.014387293803513774,11616.714365594089,586.7308600169548,1,
3,10000.0,300.0,0.6,CLASSICAL_KAPPA,oracle,15.0,0,1421.6532250270247,40868972.746934615,1.3408289073373452,1.6195412449454216,0.5208943788688529,1.6195412449454216,0.04047417127819118,0,0,0,0.3083333333324667,0.01440342582062199,11616.763681814075,586.7296111117571,1,
4,10000.0,300.0,0.6,CLASSICAL_KAPPA,oracle,15.0,0,1421.6048883236945,40868015.02372755,1.3408289073373452,1.6195412449454216,0.521436345729556,1.6195412449454216,0.04047481916927793,0,0,0,0.2499999999991367,0.014321489243786862,11616.715345110744,586.7309294257997,1,
5,10000.0,300.0,0.6,CLASSICAL_KAPPA,oracle,15.0,0,1421.6277531422675,40868946.265825994,1.3408289073373452,1.6195412449454216,0.5216593038832693,1.6195412449454216,0.040473098366430045,0,0,0,0.25833333333246955,0.014365437206828953,11616.738209929317,586.7303086614196,1,
6,10000.0,300.0,0.6,CLASSICAL_KAPPA,oracle,15.0,0,1421.6521260999143,40869053.96201425,1.3408289073373452,1.6195412449454216,0.523250585152071,1.6195412449454216,0.040473279993281056,0,0,0,0.29999999999913385,0.01431360315034153,11616.762582886964,586.7302353680626,1,
7,10000.0,300.0,0.6,CLASSICAL_KAPPA,oracle,15.0,0,1421.614662308246,40867786.931530066,1.3408289073373452,1.6195412449454216,0.5220953927215353,1.6195412449454216,0.0404720690867114,0,0,0,0.2249999999991381,0.014272812398394409,11616.725119095296,586.7304947844258,1,
8,10000.0,300.0,0.6,CLASSICAL_KAPPA,oracle,15.0,0,1421.620736900717,40868833.79103086,1.3408289073373452,1.6195412449454216,0.5216917677273144,1.6195412449454216,0.0404741636121383,0,0,0,0.24166666666580383,0.014403397502170661,11616.731193687767,586.7303493461873,1,
9,10000.0,300.0,0.6,CLASSICAL_KAPPA,oracle,15.0,0,1421.6186905242503,40868059.04244051,1.3408289073373452,1.6195412449454216,0.5219517470054051,1.6195412449454216,0.040473388792193865,0,0,0,0.2666666666658024,0.014559207281728765,11616.7291473113,586.7306237198403,1,
10,10000.0,300.0,0.6,CLASSICAL_KAPPA,oracle,15.0,0,1421.5944210402668,40866397.98225528,1.3408289073373452,1.6195412449454216,0.5228561129664794,1.6195412449454216,0.040468676792868585,0,0,0,0.2666666666658024,0.014194681303697748,11616.704877827317,586.73057916817,1,
11,10000.0,300.0,0.6,CLASSICAL_KAPPA,oracle,15.0,0,1421.6785741746426,40868431.33410396,1.3408289073373452,1.6195412449454216,0.5218653473209437,1.6195412449454216,0.04047256622996962,0,0,0,0.27499999999913527,0.014342698374304264,11616.789030961692,586.7292186093508,1,
12,10000.0,300.0,0.6,CLASSICAL_KAPPA,oracle,15.0,0,1421.637720324099,40867332.131370194,1.3408289073373452,1.6195412449454216,0.5231264145375394,1.6195412449454216,0.04047068817560217,0,0,0,0.2499999999991367,0.014304458589593833,11616.748177111149,586.7299308787905,1,
13,10000.0,300.0,0.6,CLASSICAL_KAPPA,oracle,15.0,0,1421.624643266201,40868571.76855533,1.3408289073373452,1.6195412449454216,0.5234207347479254,1.6195412449454216,0.04047196384398389,0,0,0,0.28333333333246813,0.014410952971227617,11616.73510005325,586.7305135961907,1,
14,10000.0,300.0,0.6,CLASSICAL_KAPPA,oracle,15.0,0,1421.5709594935179,40866406.920001455,1.3408289073373452,1.6195412449454216,0.523093800293194,1.6195412449454216,0.04046775010677405,0,0,0,0.27499999999913527,0.01436829543021962,11616.681416280568,586.7313225182949,1,
15,10000.0,300.0,0.6,CLASSICAL_KAPPA,oracle,15.0,0,1421.6566436775029,40868516.26547756,1.3408289073373452,1.6195412449454216,0.5219426180869683,1.6195412449454216,0.04047425026392598,0,0,0,0.2499999999991367,0.014381863450344626,11616.767100464553,586.7298582009834,1,
16,10000.0,300.0,0.6,CLASSICAL_KAPPA,oracle,15.0,0,1421.6017189696431,40866822.43474172,1.3408289073373452,1.6195412449454216,0.5229710313344096,1.6195412449454216,0.04047226609138846,0,0,0,0.2499999999991367,0.014382612638437943,11616.712175756693,586.7307852744469,1,
17,10000.0,300.0,0.6,CLASSICAL_KAPPA,oracle,15.0,0,1421.6654545553029,40868784.56606551,1.3408289073373452,1.6195412449454216,0.5217946484907355,1.6195412449454216,0.040475226277488084,0,0,0,0.2249999999991381,0.01435121102206251,11616.775911342353,586.7296259085742,1,
18,10000.0,300.0,0.6,CLASSICAL_KAPPA,oracle,15.0,0,1421.6399334296584,40867619.04234864,1.3408289073373452,1.6195412449454216,0.5234002081216673,1.6195412449454216,0.04047150243733084,0,0,0,0.3083333333324667,0.014454364164019708,11616.750390216708,586.7301944911787,1,
19,10000.0,300.0,0.6,CLASSICAL_KAPPA,oracle,15.0,0,1421.6115870960057,40867307.181772895,1.3408289073373452,1.6195412449454216,0.5212935134279492,1.6195412449454216,0.04047255630635391,0,0,0,0.24166666666580383,0.01426763801607805,11616.722043883055,586.730394231442,1,
0,10000.0,300.0,0.6,TECS_MRAC,none,15.0,0,1456.7625194229186,45596317.65130039,3.891747289974233,2.7732172016619634,0.46720456373421854,2.7732172016619634,0.04077119873185554,0,0,0,nan,0.40000000000004016,11651.872976209968,586.5615956221014,1,
1,10000.0,300.0,0.6,TECS_MRAC,none,15.0,0,1456.7625194229186,45596317.65130039,3.891747289974233,2.7732172016619634,0.46720456373421854,2.7732172016619634,0.04077119873185554,0,0,0,nan,0.40000000000004016,11651.872976209968,586.5615956221014,1,
2,10000.0,300.0,0.6,TECS_MRAC,none,15.0,0,1456.7625194229186,45596317.65130039,3.891747289974233,2.7732172016619634,0.46720456373421854,2.7732172016619634,0.04077119873185554,0,0,0,nan,0.40000000000004016,11651.872976209968,586.5615956221014,1,
3,10000.0,300.0,0.6,TECS_MRAC,none,15.0,0,1456.7625194229186,45596317.65130039,3.891747289974233,2.7732172016619634,0.46720456373421854,2.7732172016619634,0.04077119873185554,0,0,0,nan,0.40000000000004016,11651.872976209968,586.5615956221014,1,
4,10000.0,300.0,0.6,TECS_MRAC,none,15.0,0,1456.7625194229186,45596317.65130039,3.891747289974233,2.7732172016619634,0.46720456373421854,2.7732172016619634,0.04077119873185554,0,0,0,nan,0.40000000000004016,11651.872976209968,586.5615956221014,1,
5,10000.0,300.0,0.6,TECS_MRAC,none,15.0,0,1456.7625194229186,45596317.65130039,3.891747289974233,2.7732172016619634,0.46720456373421854,2.7732172016619634,0.04077119873185554,0,0,0,nan,0.40000000000004016,11651.872976209968,586.5615956221014,1,
6,10000.0,300.0,0.6,TECS_MRAC,none,15.0,0,1456.7625194229186,45596317.65130039,3.891747289974233,2.7732172016619634,0.46720456373421854,2.7732172016619634,0.04077119873185554,0,0,0,nan,0.40000000000004016,11651.872976209968,586.5615956221014,1,
7,10000.0,300.0,0.6,TECS_MRAC,none,15.0,0,1456.7625194229186,45596317.65130039,3.891747289974233,2.7732172016619634,0.46720456373421854,2.7732172016619634,0.04077119873185554,0,0,0,nan,0.40000000000004016,11651.872976209968,586.5615956221014,1,
8,10000.0,300.0,0.6,TECS_MRAC,none,15.0,0,1456.7625194229186,45596317.65130039,3.891747289974233,2.7732172016619634,0.46720456373421854,2.7732172016619634,0.04077119873185554,0,0,0,nan,0.40000000000004016,11651.872976209968,586.5615956221014,1,
9,10000.0,300.0,0.6,TECS_MRAC,none,15.0,0,1456.7625194229186,45596317.65130039,3.891747289974233,2.7732172016619634,0.46720456373421854,2.7732172016619634,0.04077119873185554,0,0,0,nan,0.40000000000004016,11651.872976209968,586.5615956221014,1,
10,10000.0,300.0,0.6,TECS_MRAC,none,15.0,0,1456.7625194229186,45596317.65130039,3.891747289974233,2.7732172016619634,0.46720456373421854,2.7732172016619634,0.04077119873185554,0,0,0,nan,0.40000000000004016,11651.872976209968,586.5615956221014,1,
11,10000.0,300.0,0.6,TECS_MRAC,none,15.0,0,1456.7625194229186,45596317.65130039,3.891747289974233,2.7732172016619634,0.46720456373421854,2.7732172016619634,0.04077119873185554,0,0,0,nan,0.40000000000004016,11651.872976209968,586.5615956221014,1,
12,10000.0,300.0,0.6,TECS_MRAC,none,15.0,0,1456.7625194229186,45596317.65130039,3.891747289974233,2.7732172016619634,0.46720456373421854,2.7732172016619634,0.04077119873185554,0,0,0,nan,0.40000000000004016,11651.872976209968,586.5615956221014,1,
13,10000.0,300.0,0.6,TECS_MRAC,none,15.0,0,1456.7625194229186,45596317.65130039,3.891747289974233,2.7732172016619634,0.46720456373421854,2.7732172016619634,0.04077119873185554,0,0,0,nan,0.40000000000004016,11651.872976209968,586.5615956221014,1,
14,10000.0,300.0,0.6,TECS_MRAC,none,15.0,0,1456.7625194229186,45596317.65130039,3.891747289974233,2.7732172016619634,0.46720456373421854,2.7732172016619634,0.04077119873185554,0,0,0,nan,0.40000000000004016,11651.872976209968,586.5615956221014,1,
15,10000.0,300.0,0.6,TECS_MRAC,none,15.0,0,1456.7625194229186,45596317.65130039,3.891747289974233,2.7732172016619634,0.46720456373421854,2.7732172016619634,0.04077119873185554,0,0,0,nan,0.40000000000004016,11651.872976209968,586.5615956221014,1,
16,10000.0,300.0,0.6,TECS_MRAC,none,15.0,0,1456.7625194229186,45596317.65130039,3.891747289974233,2.7732172016619634,0.46720456373421854,2.7732172016619634,0.04077119873185554,0,0,0,nan,0.40000000000004016,11651.872976209968,586.5615956221014,1,
17,10000.0,300.0,0.6,TECS_MRAC,none,15.0,0,1456.7625194229186,45596317.65130039,3.891747289974233,2.7732172016619634,0.46720456373421854,2.7732172016619634,0.04077119873185554,0,0,0,nan,0.40000000000004016,11651.872976209968,586.5615956221014,1,
18,10000.0,300.0,0.6,TECS_MRAC,none,15.0,0,1456.7625194229186,45596317.65130039,3.891747289974233,2.7732172016619634,0.46720456373421854,2.7732172016619634,0.04077119873185554,0,0,0,nan,0.40000000000004016,11651.872976209968,586.5615956221014,1,
19,10000.0,300.0,0.6,TECS_MRAC,none,15.0,0,1456.7625194229186,45596317.65130039,3.891747289974233,2.7732172016619634,0.46720456373421854,2.7732172016619634,0.04077119873185554,0,0,0,nan,0.40000000000004016,11651.872976209968,586.5615956221014,1,
0,10000.0,300.0,0.6,HYBRID,oracle,15.0,0,1441.1402116417885,44631206.313272715,3.891747289974233,2.7732172016619634,0.4689403619420019,2.7732172016619634,0.040803370798130185,0,0,0,0.3083333333324667,0.014402354110956058,11636.250668428838,586.7356721268229,1,
1,10000.0,300.0,0.6,HYBRID,oracle,15.0,0,1441.1405104137957,44631249.74655779,3.891747289974233,2.7732172016619634,0.46980721377880574,2.7732172016619634,0.04080210219146562,0,0,0,0.2083333333324724,0.014359552276315593,11636.250967200845,586.7357370142066,1,
2,10000.0,300.0,0.6,HYBRID,oracle,15.0,0,1441.1631623320282,44631043.3610217,3.891747289974233,2.7732172016619634,0.4685534787075722,2.7732172016619634,0.04080189881730771,0,0,0,0.24166666666580383,0.014387293803513774,11636.273619119078,586.7351892017302,1,
3,10000.0,300.0,0.6,HYBRID,oracle,15.0,0,1441.1720617115498,44631941.36500398,3.891747289974233,2.7732172016619634,0.4673734401862572,2.7732172016619634,0.04080392875781126,0,0,0,0.3083333333324667,0.01440342582062199,11636.2825184986,586.7347176458253,1,
4,10000.0,300.0,0.6,HYBRID,oracle,15.0,0,1441.187258593738,44632782.36965573,3.891747289974233,2.7732172016619634,0.46809965221685884,2.7732172016619634,0.040808182941417206,0,0,0,0.2499999999991367,0.014321489243786862,11636.297715380788,586.7349082440791,1,
5,10000.0,300.0,0.6,HYBRID,oracle,15.0,0,1441.124981366098,44630694.53666489,3.891747289974233,2.7732172016619634,0.4682406870888529,2.7732172016619634,0.040800115981775485,0,0,0,0.25833333333246955,0.014365437206828953,11636.235438153148,586.7357344779394,1,
6,10000.0,300.0,0.6,HYBRID,oracle,15.0,0,1441.1534922011197,44631217.92169422,3.891747289974233,2.7732172016619634,0.46992789084029324,2.7732172016619634,0.040801498110507,0,0,0,0.29999999999913385,0.01431360315034153,11636.26394898817,586.735604877525,1,
7,10000.0,300.0,0.6,HYBRID,oracle,15.0,0,1441.110674150288,44629995.01967459,3.891747289974233,2.7732172016619634,0.46855668037289644,2.7732172016619634,0.04079907260241949,0,0,0,0.2249999999991381,0.014272812398394409,11636.221130937338,586.7360063346058,1,
8,10000.0,300.0,0.6,HYBRID,oracle,15.0,0,1441.176627997309,44632733.15221009,3.891747289974233,2.7732172016619634,0.4680655329173871,2.7732172016619634,0.040804180912039134,0,0,0,0.24166666666580383,0.014403397502170661,11636.287084784359,586.7348410399965,1,
9,10000.0,300.0,0.6,HYBRID,oracle,15.0,0,1441.1267288438976,44629872.28401062,3.891747289974233,2.7732172016619634,0.4684588481874543,2.7732172016619634,0.0408016743243177,0,0,0,0.2666666666658024,0.014559207281728765,11636.237185630947,586.7357699156377,1,
10,10000.0,300.0,0.6,HYBRID,oracle,15.0,0,1441.1333438940346,44629343.63552128,3.891747289974233,2.7732172016619634,0.4692757353930745,2.7732172016619634,0.04079868567596108,0,0,0,0.2666666666658024,0.014194681303697748,11636.243800681084,586.7352427802895,1,
11,10000.0,300.0,0.6,HYBRID,oracle,15.0,0,1441.1604201830924,44630659.91389218,3.891747289974233,2.7732172016619634,0.46840936712959497,2.7732172016619634,0.04080042619935396,0,0,0,0.27499999999913527,0.014342698374304264,11636.270876970142,586.735068338895,1,
12,10000.0,300.0,0.6,HYBRID,oracle,15.0,0,1441.1512078903615,44630868.79021104,3.891747289974233,2.7732172016619634,0.46968488455948615,2.7732172016619634,0.04080022141508895,0,0,0,0.2499999999991367,0.014304458589593833,11636.261664677411,586.7353059583161,1,
13,10000.0,300.0,0.6,HYBRID,oracle,15.0,0,1441.128938086331,44631085.26014905,3.891747289974233,2.7732172016619634,0.46989776452665255,2.7732172016619634,0.04079994325053176,0,0,0,0.28333333333246813,0.014410952971227617,11636.23939487338,586.7359488676921,1,
14,10000.0,300.0,0.6,HYBRID,oracle,15.0,0,1441.1630794778466,44631847.24838044,3.891747289974233,2.7732172016619634,0.4695761229914738,2.7732172016619634,0.04080162308546056,0,0,0,0.27499999999913527,0.01436829543021962,11636.273536264896,586.7352832778026,1,
15,10000.0,300.0,0.6,HYBRID,oracle,15.0,0,1441.1341107450426,44630084.32137942,3.891747289974233,2.7732172016619634,0.468519980879476,2.7732172016619634,0.04080133528403297,0,0,0,0.2499999999991367,0.014381863450344626,11636.244567532092,586.7356884081261,1,
16,10000.0,300.0,0.6,HYBRID,oracle,15.0,0,1441.1454722061753,44631130.055764854,3.891747289974233,2.7732172016619634,0.46953242419604596,2.7732172016619634,0.04080321607647147,0,0,0,0.2499999999991367,0.014382612638437943,11636.255928993225,586.735595014324,1,
17,10000.0,300.0,0.6,HYBRID,oracle,15.0,0,1441.1857345625758,44631321.575451985,3.891747289974233,2.7732172016619634,0.4683016271330053,2.7732172016619634,0.04080402826986612,0,0,0,0.2249999999991381,0.01435121102206251,11636.296191349626,586.7346247649771,1,
18,10000.0,300.0,0.6,HYBRID,oracle,15.0,0,1441.194116577506,44632128.61231036,3.891747289974233,2.7732172016619634,0.4697330064627955,2.7732172016619634,0.04080371093243862,0,0,0,0.3083333333324667,0.014454364164019708,11636.304573364556,586.7347963931184,1,
19,10000.0,300.0,0.6,HYBRID,oracle,15.0,0,1441.1126419492066,44629725.833289735,3.891747289974233,2.7732172016619634,0.46800030869120185,2.7732172016619634,0.0408006787045004,0,0,0,0.24166666666580383,0.01426763801607805,11636.223098736256,586.7358077553631,1,
0,10000.0,300.0,0.6,FULL_STACK,oracle,15.0,0,1445.6646027751267,45009552.847963184,3.891747289974233,2.7732172016619634,0.46728567155461825,2.7732172016619634,0.0408235253563004,5360,0,0,0.3083333333324667,0.014402354110956058,11640.775059562176,586.6952665190639,1,
1,10000.0,300.0,0.6,FULL_STACK,oracle,15.0,0,1445.605601016432,45008161.63075946,3.891747289974233,2.7732172016619634,0.4682288607922987,2.7732172016619634,0.04081834179482786,5365,0,0,0.2083333333324724,0.014359552276315593,11640.716057803482,586.6963697220046,1,
2,10000.0,300.0,0.6,FULL_STACK,oracle,15.0,0,1445.6654440499842,45008911.62137757,3.891747289974233,2.7732172016619634,0.4669912796684449,2.7732172016619634,0.04082095475550374,5363,0,0,0.24166666666580383,0.014387293803513774,11640.775900837034,586.6951050974392,1,
3,10000.0,300.0,0.6,FULL_STACK,oracle,15.0,0,1445.670576095581,45009228.025965005,3.891747289974233,2.7732172016619634,0.46597960502225416,2.7732172016619634,0.040822446519705305,5362,0,0,0.3083333333324667,0.01440342582062199,11640.78103288263,586.694709853427,1,
4,10000.0,300.0,0.6,FULL_STACK,oracle,15.0,0,1445.6619423814118,45008949.750510186,3.891747289974233,2.7732172016619634,0.46638690620381035,2.7732172016619634,0.040823868849432156,5364,0,0,0.2499999999991367,0.014321489243786862,11640.772399168462,586.695201792115,1,
5,10000.0,300.0,0.6,FULL_STACK,oracle,15.0,0,1445.6762897707522,45010057.26042868,3.891747289974233,2.7732172016619634,0.46668319596064484,2.7732172016619634,0.04082235970714918,5365,0,0,0.25833333333246955,0.014365437206828953,11640.786746557802,586.6948363242358,1,
6,10000.0,300.0,0.6,FULL_STACK,oracle,15.0,0,1445.6430263407528,45008900.239434235,3.891747289974233,2.7732172016619634,0.4680826800853603,2.7732172016619634,0.04081979381937962,5363,0,0,0.29999999999913385,0.01431360315034153,11640.753483127803,586.6958296520075,1,
7,10000.0,300.0,0.6,FULL_STACK,oracle,15.0,0,1445.620011255145,45007689.805052176,3.891747289974233,2.7732172016619634,0.46714270688188875,2.7732172016619634,0.04081868592372115,5367,0,0,0.2249999999991381,0.014272812398394409,11640.730468042195,586.6957607078937,1,
8,10000.0,300.0,0.6,FULL_STACK,oracle,15.0,0,1445.6628352589905,45009351.59877621,3.891747289974233,2.7732172016619634,0.4666765140503906,2.7732172016619634,0.040822106448607814,5364,0,0,0.24166666666580383,0.014403397502170661,11640.77329204604,586.6949639648793,1,
9,10000.0,300.0,0.6,FULL_STACK,oracle,15.0,0,1445.666591592133,45009618.624736324,3.891747289974233,2.7732172016619634,0.4668515737170275,2.7732172016619634,0.04082310694177058,5366,0,0,0.2666666666658024,0.014559207281728765,11640.777048379183,586.6952252174943,1,
10,10000.0,300.0,0.6,FULL_STACK,oracle,15.0,0,1445.6530873999,45008193.2157535,3.891747289974233,2.7732172016619634,0.4677527284975364,2.7732172016619634,0.04081948195992809,5364,0,0,0.2666666666658024,0.014194681303697748,11640.76354418695,586.6950550248988,1,
11,10000.0,300.0,0.6,FULL_STACK,oracle,15.0,0,1445.6886411122978,45010433.592253,3.891747289974233,2.7732172016619634,0.46690441298702734,2.7732172016619634,0.04082215246536868,5363,0,0,0.27499999999913527,0.014342698374304264,11640.799097899348,586.6947794169126,1,
12,10000.0,300.0,0.6,FULL_STACK,oracle,15.0,0,1445.6571092307568,45008886.297263704,3.891747289974233,2.7732172016619634,0.4679732891768458,2.7732172016619634,0.04081956324645107,5365,0,0,0.2499999999991367,0.014304458589593833,11640.767566017807,586.6951835718756,1,
13,10000.0,300.0,0.6,FULL_STACK,oracle,15.0,0,1445.6664239503443,45009627.28134508,3.891747289974233,2.7732172016619634,0.4683777999798146,2.7732172016619634,0.040821433361589804,5364,0,0,0.28333333333246813,0.014410952971227617,11640.776880737394,586.6952172348574,1,
14,10000.0,300.0,0.6,FULL_STACK,oracle,15.0,0,1445.619836743921,45008494.6148142,3.891747289974233,2.7732172016619634,0.4682044684415569,2.7732172016619634,0.04081793384729865,5362,0,0,0.27499999999913527,0.01436829543021962,11640.73029353097,586.6960571577039,1,
15,10000.0,300.0,0.6,FULL_STACK,oracle,15.0,0,1445.6742733418941,45008926.347221695,3.891747289974233,2.7732172016619634,0.4668841754509498,2.7732172016619634,0.04082239566674048,5363,0,0,0.2499999999991367,0.014381863450344626,11640.784730128944,586.6949161865025,1,
16,10000.0,300.0,0.6,FULL_STACK,oracle,15.0,0,1445.6415916793048,45008173.72605475,3.891747289974233,2.7732172016619634,0.4677965600747877,2.7732172016619634,0.04082106885641845,5363,0,0,0.2499999999991367,0.014382612638437943,11640.752048466355,586.6955595409501,1,
17,10000.0,300.0,0.6,FULL_STACK,oracle,15.0,0,1445.6232456192374,45007448.07790245,3.891747289974233,2.7732172016619634,0.46673439006909084,2.7732172016619634,0.04081786810167697,5368,0,0,0.2249999999991381,0.01435121102206251,11640.733702406287,586.6957465385,1,
18,10000.0,300.0,0.6,FULL_STACK,oracle,15.0,0,1445.6527765281498,45008012.91227342,3.891747289974233,2.7732172016619634,0.46811502705435293,2.7732172016619634,0.040819859950851294,5362,0,0,0.3083333333324667,0.014454364164019708,11640.7632333152,586.6953838528121,1,
19,10000.0,300.0,0.6,FULL_STACK,oracle,15.0,0,1445.6725722663105,45009548.22018876,3.891747289974233,2.7732172016619634,0.466433867329254,2.7732172016619634,0.040822752703241136,5367,0,0,0.24166666666580383,0.01426763801607805,11640.78302905336,586.6948306557297,1,
0,10000.0,300.0,0.5,BASELINE,none,15.0,0,1445.8870186805725,42394079.83700711,1.3408289073373452,1.6195412449454216,0.5174000005300424,1.6195412449454216,0.05608576362658069,0,0,0,nan,0.5,11640.997475467622,586.4699140872323,1,
1,10000.0,300.0,0.5,BASELINE,none,15.0,0,1445.8870186805725,42394079.83700711,1.3408289073373452,1.6195412449454216,0.5174000005300424,1.6195412449454216,0.05608576362658069,0,0,0,nan,0.5,11640.997475467622,586.4699140872323,1,
2,10000.0,300.0,0.5,BASELINE,none,15.0,0,1445.8870186805725,42394079.83700711,1.3408289073373452,1.6195412449454216,0.5174000005300424,1.6195412449454216,0.05608576362658069,0,0,0,nan,0.5,11640.997475467622,586.4699140872323,1,
3,10000.0,300.0,0.5,BASELINE,none,15.0,0,1445.8870186805725,42394079.83700711,1.3408289073373452,1.6195412449454216,0.5174000005300424,1.6195412449454216,0.05608576362658069,0,0,0,nan,0.5,11640.997475467622,586.4699140872323,1,
4,10000.0,300.0,0.5,BASELINE,none,15.0,0,1445.8870186805725,42394079.83700711,1.3408289073373452,1.6195412449454216,0.5174000005300424,1.6195412449454216,0.05608576362658069,0,0,0,nan,0.5,11640.997475467622,586.4699140872323,1,
5,10000.0,300.0,0.5,BASELINE,none,15.0,0,1445.8870186805725,42394079.83700711,1.3408289073373452,1.6195412449454216,0.5174000005300424,1.6195412449454216,0.05608576362658069,0,0,0,nan,0.5,11640.997475467622,586.4699140872323,1,
6,10000.0,300.0,0.5,BASELINE,none,15.0,0,1445.8870186805725,42394079.83700711,1.3408289073373452,1.6195412449454216,0.5174000005300424,1.6195412449454216,0.05608576362658069,0,0,0,nan,0.5,11640.997475467622,586.4699140872323,1,
7,10000.0,300.0,0.5,BASELINE,none,15.0,0,1445.8870186805725,42394079.83700711,1.3408289073373452,1.6195412449454216,0.5174000005300424,1.6195412449454216,0.05608576362658069,0,0,0,nan,0.5,11640.997475467622,586.4699140872323,1,
8,10000.0,300.0,0.5,BASELINE,none,15.0,0,1445.8870186805725,42394079.83700711,1.3408289073373452,1.6195412449454216,0.5174000005300424,1.6195412449454216,0.05608576362658069,0,0,0,nan,0.5,11640.997475467622,586.4699140872323,1,
9,10000.0,300.0,0.5,BASELINE,none,15.0,0,1445.8870186805725,42394079.83700711,1.3408289073373452,1.6195412449454216,0.5174000005300424,1.6195412449454216,0.05608576362658069,0,0,0,nan,0.5,11640.997475467622,586.4699140872323,1,
10,10000.0,300.0,0.5,BASELINE,none,15.0,0,1445.8870186805725,42394079.83700711,1.3408289073373452,1.6195412449454216,0.5174000005300424,1.6195412449454216,0.05608576362658069,0,0,0,nan,0.5,11640.997475467622,586.4699140872323,1,
11,10000.0,300.0,0.5,BASELINE,none,15.0,0,1445.8870186805725,42394079.83700711,1.3408289073373452,1.6195412449454216,0.5174000005300424,1.6195412449454216,0.05608576362658069,0,0,0,nan,0.5,11640.997475467622,586.4699140872323,1,
12,10000.0,300.0,0.5,BASELINE,none,15.0,0,1445.8870186805725,42394079.83700711,1.3408289073373452,1.6195412449454216,0.5174000005300424,1.6195412449454216,0.05608576362658069,0,0,0,nan,0.5,11640.997475467622,586.4699140872323,1,
13,10000.0,300.0,0.5,BASELINE,none,15.0,0,1445.8870186805725,42394079.83700711,1.3408289073373452,1.6195412449454216,0.5174000005300424,1.6195412449454216,0.05608576362658069,0,0,0,nan,0.5,11640.997475467622,586.4699140872323,1,
14,10000.0,300.0,0.5,BASELINE,none,15.0,0,1445.8870186805725,42394079.83700711,1.3408289073373452,1.6195412449454216,0.5174000005300424,1.6195412449454216,0.05608576362658069,0,0,0,nan,0.5,11640.997475467622,586.4699140872323,1,
15,10000.0,300.0,0.5,BASELINE,none,15.0,0,1445.8870186805725,42394079.83700711,1.3408289073373452,1.6195412449454216,0.5174000005300424,1.6195412449454216,0.05608576362658069,0,0,0,nan,0.5,11640.997475467622,586.4699140872323,1,
16,10000.0,300.0,0.5,BASELINE,none,15.0,0,1445.8870186805725,42394079.83700711,1.3408289073373452,1.6195412449454216,0.5174000005300424,1.6195412449454216,0.05608576362658069,0,0,0,nan,0.5,11640.997475467622,586.4699140872323,1,
17,10000.0,300.0,0.5,BASELINE,none,15.0,0,1445.8870186805725,42394079.83700711,1.3408289073373452,1.6195412449454216,0.5174000005300424,1.6195412449454216,0.05608576362658069,0,0,0,nan,0.5,11640.997475467622,586.4699140872323,1,
18,10000.0,300.0,0.5,BASELINE,none,15.0,0,1445.8870186805725,42394079.83700711,1.3408289073373452,1.6195412449454216,0.5174000005300424,1.6195412449454216,0.05608576362658069,0,0,0,nan,0.5,11640.997475467622,586.4699140872323,1,
19,10000.0,300.0,0.5,BASELINE,none,15.0,0,1445.8870186805725,42394079.83700711,1.3408289073373452,1.6195412449454216,0.5174000005300424,1.6195412449454216,0.05608576362658069,0,0,0,nan,0.5,11640.997475467622,586.4699140872323,1,
0,10000.0,300.0,0.5,CLASSICAL_KAPPA,oracle,15.0,0,1421.645974561572,40866451.09356431,1.3408289073373452,1.6195412449454216,0.5223236573365819,1.6195412449454216,0.05612334538402474,0,0,0,0.2249999999991381,0.01605924530480046,11616.756431348622,586.7298852573757,1,
1,10000.0,300.0,0.5,CLASSICAL_KAPPA,oracle,15.0,0,1421.604600276798,40866350.57391124,1.3408289073373452,1.6195412449454216,0.5236957277870492,1.6195412449454216,0.056118149758072645,0,0,0,0.2083333333324724,0.016016134771018205,11616.715057063848,586.7309084171619,1,
2,10000.0,300.0,0.5,CLASSICAL_KAPPA,oracle,15.0,0,1421.660400353372,40867888.517306186,1.3408289073373452,1.6195412449454216,0.5219296067573833,1.6195412449454216,0.056121824978260744,0,0,0,0.23333333333247097,0.01604469949592791,11616.770857140422,586.7298806086616,1,
3,10000.0,300.0,0.5,CLASSICAL_KAPPA,oracle,15.0,0,1421.6560502499342,40867790.11446351,1.3408289073373452,1.6195412449454216,0.5205009922187418,1.6195412449454216,0.05612289547782566,0,0,0,0.23333333333247097,0.01606206630960338,11616.766507036984,586.7294842270557,1,
4,10000.0,300.0,0.5,CLASSICAL_KAPPA,oracle,15.0,0,1421.6718497797847,40867622.069710195,1.3408289073373452,1.6195412449454216,0.5211549558850678,1.6195412449454216,0.05612851520397756,0,0,0,0.21666666666580525,0.015978989773696342,11616.782306566834,586.729546150553,1,
5,10000.0,300.0,0.5,CLASSICAL_KAPPA,oracle,15.0,0,1421.6322475075722,40868483.664855845,1.3408289073373452,1.6195412449454216,0.5215464592678064,1.6195412449454216,0.056120933966795176,0,0,0,0.2249999999991381,0.01602216878650465,11616.742704294622,586.730285335038,1,
6,10000.0,300.0,0.5,CLASSICAL_KAPPA,oracle,15.0,0,1421.5910163149238,40865665.554019414,1.3408289073373452,1.6195412449454216,0.523580927156094,1.6195412449454216,0.056114488249087456,0,0,0,0.2083333333324724,0.015971455278603604,11616.701473101974,586.7312467846056,1,
7,10000.0,300.0,0.5,CLASSICAL_KAPPA,oracle,15.0,0,1421.661249589175,40867971.10779836,1.3408289073373452,1.6195412449454216,0.5220327290316691,1.6195412449454216,0.05612317568113022,0,0,0,0.2249999999991381,0.015929471474216684,11616.771706376225,586.7296686012954,1,
8,10000.0,300.0,0.5,CLASSICAL_KAPPA,oracle,15.0,0,1421.6063878498971,40866152.93846883,1.3408289073373452,1.6195412449454216,0.5214237221709376,1.6195412449454216,0.05611850429027399,0,0,0,0.19166666666580667,0.01605967129773139,11616.716844636947,586.7303852624365,1,
9,10000.0,300.0,0.5,CLASSICAL_KAPPA,oracle,15.0,0,1421.6404411159456,40867297.6831551,1.3408289073373452,1.6195412449454216,0.5219377168625279,1.6195412449454216,0.05612425346310508,0,0,0,0.23333333333247097,0.016216451956713514,11616.750897902995,586.7302139897624,1,
10,10000.0,300.0,0.5,CLASSICAL_KAPPA,oracle,15.0,0,1421.6036211811006,40866162.61123732,1.3408289073373452,1.6195412449454216,0.5228981819002708,1.6195412449454216,0.0561154876085661,0,0,0,0.21666666666580525,0.015849011405404234,11616.71407796815,586.7305128153968,1,
11,10000.0,300.0,0.5,CLASSICAL_KAPPA,oracle,15.0,0,1421.6347574479878,40867325.300955206,1.3408289073373452,1.6195412449454216,0.5217483139148479,1.6195412449454216,0.056116052467486605,0,0,0,0.2083333333324724,0.016000721465002005,11616.745214235038,586.7302278386608,1,
12,10000.0,300.0,0.5,CLASSICAL_KAPPA,oracle,15.0,0,1421.6366554312408,40866734.839725256,1.3408289073373452,1.6195412449454216,0.5233626267767721,1.6195412449454216,0.056117188178071056,0,0,0,0.23333333333247097,0.015962242500461164,11616.74711221829,586.7300565543205,1,
13,10000.0,300.0,0.5,CLASSICAL_KAPPA,oracle,15.0,0,1421.6122284531593,40866928.64484369,1.3408289073373452,1.6195412449454216,0.5233798743930708,1.6195412449454216,0.056117588086282005,0,0,0,0.2249999999991381,0.0160698595208309,11616.72268524021,586.7306981208515,1,
14,10000.0,300.0,0.5,CLASSICAL_KAPPA,oracle,15.0,0,1421.6189294569194,40867005.275459945,1.3408289073373452,1.6195412449454216,0.5230164137918633,1.6195412449454216,0.056117664386720625,0,0,0,0.23333333333247097,0.016024290779210602,11616.72938624397,586.7305826477414,1,
15,10000.0,300.0,0.5,CLASSICAL_KAPPA,oracle,15.0,0,1421.665625989437,40868373.14164849,1.3408289073373452,1.6195412449454216,0.5219303431533109,1.6195412449454216,0.05612543795333481,0,0,0,0.23333333333247097,0.016037715663493393,11616.776082776487,586.7297883396398,1,
16,10000.0,300.0,0.5,CLASSICAL_KAPPA,oracle,15.0,0,1421.5831832140684,40865469.79049896,1.3408289073373452,1.6195412449454216,0.5231270819027797,1.6195412449454216,0.056118390858268835,0,0,0,0.23333333333247097,0.016040590102517807,11616.693640001118,586.7312188809559,1,
17,10000.0,300.0,0.5,CLASSICAL_KAPPA,oracle,15.0,0,1421.7087044008076,40868839.186774015,1.3408289073373452,1.6195412449454216,0.5216451191174303,1.6195412449454216,0.05612686144277399,0,0,0,0.2249999999991381,0.016007176118481455,11616.819161187857,586.7288552473223,1,
18,10000.0,300.0,0.5,CLASSICAL_KAPPA,oracle,15.0,0,1421.6398486830294,40866215.25367553,1.3408289073373452,1.6195412449454216,0.5235547262583811,1.6195412449454216,0.05611780057799541,0,0,0,0.24166666666580383,0.01611198894904794,11616.75030547008,586.7302128482066,1,
19,10000.0,300.0,0.5,CLASSICAL_KAPPA,oracle,15.0,0,1421.6649749837816,40867348.3285161,1.3408289073373452,1.6195412449454216,0.5210978734603189,1.6195412449454216,0.05612383711694056,0,0,0,0.2249999999991381,0.015925122528085218,11616.775431770831,586.7293872179785,1,
0,10000.0,300.0,0.5,TECS_MRAC,none,15.0,0,1464.5453892201185,46080580.01597391,3.891747289974233,2.7732172016619634,0.46626780039691945,2.7732172016619634,0.05612225101937784,0,0,0,nan,0.5,11659.655846007168,586.4750637223033,1,
1,10000.0,300.0,0.5,TECS_MRAC,none,15.0,0,1464.5453892201185,46080580.01597391,3.891747289974233,2.7732172016619634,0.46626780039691945,2.7732172016619634,0.05612225101937784,0,0,0,nan,0.5,11659.655846007168,586.4750637223033,1,
2,10000.0,300.0,0.5,TECS_MRAC,none,15.0,0,1464.5453892201185,46080580.01597391,3.891747289974233,2.7732172016619634,0.46626780039691945,2.7732172016619634,0.05612225101937784,0,0,0,nan,0.5,11659.655846007168,586.4750637223033,1,
3,10000.0,300.0,0.5,TECS_MRAC,none,15.0,0,1464.5453892201185,46080580.01597391,3.891747289974233,2.7732172016619634,0.46626780039691945,2.7732172016619634,0.05612225101937784,0,0,0,nan,0.5,11659.655846007168,586.4750637223033,1,
4,10000.0,300.0,0.5,TECS_MRAC,none,15.0,0,1464.5453892201185,46080580.01597391,3.891747289974233,2.7732172016619634,0.46626780039691945,2.7732172016619634,0.05612225101937784,0,0,0,nan,0.5,11659.655846007168,586.4750637223033,1,
5,10000.0,300.0,0.5,TECS_MRAC,none,15.0,0,1464.5453892201185,46080580.01597391,3.891747289974233,2.7732172016619634,0.46626780039691945,2.7732172016619634,0.05612225101937784,0,0,0,nan,0.5,11659.655846007168,586.4750637223033,1,
6,10000.0,300.0,0.5,TECS_MRAC,none,15.0,0,1464.5453892201185,46080580.01597391,3.891747289974233,2.7732172016619634,0.46626780039691945,2.7732172016619634,0.05612225101937784,0,0,0,nan,0.5,11659.655846007168,586.4750637223033,1,
7,10000.0,300.0,0.5,TECS_MRAC,none,15.0,0,1464.5453892201185,46080580.01597391,3.891747289974233,2.7732172016619634,0.46626780039691945,2.7732172016619634,0.05612225101937784,0,0,0,nan,0.5,11659.655846007168,586.4750637223033,1,
8,10000.0,300.0,0.5,TECS_MRAC,none,15.0,0,1464.5453892201185,46080580.01597391,3.891747289974233,2.7732172016619634,0.46626780039691945,2.7732172016619634,0.05612225101937784,0,0,0,nan,0.5,11659.655846007168,586.4750637223033,1,
9,10000.0,300.0,0.5,TECS_MRAC,none,15.0,0,1464.5453892201185,46080580.01597391,3.891747289974233,2.7732172016619634,0.46626780039691945,2.7732172016619634,0.05612225101937784,0,0,0,nan,0.5,11659.655846007168,586.4750637223033,1,
10,10000.0,300.0,0.5,TECS_MRAC,none,15.0,0,1464.5453892201185,46080580.01597391,3.891747289974233,2.7732172016619634,0.46626780039691945,2.7732172016619634,0.05612225101937784,0,0,0,nan,0.5,11659.655846007168,586.4750637223033,1,
11,10000.0,300.0,0.5,TECS_MRAC,none,15.0,0,1464.5453892201185,46080580.01597391,3.891747289974233,2.7732172016619634,0.46626780039691945,2.7732172016619634,0.05612225101937784,0,0,0,nan,0.5,11659.655846007168,586.4750637223033,1,
12,10000.0,300.0,0.5,TECS_MRAC,none,15.0,0,1464.5453892201185,46080580.01597391,3.891747289974233,2.7732172016619634,0.46626780039691945,2.7732172016619634,0.05612225101937784,0,0,0,nan,0.5,11659.655846007168,586.4750637223033,1,
13,10000.0,300.0,0.5,TECS_MRAC,none,15.0,0,1464.5453892201185,46080580.01597391,3.891747289974233,2.7732172016619634,0.46626780039691945,2.7732172016619634,0.05612225101937784,0,0,0,nan,0.5,11659.655846007168,586.4750637223033,1,
14,10000.0,300.0,0.5,TECS_MRAC,none,15.0,0,1464.5453892201185,46080580.01597391,3.891747289974233,2.7732172016619634,0.46626780039691945,2.7732172016619634,0.05612225101937784,0,0,0,nan,0.5,11659.655846007168,586.4750637223033,1,
15,10000.0,300.0,0.5,TECS_MRAC,none,15.0,0,1464.5453892201185,46080580.01597391,3.891747289974233,2.7732172016619634,0.46626780039691945,2.7732172016619634,0.05612225101937784,0,0,0,nan,0.5,11659.655846007168,586.4750637223033,1,
16,10000.0,300.0,0.5,TECS_MRAC,none,15.0,0,1464.5453892201185,46080580.01597391,3.891747289974233,2.7732172016619634,0.46626780039691945,2.7732172016619634,0.05612225101937784,0,0,0,nan,0.5,11659.655846007168,586.4750637223033,1,
17,10000.0,300.0,0.5,TECS_MRAC,none,15.0,0,1464.5453892201185,46080580.01597391,3.891747289974233,2.7732172016619634,0.46626780039691945,2.7732172016619634,0.05612225101937784,0,0,0,nan,0.5,11659.655846007168,586.4750637223033,1,
18,10000.0,300.0,0.5,TECS_MRAC,none,15.0,0,1464.5453892201185,46080580.01597391,3.891747289974233,2.7732172016619634,0.46626780039691945,2.7732172016619634,0.05612225101937784,0,0,0,nan,0.5,11659.655846007168,586.4750637223033,1,
19,10000.0,300.0,0.5,TECS_MRAC,none,15.0,0,1464.5453892201185,46080580.01597391,3.891747289974233,2.7732172016619634,0.46626780039691945,2.7732172016619634,0.05612225101937784,0,0,0,nan,0.5,11659.655846007168,586.4750637223033,1,
0,10000.0,300.0,0.5,HYBRID,oracle,15.0,0,1441.1531486697495,44628637.27847054,3.891747289974233,2.7732172016619634,0.46899850804200505,2.7732172016619634,0.05618388528895303,0,0,0,0.2249999999991381,0.01605924530480046,11636.2636054568,586.7351900772652,1,
1,10000.0,300.0,0.5,HYBRID,oracle,15.0,0,1441.1423666253686,44629369.36957553,3.891747289974233,2.7732172016619634,0.470165235095392,2.7732172016619634,0.056181960265419814,0,0,0,0.2083333333324724,0.016016134771018205,11636.252823412418,586.7356468143568,1,
2,10000.0,300.0,0.5,HYBRID,oracle,15.0,0,1441.207812666893,44631198.50393711,3.891747289974233,2.7732172016619634,0.46840017476920826,2.7732172016619634,0.05618638193733635,0,0,0,0.23333333333247097,0.01604469949592791,11636.318269453943,586.7344748037782,1,
3,10000.0,300.0,0.5,HYBRID,oracle,15.0,0,1441.1573679558933,44628919.44444579,3.891747289974233,2.7732172016619634,0.46715762445477216,2.7732172016619634,0.056182321159928814,0,0,0,0.23333333333247097,0.01606206630960338,11636.267824742943,586.7346901367581,1,
4,10000.0,300.0,0.5,HYBRID,oracle,15.0,0,1441.153464589268,44629729.67126592,3.891747289974233,2.7732172016619634,0.46776641114669976,2.7732172016619634,0.05618695871676407,0,0,0,0.21666666666580525,0.015978989773696342,11636.263921376318,586.7354239953364,1,
5,10000.0,300.0,0.5,HYBRID,oracle,15.0,0,1441.1650769896805,44630649.39672838,3.891747289974233,2.7732172016619634,0.4682906917938124,2.7732172016619634,0.05618306583000887,0,0,0,0.2249999999991381,0.01602216878650465,11636.27553377673,586.7350131330734,1,
6,10000.0,300.0,0.5,HYBRID,oracle,15.0,0,1441.1783473417163,44631587.25629966,3.891747289974233,2.7732172016619634,0.4700013085667435,2.7732172016619634,0.05618329513216287,0,0,0,0.2083333333324724,0.015971455278603604,11636.288804128766,586.7354377007665,1,
7,10000.0,300.0,0.5,HYBRID,oracle,15.0,0,1441.1941299811006,44630918.028349094,3.891747289974233,2.7732172016619634,0.46862641476702727,2.7732172016619634,0.05618628413088585,0,0,0,0.2249999999991381,0.015929471474216684,11636.30458676815,586.7345366097082,1,
8,10000.0,300.0,0.5,HYBRID,oracle,15.0,0,1441.144478827715,44629092.5899738,3.891747289974233,2.7732172016619634,0.46807242322806075,2.7732172016619634,0.05618121549397148,0,0,0,0.19166666666580667,0.01605967129773139,11636.254935614765,586.7350948371993,1,
9,10000.0,300.0,0.5,HYBRID,oracle,15.0,0,1441.1734442152083,44630265.81322075,3.891747289974233,2.7732172016619634,0.4684239896372382,2.7732172016619634,0.05618672822453208,0,0,0,0.23333333333247097,0.016216451956713514,11636.283901002258,586.7350552595643,1,
10,10000.0,300.0,0.5,HYBRID,oracle,15.0,0,1441.1357663497329,44628045.06166729,3.891747289974233,2.7732172016619634,0.469345655221999,2.7732172016619634,0.05617745110261021,0,0,0,0.21666666666580525,0.015849011405404234,11636.246223136783,586.7351995263726,1,
11,10000.0,300.0,0.5,HYBRID,oracle,15.0,0,1441.1617800556123,44629902.5228384,3.891747289974233,2.7732172016619634,0.46822267558327474,2.7732172016619634,0.056178947890695094,0,0,0,0.2083333333324724,0.016000721465002005,11636.272236842662,586.7351524142915,1,
12,10000.0,300.0,0.5,HYBRID,oracle,15.0,0,1441.1673286743462,44628777.307156004,3.891747289974233,2.7732172016619634,0.4699183780966712,2.7732172016619634,0.056179521991978024,0,0,0,0.23333333333247097,0.015962242500461164,11636.277785461396,586.7347790435108,1,
13,10000.0,300.0,0.5,HYBRID,oracle,15.0,0,1441.1623979918659,44630811.18941426,3.891747289974233,2.7732172016619634,0.46975084002773565,2.7732172016619634,0.056182499439894965,0,0,0,0.2249999999991381,0.0160698595208309,11636.272854778916,586.735378454035,1,
14,10000.0,300.0,0.5,HYBRID,oracle,15.0,0,1441.1650626920164,44630307.96685822,3.891747289974233,2.7732172016619634,0.4695213908834654,2.7732172016619634,0.05618140247475059,0,0,0,0.23333333333247097,0.016024290779210602,11636.275519479066,586.735232157265,1,
15,10000.0,300.0,0.5,HYBRID,oracle,15.0,0,1441.189923323691,44630074.80869831,3.891747289974233,2.7732172016619634,0.46834676450233437,2.7732172016619634,0.056185502679691156,0,0,0,0.23333333333247097,0.016037715663493393,11636.30038011074,586.73465027715,1,
16,10000.0,300.0,0.5,HYBRID,oracle,15.0,0,1441.1631925143301,44629192.11364246,3.891747289974233,2.7732172016619634,0.4695547250814819,2.7732172016619634,0.05618429471412171,0,0,0,0.23333333333247097,0.016040590102517807,11636.27364930138,586.7351527375314,1,
17,10000.0,300.0,0.5,HYBRID,oracle,15.0,0,1441.1808685585856,44630167.59484543,3.891747289974233,2.7732172016619634,0.468221533991651,2.7732172016619634,0.05618409566798799,0,0,0,0.2249999999991381,0.016007176118481455,11636.291325345635,586.7347795428785,1,
18,10000.0,300.0,0.5,HYBRID,oracle,15.0,0,1441.1912426948547,44630031.942154154,3.891747289974233,2.7732172016619634,0.4700126952635337,2.7732172016619634,0.05618279744946862,0,0,0,0.24166666666580383,0.01611198894904794,11636.301699481905,586.7348046668841,1,
19,10000.0,300.0,0.5,HYBRID,oracle,15.0,0,1441.1979169473052,44631263.06630573,3.891747289974233,2.7732172016619634,0.4677048195090123,2.7732172016619634,0.05618756750183871,0,0,0,0.2249999999991381,0.015925122528085218,11636.308373734355,586.7343976970928,1,
0,10000.0,300.0,0.5,FULL_STACK,oracle,15.0,0,1445.8524568974972,45022927.144282475,3.891747289974233,2.7732172016619634,0.4674270286420103,2.7732172016619634,0.05621597817632096,5373,0,0,0.2249999999991381,0.01605924530480046,11640.962913684547,586.6933642904447,1,
1,10000.0,300.0,0.5,FULL_STACK,oracle,15.0,0,1445.830486305058,45023240.48598381,3.891747289974233,2.7732172016619634,0.4685030573781134,2.7732172016619634,0.056212601058159936,5371,0,0,0.2083333333324724,0.016016134771018205,11640.940943092108,586.6939812594366,1,
2,10000.0,300.0,0.5,FULL_STACK,oracle,15.0,0,1445.8810939826071,45024732.63526248,3.891747289974233,2.7732172016619634,0.4668460700091759,2.7732172016619634,0.056216359204732336,5371,0,0,0.23333333333247097,0.01604469949592791,11640.991550769657,586.6930859359334,1,
3,10000.0,300.0,0.5,FULL_STACK,oracle,15.0,0,1445.837963130325,45022798.98014609,3.891747289974233,2.7732172016619634,0.4655065200367623,2.7732172016619634,0.05621349678424391,5371,0,0,0.23333333333247097,0.01606206630960338,11640.948419917375,586.6931871959525,1,
4,10000.0,300.0,0.5,FULL_STACK,oracle,15.0,0,1445.8412468880415,45023320.39272853,3.891747289974233,2.7732172016619634,0.46623189362895684,2.7732172016619634,0.05621775771231872,5372,0,0,0.21666666666580525,0.015978989773696342,11640.951703675091,586.6937110394789,1,
5,10000.0,300.0,0.5,FULL_STACK,oracle,15.0,0,1445.8606497086585,45025173.78947374,3.891747289974233,2.7732172016619634,0.46660373302089914,2.7732172016619634,0.05621511309703534,5373,0,0,0.2249999999991381,0.01602216878650465,11640.971106495708,586.6932931289521,1,
6,10000.0,300.0,0.5,FULL_STACK,oracle,15.0,0,1445.8675150834024,45024738.03598713,3.891747289974233,2.7732172016619634,0.46852117285474976,2.7732172016619634,0.056214390822753604,5372,0,0,0.2083333333324724,0.015971455278603604,11640.977971870452,586.693604512432,1,
7,10000.0,300.0,0.5,FULL_STACK,oracle,15.0,0,1445.8717807680368,45024643.981950715,3.891747289974233,2.7732172016619634,0.46701583707387984,2.7732172016619634,0.05621617024598252,5373,0,0,0.2249999999991381,0.015929471474216684,11640.982237555087,586.6930755671382,1,
8,10000.0,300.0,0.5,FULL_STACK,oracle,15.0,0,1445.8572828508914,45023495.965447485,3.891747289974233,2.7732172016619634,0.46638486788009825,2.7732172016619634,0.056213488710857976,5370,0,0,0.19166666666580667,0.01605967129773139,11640.967739637941,586.692995506254,1,
9,10000.0,300.0,0.5,FULL_STACK,oracle,15.0,0,1445.8414137475193,45023612.13718547,3.891747289974233,2.7732172016619634,0.4669022953527992,2.7732172016619634,0.056216010080872,5371,0,0,0.23333333333247097,0.016216451956713514,11640.951870534569,586.6937738650234,1,
10,10000.0,300.0,0.5,FULL_STACK,oracle,15.0,0,1445.8588853180408,45023428.92878633,3.891747289974233,2.7732172016619634,0.4677222175654317,2.7732172016619634,0.05621225790715249,5370,0,0,0.21666666666580525,0.015849011405404234,11640.96934210509,586.6930176766737,1,
11,10000.0,300.0,0.5,FULL_STACK,oracle,15.0,0,1445.8661323376,45023286.23698501,3.891747289974233,2.7732172016619634,0.46663792248960545,2.7732172016619634,0.056210238738398415,5373,0,0,0.2083333333324724,0.016000721465002005,11640.97658912465,586.6930261463987,1,
12,10000.0,300.0,0.5,FULL_STACK,oracle,15.0,0,1445.8924258723855,45024128.42896319,3.891747289974233,2.7732172016619634,0.4681609892157329,2.7732172016619634,0.05621457534947498,5370,0,0,0.23333333333247097,0.015962242500461164,11641.002882659435,586.6925802646044,1,
13,10000.0,300.0,0.5,FULL_STACK,oracle,15.0,0,1445.8685176074505,45024701.65124448,3.891747289974233,2.7732172016619634,0.46810521471067695,2.7732172016619634,0.05621447856428978,5370,0,0,0.2249999999991381,0.0160698595208309,11640.9789743945,586.6932897518682,1,
14,10000.0,300.0,0.5,FULL_STACK,oracle,15.0,0,1445.803806245327,45022700.66108318,3.891747289974233,2.7732172016619634,0.4678568996859795,2.7732172016619634,0.05620750234082674,5370,0,0,0.23333333333247097,0.016024290779210602,11640.914263032377,586.6944483794547,1,
15,10000.0,300.0,0.5,FULL_STACK,oracle,15.0,0,1445.8449321761727,45022288.05548738,3.891747289974233,2.7732172016619634,0.46678821239543555,2.7732172016619634,0.05621345888297849,5371,0,0,0.23333333333247097,0.016037715663493393,11640.955388963223,586.6934767694676,1,
16,10000.0,300.0,0.5,FULL_STACK,oracle,15.0,0,1445.8258363939822,45022441.23111455,3.891747289974233,2.7732172016619634,0.46816908167690746,2.7732172016619634,0.056214213475778964,5369,0,0,0.23333333333247097,0.016040590102517807,11640.936293181032,586.6939693542475,1,
17,10000.0,300.0,0.5,FULL_STACK,oracle,15.0,0,1445.8761570714414,45024229.538936935,3.891747289974233,2.7732172016619634,0.46658893640418586,2.7732172016619634,0.056215853699567636,5371,0,0,0.2249999999991381,0.016007176118481455,11640.986613858491,586.6929893641867,1,
18,10000.0,300.0,0.5,FULL_STACK,oracle,15.0,0,1445.870832361281,45022923.677593745,3.891747289974233,2.7732172016619634,0.4683616451513439,2.7732172016619634,0.056212849591101316,5370,0,0,0.24166666666580383,0.01611198894904794,11640.98128914833,586.693186485957,1,
19,10000.0,300.0,0.5,FULL_STACK,oracle,15.0,0,1445.8551846891642,45023495.461955786,3.891747289974233,2.7732172016619634,0.4660126353563309,2.7732172016619634,0.056214877346837895,5372,0,0,0.2249999999991381,0.015925122528085218,11640.965641476214,586.6931308439022,1,
0,15000.0,400.0,1.0,BASELINE,none,1000000000.0,0,571.060782648623,6893631.842530919,0.5626567344364675,0.38452467214230635,-0.057587010645151024,0.38452467214230635,0.0029939324875713474,0,0,0,nan,nan,15664.291694704443,560.8866386566232,1,
1,15000.0,400.0,1.0,BASELINE,none,1000000000.0,0,571.060782648623,6893631.842530919,0.5626567344364675,0.38452467214230635,-0.057587010645151024,0.38452467214230635,0.0029939324875713474,0,0,0,nan,nan,15664.291694704443,560.8866386566232,1,
2,15000.0,400.0,1.0,BASELINE,none,1000000000.0,0,571.060782648623,6893631.842530919,0.5626567344364675,0.38452467214230635,-0.057587010645151024,0.38452467214230635,0.0029939324875713474,0,0,0,nan,nan,15664.291694704443,560.8866386566232,1,
3,15000.0,400.0,1.0,BASELINE,none,1000000000.0,0,571.060782648623,6893631.842530919,0.5626567344364675,0.38452467214230635,-0.057587010645151024,0.38452467214230635,0.0029939324875713474,0,0,0,nan,nan,15664.291694704443,560.8866386566232,1,
4,15000.0,400.0,1.0,BASELINE,none,1000000000.0,0,571.060782648623,6893631.842530919,0.5626567344364675,0.38452467214230635,-0.057587010645151024,0.38452467214230635,0.0029939324875713474,0,0,0,nan,nan,15664.291694704443,560.8866386566232,1,
5,15000.0,400.0,1.0,BASELINE,none,1000000000.0,0,571.060782648623,6893631.842530919,0.5626567344364675,0.38452467214230635,-0.057587010645151024,0.38452467214230635,0.0029939324875713474,0,0,0,nan,nan,15664.291694704443,560.8866386566232,1,
6,15000.0,400.0,1.0,BASELINE,none,1000000000.0,0,571.060782648623,6893631.842530919,0.5626567344364675,0.38452467214230635,-0.057587010645151024,0.38452467214230635,0.0029939324875713474,0,0,0,nan,nan,15664.291694704443,560.8866386566232,1,
7,15000.0,400.0,1.0,BASELINE,none,1000000000.0,0,571.060782648623,6893631.842530919,0.5626567344364675,0.38452467214230635,-0.057587010645151024,0.38452467214230635,0.0029939324875713474,0,0,0,nan,nan,15664.291694704443,560.8866386566232,1,
8,15000.0,400.0,1.0,BASELINE,none,1000000000.0,0,571.060782648623,6893631.842530919,0.5626567344364675,0.38452467214230635,-0.057587010645151024,0.38452467214230635,0.0029939324875713474,0,0,0,nan,nan,15664.291694704443,560.8866386566232,1,
9,15000.0,400.0,1.0,BASELINE,none,1000000000.0,0,571.060782648623,6893631.842530919,0.5626567344364675,0.38452467214230635,-0.057587010645151024,0.38452467214230635,0.0029939324875713474,0,0,0,nan,nan,15664.291694704443,560.8866386566232,1,
10,15000.0,400.0,1.0,BASELINE,none,1000000000.0,0,571.060782648623,6893631.842530919,0.5626567344364675,0.38452467214230635,-0.057587010645151024,0.38452467214230635,0.0029939324875713474,0,0,0,nan,nan,15664.291694704443,560.8866386566232,1,
11,15000.0,400.0,1.0,BASELINE,none,1000000000.0,0,571.060782648623,6893631.842530919,0.5626567344364675,0.38452467214230635,-0.057587010645151024,0.38452467214230635,0.0029939324875713474,0,0,0,nan,nan,15664.291694704443,560.8866386566232,1,
12,15000.0,400.0,1.0,BASELINE,none,1000000000.0,0,571.060782648623,6893631.842530919,0.5626567344364675,0.38452467214230635,-0.057587010645151024,0.38452467214230635,0.0029939324875713474,0,0,0,nan,nan,15664.291694704443,560.8866386566232,1,
13,15000.0,400.0,1.0,BASELINE,none,1000000000.0,0,571.060782648623,6893631.842530919,0.5626567344364675,0.38452467214230635,-0.057587010645151024,0.38452467214230635,0.0029939324875713474,0,0,0,nan,nan,15664.291694704443,560.8866386566232,1,
14,15000.0,400.0,1.0,BASELINE,none,1000000000.0,0,571.060782648623,6893631.842530919,0.5626567344364675,0.38452467214230635,-0.057587010645151024,0.38452467214230635,0.0029939324875713474,0,0,0,nan,nan,15664.291694704443,560.8866386566232,1,
15,15000.0,400.0,1.0,BASELINE,none,1000000000.0,0,571.060782648623,6893631.842530919,0.5626567344364675,0.38452467214230635,-0.057587010645151024,0.38452467214230635,0.0029939324875713474,0,0,0,nan,nan,15664.291694704443,560.8866386566232,1,
16,15000.0,400.0,1.0,BASELINE,none,1000000000.0,0,571.060782648623,6893631.842530919,0.5626567344364675,0.38452467214230635,-0.057587010645151024,0.38452467214230635,0.0029939324875713474,0,0,0,nan,nan,15664.291694704443,560.8866386566232,1,
17,15000.0,400.0,1.0,BASELINE,none,1000000000.0,0,571.060782648623,6893631.842530919,0.5626567344364675,0.38452467214230635,-0.057587010645151024,0.38452467214230635,0.0029939324875713474,0,0,0,nan,nan,15664.291694704443,560.8866386566232,1,
18,15000.0,400.0,1.0,BASELINE,none,1000000000.0,0,571.060782648623,6893631.842530919,0.5626567344364675,0.38452467214230635,-0.057587010645151024,0.38452467214230635,0.0029939324875713474,0,0,0,nan,nan,15664.291694704443,560.8866386566232,1,
19,15000.0,400.0,1.0,BASELINE,none,1000000000.0,0,571.060782648623,6893631.842530919,0.5626567344364675,0.38452467214230635,-0.057587010645151024,0.38452467214230635,0.0029939324875713474,0,0,0,nan,nan,15664.291694704443,560.8866386566232,1,
0,15000.0,400.0,1.0,CLASSICAL_KAPPA,oracle,1000000000.0,0,571.060782648623,6893631.842530919,0.5626567344364675,0.38452467214230635,-0.057587010645151024,0.38452467214230635,0.0029939324875713474,0,0,0,nan,nan,15664.291694704443,560.8866386566232,1,
1,15000.0,400.0,1.0,CLASSICAL_KAPPA,oracle,1000000000.0,0,571.060782648623,6893631.842530919,0.5626567344364675,0.38452467214230635,-0.057587010645151024,0.38452467214230635,0.0029939324875713474,0,0,0,nan,nan,15664.291694704443,560.8866386566232,1,
2,15000.0,400.0,1.0,CLASSICAL_KAPPA,oracle,1000000000.0,0,571.060782648623,6893631.842530919,0.5626567344364675,0.38452467214230635,-0.057587010645151024,0.38452467214230635,0.0029939324875713474,0,0,0,nan,nan,15664.291694704443,560.8866386566232,1,
3,15000.0,400.0,1.0,CLASSICAL_KAPPA,oracle,1000000000.0,0,571.060782648623,6893631.842530919,0.5626567344364675,0.38452467214230635,-0.057587010645151024,0.38452467214230635,0.0029939324875713474,0,0,0,nan,nan,15664.291694704443,560.8866386566232,1,
4,15000.0,400.0,1.0,CLASSICAL_KAPPA,oracle,1000000000.0,0,571.060782648623,6893631.842530919,0.5626567344364675,0.38452467214230635,-0.057587010645151024,0.38452467214230635,0.0029939324875713474,0,0,0,nan,nan,15664.291694704443,560.8866386566232,1,
5,15000.0,400.0,1.0,CLASSICAL_KAPPA,oracle,1000000000.0,0,571.060782648623,6893631.842530919,0.5626567344364675,0.38452467214230635,-0.057587010645151024,0.38452467214230635,0.0029939324875713474,0,0,0,nan,nan,15664.291694704443,560.8866386566232,1,
6,15000.0,400.0,1.0,CLASSICAL_KAPPA,oracle,1000000000.0,0,571.060782648623,6893631.842530919,0.5626567344364675,0.38452467214230635,-0.057587010645151024,0.38452467214230635,0.0029939324875713474,0,0,0,nan,nan,15664.291694704443,560.8866386566232,1,
7,15000.0,400.0,1.0,CLASSICAL_KAPPA,oracle,1000000000.0,0,571.060782648623,6893631.842530919,0.5626567344364675,0.38452467214230635,-0.057587010645151024,0.38452467214230635,0.0029939324875713474,0,0,0,nan,nan,15664.291694704443,560.8866386566232,1,
8,15000.0,400.0,1.0,CLASSICAL_KAPPA,oracle,1000000000.0,0,571.060782648623,6893631.842530919,0.5626567344364675,0.38452467214230635,-0.057587010645151024,0.38452467214230635,0.0029939324875713474,0,0,0,nan,nan,15664.291694704443,560.8866386566232,1,
9,15000.0,400.0,1.0,CLASSICAL_KAPPA,oracle,1000000000.0,0,571.060782648623,6893631.842530919,0.5626567344364675,0.38452467214230635,-0.057587010645151024,0.38452467214230635,0.0029939324875713474,0,0,0,nan,nan,15664.291694704443,560.8866386566232,1,
10,15000.0,400.0,1.0,CLASSICAL_KAPPA,oracle,1000000000.0,0,571.060782648623,6893631.842530919,0.5626567344364675,0.38452467214230635,-0.057587010645151024,0.38452467214230635,0.0029939324875713474,0,0,0,nan,nan,15664.291694704443,560.8866386566232,1,
11,15000.0,400.0,1.0,CLASSICAL_KAPPA,oracle,1000000000.0,0,571.060782648623,6893631.842530919,0.5626567344364675,0.38452467214230635,-0.057587010645151024,0.38452467214230635,0.0029939324875713474,0,0,0,nan,nan,15664.291694704443,560.8866386566232,1,
12,15000.0,400.0,1.0,CLASSICAL_KAPPA,oracle,1000000000.0,0,571.060782648623,6893631.842530919,0.5626567344364675,0.38452467214230635,-0.057587010645151024,0.38452467214230635,0.0029939324875713474,0,0,0,nan,nan,15664.291694704443,560.8866386566232,1,
13,15000.0,400.0,1.0,CLASSICAL_KAPPA,oracle,1000000000.0,0,571.060782648623,6893631.842530919,0.5626567344364675,0.38452467214230635,-0.057587010645151024,0.38452467214230635,0.0029939324875713474,0,0,0,nan,nan,15664.291694704443,560.8866386566232,1,
14,15000.0,400.0,1.0,CLASSICAL_KAPPA,oracle,1000000000.0,0,571.060782648623,6893631.842530919,0.5626567344364675,0.38452467214230635,-0.057587010645151024,0.38452467214230635,0.0029939324875713474,0,0,0,nan,nan,15664.291694704443,560.8866386566232,1,
15,15000.0,400.0,1.0,CLASSICAL_KAPPA,oracle,1000000000.0,0,571.060782648623,6893631.842530919,0.5626567344364675,0.38452467214230635,-0.057587010645151024,0.38452467214230635,0.0029939324875713474,0,0,0,nan,nan,15664.291694704443,560.8866386566232,1,
16,15000.0,400.0,1.0,CLASSICAL_KAPPA,oracle,1000000000.0,0,571.060782648623,6893631.842530919,0.5626567344364675,0.38452467214230635,-0.057587010645151024,0.38452467214230635,0.0029939324875713474,0,0,0,nan,nan,15664.291694704443,560.8866386566232,1,
17,15000.0,400.0,1.0,CLASSICAL_KAPPA,oracle,1000000000.0,0,571.060782648623,6893631.842530919,0.5626567344364675,0.38452467214230635,-0.057587010645151024,0.38452467214230635,0.0029939324875713474,0,0,0,nan,nan,15664.291694704443,560.8866386566232,1,
18,15000.0,400.0,1.0,CLASSICAL_KAPPA,oracle,1000000000.0,0,571.060782648623,6893631.842530919,0.5626567344364675,0.38452467214230635,-0.057587010645151024,0.38452467214230635,0.0029939324875713474,0,0,0,nan,nan,15664.291694704443,560.8866386566232,1,
19,15000.0,400.0,1.0,CLASSICAL_KAPPA,oracle,1000000000.0,0,571.060782648623,6893631.842530919,0.5626567344364675,0.38452467214230635,-0.057587010645151024,0.38452467214230635,0.0029939324875713474,0,0,0,nan,nan,15664.291694704443,560.8866386566232,1,
0,15000.0,400.0,1.0,TECS_MRAC,none,1000000000.0,0,565.0050869993865,6942993.694612593,0.15907895606801742,0.4181366156043766,-0.07351141874416312,0.4181366156043766,0.0030433125064778595,0,0,0,nan,nan,15658.235999055207,561.0101701166975,1,
1,15000.0,400.0,1.0,TECS_MRAC,none,1000000000.0,0,565.0050869993865,6942993.694612593,0.15907895606801742,0.4181366156043766,-0.07351141874416312,0.4181366156043766,0.0030433125064778595,0,0,0,nan,nan,15658.235999055207,561.0101701166975,1,
2,15000.0,400.0,1.0,TECS_MRAC,none,1000000000.0,0,565.0050869993865,6942993.694612593,0.15907895606801742,0.4181366156043766,-0.07351141874416312,0.4181366156043766,0.0030433125064778595,0,0,0,nan,nan,15658.235999055207,561.0101701166975,1,
3,15000.0,400.0,1.0,TECS_MRAC,none,1000000000.0,0,565.0050869993865,6942993.694612593,0.15907895606801742,0.4181366156043766,-0.07351141874416312,0.4181366156043766,0.0030433125064778595,0,0,0,nan,nan,15658.235999055207,561.0101701166975,1,
4,15000.0,400.0,1.0,TECS_MRAC,none,1000000000.0,0,565.0050869993865,6942993.694612593,0.15907895606801742,0.4181366156043766,-0.07351141874416312,0.4181366156043766,0.0030433125064778595,0,0,0,nan,nan,15658.235999055207,561.0101701166975,1,
5,15000.0,400.0,1.0,TECS_MRAC,none,1000000000.0,0,565.0050869993865,6942993.694612593,0.15907895606801742,0.4181366156043766,-0.07351141874416312,0.4181366156043766,0.0030433125064778595,0,0,0,nan,nan,15658.235999055207,561.0101701166975,1,
6,15000.0,400.0,1.0,TECS_MRAC,none,1000000000.0,0,565.0050869993865,6942993.694612593,0.15907895606801742,0.4181366156043766,-0.07351141874416312,0.4181366156043766,0.0030433125064778595,0,0,0,nan,nan,15658.235999055207,561.0101701166975,1,
7,15000.0,400.0,1.0,TECS_MRAC,none,1000000000.0,0,565.0050869993865,6942993.694612593,0.15907895606801742,0.4181366156043766,-0.07351141874416312,0.4181366156043766,0.0030433125064778595,0,0,0,nan,nan,15658.235999055207,561.0101701166975,1,
8,15000.0,400.0,1.0,TECS_MRAC,none,1000000000.0,0,565.0050869993865,6942993.694612593,0.15907895606801742,0.4181366156043766,-0.07351141874416312,0.4181366156043766,0.0030433125064778595,0,0,0,nan,nan,15658.235999055207,561.0101701166975,1,
9,15000.0,400.0,1.0,TECS_MRAC,none,1000000000.0,0,565.0050869993865,6942993.694612593,0.15907895606801742,0.4181366156043766,-0.07351141874416312,0.4181366156043766,0.0030433125064778595,0,0,0,nan,nan,15658.235999055207,561.0101701166975,1,
10,15000.0,400.0,1.0,TECS_MRAC,none,1000000000.0,0,565.0050869993865,6942993.694612593,0.15907895606801742,0.4181366156043766,-0.07351141874416312,0.4181366156043766,0.0030433125064778595,0,0,0,nan,nan,15658.235999055207,561.0101701166975,1,
11,15000.0,400.0,1.0,TECS_MRAC,none,1000000000.0,0,565.0050869993865,6942993.694612593,0.15907895606801742,0.4181366156043766,-0.07351141874416312,0.4181366156043766,0.0030433125064778595,0,0,0,nan,nan,15658.235999055207,561.0101701166975,1,
12,15000.0,400.0,1.0,TECS_MRAC,none,1000000000.0,0,565.0050869993865,6942993.694612593,0.15907895606801742,0.4181366156043766,-0.07351141874416312,0.4181366156043766,0.0030433125064778595,0,0,0,nan,nan,15658.235999055207,561.0101701166975,1,
13,15000.0,400.0,1.0,TECS_MRAC,none,1000000000.0,0,565.0050869993865,6942993.694612593,0.15907895606801742,0.4181366156043766,-0.07351141874416312,0.4181366156043766,0.0030433125064778595,0,0,0,nan,nan,15658.235999055207,561.0101701166975,1,
14,15000.0,400.0,1.0,TECS_MRAC,none,1000000000.0,0,565.0050869993865,6942993.694612593,0.15907895606801742,0.4181366156043766,-0.07351141874416312,0.4181366156043766,0.0030433125064778595,0,0,0,nan,nan,15658.235999055207,561.0101701166975,1,
15,15000.0,400.0,1.0,TECS_MRAC,none,1000000000.0,0,565.0050869993865,6942993.694612593,0.15907895606801742,0.4181366156043766,-0.07351141874416312,0.4181366156043766,0.0030433125064778595,0,0,0,nan,nan,15658.235999055207,561.0101701166975,1,
16,15000.0,400.0,1.0,TECS_MRAC,none,1000000000.0,0,565.0050869993865,6942993.694612593,0.15907895606801742,0.4181366156043766,-0.07351141874416312,0.4181366156043766,0.0030433125064778595,0,0,0,nan,nan,15658.235999055207,561.0101701166975,1,
17,15000.0,400.0,1.0,TECS_MRAC,none,1000000000.0,0,565.0050869993865,6942993.694612593,0.15907895606801742,0.4181366156043766,-0.07351141874416312,0.4181366156043766,0.0030433125064778595,0,0,0,nan,nan,15658.235999055207,561.0101701166975,1,
18,15000.0,400.0,1.0,TECS_MRAC,none,1000000000.0,0,565.0050869993865,6942993.694612593,0.15907895606801742,0.4181366156043766,-0.07351141874416312,0.4181366156043766,0.0030433125064778595,0,0,0,nan,nan,15658.235999055207,561.0101701166975,1,
19,15000.0,400.0,1.0,TECS_MRAC,none,1000000000.0,0,565.0050869993865,6942993.694612593,0.15907895606801742,0.4181366156043766,-0.07351141874416312,0.4181366156043766,0.0030433125064778595,0,0,0,nan,nan,15658.235999055207,561.0101701166975,1,
0,15000.0,400.0,1.0,HYBRID,oracle,1000000000.0,0,565.0050869993865,6942993.694612593,0.15907895606801742,0.4181366156043766,-0.07351141874416312,0.4181366156043766,0.0030433125064778595,0,0,0,nan,nan,15658.235999055207,561.0101701166975,1,
1,15000.0,400.0,1.0,HYBRID,oracle,1000000000.0,0,565.0050869993865,6942993.694612593,0.15907895606801742,0.4181366156043766,-0.07351141874416312,0.4181366156043766,0.0030433125064778595,0,0,0,nan,nan,15658.235999055207,561.0101701166975,1,
2,15000.0,400.0,1.0,HYBRID,oracle,1000000000.0,0,565.0050869993865,6942993.694612593,0.15907895606801742,0.4181366156043766,-0.07351141874416312,0.4181366156043766,0.0030433125064778595,0,0,0,nan,nan,15658.235999055207,561.0101701166975,1,
3,15000.0,400.0,1.0,HYBRID,oracle,1000000000.0,0,565.0050869993865,6942993.694612593,0.15907895606801742,0.4181366156043766,-0.07351141874416312,0.4181366156043766,0.0030433125064778595,0,0,0,nan,nan,15658.235999055207,561.0101701166975,1,
4,15000.0,400.0,1.0,HYBRID,oracle,1000000000.0,0,565.0050869993865,6942993.694612593,0.15907895606801742,0.4181366156043766,-0.07351141874416312,0.4181366156043766,0.0030433125064778595,0,0,0,nan,nan,15658.235999055207,561.0101701166975,1,
5,15000.0,400.0,1.0,HYBRID,oracle,1000000000.0,0,565.0050869993865,6942993.694612593,0.15907895606801742,0.4181366156043766,-0.07351141874416312,0.4181366156043766,0.0030433125064778595,0,0,0,nan,nan,15658.235999055207,561.0101701166975,1,
6,15000.0,400.0,1.0,HYBRID,oracle,1000000000.0,0,565.0050869993865,6942993.694612593,0.15907895606801742,0.4181366156043766,-0.07351141874416312,0.4181366156043766,0.0030433125064778595,0,0,0,nan,nan,15658.235999055207,561.0101701166975,1,
7,15000.0,400.0,1.0,HYBRID,oracle,1000000000.0,0,565.0050869993865,6942993.694612593,0.15907895606801742,0.4181366156043766,-0.07351141874416312,0.4181366156043766,0.0030433125064778595,0,0,0,nan,nan,15658.235999055207,561.0101701166975,1,
8,15000.0,400.0,1.0,HYBRID,oracle,1000000000.0,0,565.0050869993865,6942993.694612593,0.15907895606801742,0.4181366156043766,-0.07351141874416312,0.4181366156043766,0.0030433125064778595,0,0,0,nan,nan,15658.235999055207,561.0101701166975,1,
9,15000.0,400.0,1.0,HYBRID,oracle,1000000000.0,0,565.0050869993865,6942993.694612593,0.15907895606801742,0.4181366156043766,-0.07351141874416312,0.4181366156043766,0.0030433125064778595,0,0,0,nan,nan,15658.235999055207,561.0101701166975,1,
10,15000.0,400.0,1.0,HYBRID,oracle,1000000000.0,0,565.0050869993865,6942993.694612593,0.15907895606801742,0.4181366156043766,-0.07351141874416312,0.4181366156043766,0.0030433125064778595,0,0,0,nan,nan,15658.235999055207,561.0101701166975,1,
11,15000.0,400.0,1.0,HYBRID,oracle,1000000000.0,0,565.0050869993865,6942993.694612593,0.15907895606801742,0.4181366156043766,-0.07351141874416312,0.4181366156043766,0.0030433125064778595,0,0,0,nan,nan,15658.235999055207,561.0101701166975,1,
12,15000.0,400.0,1.0,HYBRID,oracle,1000000000.0,0,565.0050869993865,6942993.694612593,0.15907895606801742,0.4181366156043766,-0.07351141874416312,0.4181366156043766,0.0030433125064778595,0,0,0,nan,nan,15658.235999055207,561.0101701166975,1,
13,15000.0,400.0,1.0,HYBRID,oracle,1000000000.0,0,565.0050869993865,6942993.694612593,0.15907895606801742,0.4181366156043766,-0.07351141874416312,0.4181366156043766,0.0030433125064778595,0,0,0,nan,nan,15658.235999055207,561.0101701166975,1,
14,15000.0,400.0,1.0,HYBRID,oracle,1000000000.0,0,565.0050869993865,6942993.694612593,0.15907895606801742,0.4181366156043766,-0.07351141874416312,0.4181366156043766,0.0030433125064778595,0,0,0,nan,nan,15658.235999055207,561.0101701166975,1,
15,15000.0,400.0,1.0,HYBRID,oracle,1000000000.0,0,565.0050869993865,6942993.694612593,0.15907895606801742,0.4181366156043766,-0.07351141874416312,0.4181366156043766,0.0030433125064778595,0,0,0,nan,nan,15658.235999055207,561.0101701166975,1,
16,15000.0,400.0,1.0,HYBRID,oracle,1000000000.0,0,565.0050869993865,6942993.694612593,0.15907895606801742,0.4181366156043766,-0.07351141874416312,0.4181366156043766,0.0030433125064778595,0,0,0,nan,nan,15658.235999055207,561.0101701166975,1,
17,15000.0,400.0,1.0,HYBRID,oracle,1000000000.0,0,565.0050869993865,6942993.694612593,0.15907895606801742,0.4181366156043766,-0.07351141874416312,0.4181366156043766,0.0030433125064778595,0,0,0,nan,nan,15658.235999055207,561.0101701166975,1,
18,15000.0,400.0,1.0,HYBRID,oracle,1000000000.0,0,565.0050869993865,6942993.694612593,0.15907895606801742,0.4181366156043766,-0.07351141874416312,0.4181366156043766,0.0030433125064778595,0,0,0,nan,nan,15658.235999055207,561.0101701166975,1,
19,15000.0,400.0,1.0,HYBRID,oracle,1000000000.0,0,565.0050869993865,6942993.694612593,0.15907895606801742,0.4181366156043766,-0.07351141874416312,0.4181366156043766,0.0030433125064778595,0,0,0,nan,nan,15658.235999055207,561.0101701166975,1,
0,15000.0,400.0,1.0,FULL_STACK,oracle,1000000000.0,0,565.0050869993865,6942993.694612593,0.15907895606801742,0.4181366156043766,-0.07351141874416312,0.4181366156043766,0.0030433125064778595,0,0,0,nan,nan,15658.235999055207,561.0101701166975,1,
1,15000.0,400.0,1.0,FULL_STACK,oracle,1000000000.0,0,565.0050869993865,6942993.694612593,0.15907895606801742,0.4181366156043766,-0.07351141874416312,0.4181366156043766,0.0030433125064778595,0,0,0,nan,nan,15658.235999055207,561.0101701166975,1,
2,15000.0,400.0,1.0,FULL_STACK,oracle,1000000000.0,0,565.0050869993865,6942993.694612593,0.15907895606801742,0.4181366156043766,-0.07351141874416312,0.4181366156043766,0.0030433125064778595,0,0,0,nan,nan,15658.235999055207,561.0101701166975,1,
3,15000.0,400.0,1.0,FULL_STACK,oracle,1000000000.0,0,565.0050869993865,6942993.694612593,0.15907895606801742,0.4181366156043766,-0.07351141874416312,0.4181366156043766,0.0030433125064778595,0,0,0,nan,nan,15658.235999055207,561.0101701166975,1,
4,15000.0,400.0,1.0,FULL_STACK,oracle,1000000000.0,0,565.0050869993865,6942993.694612593,0.15907895606801742,0.4181366156043766,-0.07351141874416312,0.4181366156043766,0.0030433125064778595,0,0,0,nan,nan,15658.235999055207,561.0101701166975,1,
5,15000.0,400.0,1.0,FULL_STACK,oracle,1000000000.0,0,565.0050869993865,6942993.694612593,0.15907895606801742,0.4181366156043766,-0.07351141874416312,0.4181366156043766,0.0030433125064778595,0,0,0,nan,nan,15658.235999055207,561.0101701166975,1,
6,15000.0,400.0,1.0,FULL_STACK,oracle,1000000000.0,0,565.0050869993865,6942993.694612593,0.15907895606801742,0.4181366156043766,-0.07351141874416312,0.4181366156043766,0.0030433125064778595,0,0,0,nan,nan,15658.235999055207,561.0101701166975,1,
7,15000.0,400.0,1.0,FULL_STACK,oracle,1000000000.0,0,565.0050869993865,6942993.694612593,0.15907895606801742,0.4181366156043766,-0.07351141874416312,0.4181366156043766,0.0030433125064778595,0,0,0,nan,nan,15658.235999055207,561.0101701166975,1,
8,15000.0,400.0,1.0,FULL_STACK,oracle,1000000000.0,0,565.0050869993865,6942993.694612593,0.15907895606801742,0.4181366156043766,-0.07351141874416312,0.4181366156043766,0.0030433125064778595,0,0,0,nan,nan,15658.235999055207,561.0101701166975,1,
9,15000.0,400.0,1.0,FULL_STACK,oracle,1000000000.0,0,565.0050869993865,6942993.694612593,0.15907895606801742,0.4181366156043766,-0.07351141874416312,0.4181366156043766,0.0030433125064778595,0,0,0,nan,nan,15658.235999055207,561.0101701166975,1,
10,15000.0,400.0,1.0,FULL_STACK,oracle,1000000000.0,0,565.0050869993865,6942993.694612593,0.15907895606801742,0.4181366156043766,-0.07351141874416312,0.4181366156043766,0.0030433125064778595,0,0,0,nan,nan,15658.235999055207,561.0101701166975,1,
11,15000.0,400.0,1.0,FULL_STACK,oracle,1000000000.0,0,565.0050869993865,6942993.694612593,0.15907895606801742,0.4181366156043766,-0.07351141874416312,0.4181366156043766,0.0030433125064778595,0,0,0,nan,nan,15658.235999055207,561.0101701166975,1,
12,15000.0,400.0,1.0,FULL_STACK,oracle,1000000000.0,0,565.0050869993865,6942993.694612593,0.15907895606801742,0.4181366156043766,-0.07351141874416312,0.4181366156043766,0.0030433125064778595,0,0,0,nan,nan,15658.235999055207,561.0101701166975,1,
13,15000.0,400.0,1.0,FULL_STACK,oracle,1000000000.0,0,565.0050869993865,6942993.694612593,0.15907895606801742,0.4181366156043766,-0.07351141874416312,0.4181366156043766,0.0030433125064778595,0,0,0,nan,nan,15658.235999055207,561.0101701166975,1,
14,15000.0,400.0,1.0,FULL_STACK,oracle,1000000000.0,0,565.0050869993865,6942993.694612593,0.15907895606801742,0.4181366156043766,-0.07351141874416312,0.4181366156043766,0.0030433125064778595,0,0,0,nan,nan,15658.235999055207,561.0101701166975,1,
15,15000.0,400.0,1.0,FULL_STACK,oracle,1000000000.0,0,565.0050869993865,6942993.694612593,0.15907895606801742,0.4181366156043766,-0.07351141874416312,0.4181366156043766,0.0030433125064778595,0,0,0,nan,nan,15658.235999055207,561.0101701166975,1,
16,15000.0,400.0,1.0,FULL_STACK,oracle,1000000000.0,0,565.0050869993865,6942993.694612593,0.15907895606801742,0.4181366156043766,-0.07351141874416312,0.4181366156043766,0.0030433125064778595,0,0,0,nan,nan,15658.235999055207,561.0101701166975,1,
17,15000.0,400.0,1.0,FULL_STACK,oracle,1000000000.0,0,565.0050869993865,6942993.694612593,0.15907895606801742,0.4181366156043766,-0.07351141874416312,0.4181366156043766,0.0030433125064778595,0,0,0,nan,nan,15658.235999055207,561.0101701166975,1,
18,15000.0,400.0,1.0,FULL_STACK,oracle,1000000000.0,0,565.0050869993865,6942993.694612593,0.15907895606801742,0.4181366156043766,-0.07351141874416312,0.4181366156043766,0.0030433125064778595,0,0,0,nan,nan,15658.235999055207,561.0101701166975,1,
19,15000.0,400.0,1.0,FULL_STACK,oracle,1000000000.0,0,565.0050869993865,6942993.694612593,0.15907895606801742,0.4181366156043766,-0.07351141874416312,0.4181366156043766,0.0030433125064778595,0,0,0,nan,nan,15658.235999055207,561.0101701166975,1,
0,15000.0,400.0,0.8,BASELINE,none,15.0,0,573.4905584529042,6959614.161262509,0.5626567344364675,0.38452467214230635,-0.05782713390479744,0.38452467214230635,0.004189145663186629,0,0,0,nan,0.20000000000002008,15666.721470508724,560.8612849429707,1,
1,15000.0,400.0,0.8,BASELINE,none,15.0,0,573.4905584529042,6959614.161262509,0.5626567344364675,0.38452467214230635,-0.05782713390479744,0.38452467214230635,0.004189145663186629,0,0,0,nan,0.20000000000002008,15666.721470508724,560.8612849429707,1,
2,15000.0,400.0,0.8,BASELINE,none,15.0,0,573.4905584529042,6959614.161262509,0.5626567344364675,0.38452467214230635,-0.05782713390479744,0.38452467214230635,0.004189145663186629,0,0,0,nan,0.20000000000002008,15666.721470508724,560.8612849429707,1,
3,15000.0,400.0,0.8,BASELINE,none,15.0,0,573.4905584529042,6959614.161262509,0.5626567344364675,0.38452467214230635,-0.05782713390479744,0.38452467214230635,0.004189145663186629,0,0,0,nan,0.20000000000002008,15666.721470508724,560.8612849429707,1,
4,15000.0,400.0,0.8,BASELINE,none,15.0,0,573.4905584529042,6959614.161262509,0.5626567344364675,0.38452467214230635,-0.05782713390479744,0.38452467214230635,0.004189145663186629,0,0,0,nan,0.20000000000002008,15666.721470508724,560.8612849429707,1,
5,15000.0,400.0,0.8,BASELINE,none,15.0,0,573.4905584529042,6959614.161262509,0.5626567344364675,0.38452467214230635,-0.05782713390479744,0.38452467214230635,0.004189145663186629,0,0,0,nan,0.20000000000002008,15666.721470508724,560.8612849429707,1,
6,15000.0,400.0,0.8,BASELINE,none,15.0,0,573.4905584529042,6959614.161262509,0.5626567344364675,0.38452467214230635,-0.05782713390479744,0.38452467214230635,0.004189145663186629,0,0,0,nan,0.20000000000002008,15666.721470508724,560.8612849429707,1,
7,15000.0,400.0,0.8,BASELINE,none,15.0,0,573.4905584529042,6959614.161262509,0.5626567344364675,0.38452467214230635,-0.05782713390479744,0.38452467214230635,0.004189145663186629,0,0,0,nan,0.20000000000002008,15666.721470508724,560.8612849429707,1,
8,15000.0,400.0,0.8,BASELINE,none,15.0,0,573.4905584529042,6959614.161262509,0.5626567344364675,0.38452467214230635,-0.05782713390479744,0.38452467214230635,0.004189145663186629,0,0,0,nan,0.20000000000002008,15666.721470508724,560.8612849429707,1,
9,15000.0,400.0,0.8,BASELINE,none,15.0,0,573.4905584529042,6959614.161262509,0.5626567344364675,0.38452467214230635,-0.05782713390479744,0.38452467214230635,0.004189145663186629,0,0,0,nan,0.20000000000002008,15666.721470508724,560.8612849429707,1,
10,15000.0,400.0,0.8,BASELINE,none,15.0,0,573.4905584529042,6959614.161262509,0.5626567344364675,0.38452467214230635,-0.05782713390479744,0.38452467214230635,0.004189145663186629,0,0,0,nan,0.20000000000002008,15666.721470508724,560.8612849429707,1,
11,15000.0,400.0,0.8,BASELINE,none,15.0,0,573.4905584529042,6959614.161262509,0.5626567344364675,0.38452467214230635,-0.05782713390479744,0.38452467214230635,0.004189145663186629,0,0,0,nan,0.20000000000002008,15666.721470508724,560.8612849429707,1,
12,15000.0,400.0,0.8,BASELINE,none,15.0,0,573.4905584529042,6959614.161262509,0.5626567344364675,0.38452467214230635,-0.05782713390479744,0.38452467214230635,0.004189145663186629,0,0,0,nan,0.20000000000002008,15666.721470508724,560.8612849429707,1,
13,15000.0,400.0,0.8,BASELINE,none,15.0,0,573.4905584529042,6959614.161262509,0.5626567344364675,0.38452467214230635,-0.05782713390479744,0.38452467214230635,0.004189145663186629,0,0,0,nan,0.20000000000002008,15666.721470508724,560.8612849429707,1,
14,15000.0,400.0,0.8,BASELINE,none,15.0,0,573.4905584529042,6959614.161262509,0.5626567344364675,0.38452467214230635,-0.05782713390479744,0.38452467214230635,0.004189145663186629,0,0,0,nan,0.20000000000002008,15666.721470508724,560.8612849429707,1,
15,15000.0,400.0,0.8,BASELINE,none,15.0,0,573.4905584529042,6959614.161262509,0.5626567344364675,0.38452467214230635,-0.05782713390479744,0.38452467214230635,0.004189145663186629,0,0,0,nan,0.20000000000002008,15666.721470508724,560.8612849429707,1,
16,15000.0,400.0,0.8,BASELINE,none,15.0,0,573.4905584529042,6959614.161262509,0.5626567344364675,0.38452467214230635,-0.05782713390479744,0.38452467214230635,0.004189145663186629,0,0,0,nan,0.20000000000002008,15666.721470508724,560.8612849429707,1,
17,15000.0,400.0,0.8,BASELINE,none,15.0,0,573.4905584529042,6959614.161262509,0.5626567344364675,0.38452467214230635,-0.05782713390479744,0.38452467214230635,0.004189145663186629,0,0,0,nan,0.20000000000002008,15666.721470508724,560.8612849429707,1,
18,15000.0,400.0,0.8,BASELINE,none,15.0,0,573.4905584529042,6959614.161262509,0.5626567344364675,0.38452467214230635,-0.05782713390479744,0.38452467214230635,0.004189145663186629,0,0,0,nan,0.20000000000002008,15666.721470508724,560.8612849429707,1,
19,15000.0,400.0,0.8,BASELINE,none,15.0,0,573.4905584529042,6959614.161262509,0.5626567344364675,0.38452467214230635,-0.05782713390479744,0.38452467214230635,0.004189145663186629,0,0,0,nan,0.20000000000002008,15666.721470508724,560.8612849429707,1,
0,15000.0,400.0,0.8,CLASSICAL_KAPPA,oracle,15.0,0,571.0737486034632,6893854.33301323,0.5626567344364675,0.38452467214230635,-0.057553760855521545,0.38452467214230635,0.004197119239391173,0,0,0,0.5166666666657882,0.011088114930509768,15664.304660659283,560.8864078201971,1,
1,15000.0,400.0,0.8,CLASSICAL_KAPPA,oracle,15.0,0,571.0690853074193,6893575.093444791,0.5626567344364675,0.38452467214230635,-0.05725997937629131,0.38452467214230635,0.004196721309361007,0,0,0,0.5333333333324539,0.01104663365023696,15664.29999736324,560.8864045565081,1,
2,15000.0,400.0,0.8,CLASSICAL_KAPPA,oracle,15.0,0,571.0502492785454,6893405.353256597,0.5626567344364675,0.38452467214230635,-0.05766341952816121,0.38452467214230635,0.004196639601505663,0,0,0,0.5499999999991196,0.011073541013651553,15664.281161334366,560.8867690178212,1,
3,15000.0,400.0,0.8,CLASSICAL_KAPPA,oracle,15.0,0,571.0621071308851,6893804.770805417,0.5626567344364675,0.38452467214230635,-0.05805721420250734,0.38452467214230635,0.004196908610406203,0,0,0,0.48333333333245676,0.011088381026682066,15664.293019186705,560.8865399811277,1,
4,15000.0,400.0,0.8,CLASSICAL_KAPPA,oracle,15.0,0,571.0842352695763,6893732.0167174265,0.5626567344364675,0.38452467214230635,-0.05784528864659046,0.38452467214230635,0.004197263006613704,0,0,0,0.5583333333324525,0.011009479298288195,15664.315147325397,560.8861470753318,1,
5,15000.0,400.0,0.8,CLASSICAL_KAPPA,oracle,15.0,0,571.0605574436486,6893725.472794848,0.5626567344364675,0.38452467214230635,-0.057845480222236796,0.38452467214230635,0.004196721656907288,0,0,0,0.5833333333324511,0.011052622594422105,15664.291469499469,560.8865596332902,1,
6,15000.0,400.0,0.8,CLASSICAL_KAPPA,oracle,15.0,0,571.0570033416152,6893527.734851622,0.5626567344364675,0.38452467214230635,-0.05725671420891615,0.38452467214230635,0.004196810459602934,0,0,0,0.5416666666657868,0.010995336931298021,15664.287915397435,560.886709990735,1,
7,15000.0,400.0,0.8,CLASSICAL_KAPPA,oracle,15.0,0,571.0635677985847,6893738.063844214,0.5626567344364675,0.38452467214230635,-0.0575681291562563,0.38452467214230635,0.0041969035554275235,0,0,0,0.5333333333324539,0.01096209568083975,15664.294479854405,560.8865875273868,1,
8,15000.0,400.0,0.8,CLASSICAL_KAPPA,oracle,15.0,0,571.0626744925976,6893551.589404639,0.5626567344364675,0.38452467214230635,-0.05780979743761974,0.38452467214230635,0.004196806934607835,0,0,0,0.5999999999991168,0.011090354643989093,15664.293586548418,560.8864276124351,1,
9,15000.0,400.0,0.8,CLASSICAL_KAPPA,oracle,15.0,0,571.0631787963212,6893824.649927774,0.5626567344364675,0.38452467214230635,-0.05770048972679366,0.38452467214230635,0.00419684701528795,0,0,0,0.5249999999991211,0.011245464579816683,15664.294090852141,560.8866606380234,1,
10,15000.0,400.0,0.8,CLASSICAL_KAPPA,oracle,15.0,0,571.0591622963548,6893865.687623553,0.5626567344364675,0.38452467214230635,-0.057418957202787585,0.38452467214230635,0.004196553935273957,0,0,0,0.46666666666579104,0.010892812354971844,15664.290074352175,560.8866756152619,1,
11,15000.0,400.0,0.8,CLASSICAL_KAPPA,oracle,15.0,0,571.0810734182596,6894262.955807911,0.5626567344364675,0.38452467214230635,-0.057784150635037085,0.38452467214230635,0.004196951723551689,0,0,0,0.4916666666657896,0.011026653514560926,15664.31198547408,560.8864460080193,1,
12,15000.0,400.0,0.8,CLASSICAL_KAPPA,oracle,15.0,0,571.0830915272236,6893761.401006483,0.5626567344364675,0.38452467214230635,-0.05734890555633209,0.38452467214230635,0.004196964351846039,0,0,0,0.5333333333324539,0.010989891457304382,15664.314003583044,560.8861340364683,1,
13,15000.0,400.0,0.8,CLASSICAL_KAPPA,oracle,15.0,0,571.0577424541116,6893651.445109255,0.5626567344364675,0.38452467214230635,-0.05715258397426318,0.38452467214230635,0.00419660048225577,0,0,0,0.5666666666657854,0.011098831598410444,15664.288654509932,560.8866723255942,1,
14,15000.0,400.0,0.8,CLASSICAL_KAPPA,oracle,15.0,0,571.0885919332504,6894255.809815361,0.5626567344364675,0.38452467214230635,-0.05726571078712166,0.38452467214230635,0.0041972061140993465,0,0,0,0.5166666666657882,0.011051814425222559,15664.31950398907,560.8862479870761,1,
15,15000.0,400.0,0.8,CLASSICAL_KAPPA,oracle,15.0,0,571.0948632881045,6894068.792508712,0.5626567344364675,0.38452467214230635,-0.05773199605873399,0.38452467214230635,0.0041974458851567155,0,0,0,0.5416666666657868,0.011069857843941154,15664.325775343925,560.8860621365711,1,
16,15000.0,400.0,0.8,CLASSICAL_KAPPA,oracle,15.0,0,571.025073453784,6893049.10389773,0.5626567344364675,0.38452467214230635,-0.05736304177604109,0.38452467214230635,0.004196400669484338,0,0,0,0.5416666666657868,0.011066483755552615,15664.255985509604,560.8871440991202,1,
17,15000.0,400.0,0.8,CLASSICAL_KAPPA,oracle,15.0,0,571.1019093804061,6894082.260105706,0.5626567344364675,0.38452467214230635,-0.05775776752195978,0.38452467214230635,0.004197366476271553,0,0,0,0.4916666666657896,0.011041562482754104,15664.332821436226,560.8858830644751,1,
18,15000.0,400.0,0.8,CLASSICAL_KAPPA,oracle,15.0,0,571.0686695277691,6893821.139788627,0.5626567344364675,0.38452467214230635,-0.05730784522583935,0.38452467214230635,0.004196809391473516,0,0,0,0.4999999999991225,0.011138122614865404,15664.29958158359,560.8865688181933,1,
19,15000.0,400.0,0.8,CLASSICAL_KAPPA,oracle,15.0,0,571.0674954988062,6894030.447834944,0.5626567344364675,0.38452467214230635,-0.05786025402850033,0.38452467214230635,0.004197031827984106,0,0,0,0.4333333333324596,0.010952901625974487,15664.298407554626,560.8865896772335,1,
0,15000.0,400.0,0.8,TECS_MRAC,none,15.0,0,567.3119679056108,7004532.2097705975,0.15907895606801742,0.4181366156043766,-0.07354743340925507,0.4181366156043766,0.004238311684551586,0,0,0,nan,0.20000000000002008,15660.542879961431,560.9858206634559,1,
1,15000.0,400.0,0.8,TECS_MRAC,none,15.0,0,567.3119679056108,7004532.2097705975,0.15907895606801742,0.4181366156043766,-0.07354743340925507,0.4181366156043766,0.004238311684551586,0,0,0,nan,0.20000000000002008,15660.542879961431,560.9858206634559,1,
2,15000.0,400.0,0.8,TECS_MRAC,none,15.0,0,567.3119679056108,7004532.2097705975,0.15907895606801742,0.4181366156043766,-0.07354743340925507,0.4181366156043766,0.004238311684551586,0,0,0,nan,0.20000000000002008,15660.542879961431,560.9858206634559,1,
3,15000.0,400.0,0.8,TECS_MRAC,none,15.0,0,567.3119679056108,7004532.2097705975,0.15907895606801742,0.4181366156043766,-0.07354743340925507,0.4181366156043766,0.004238311684551586,0,0,0,nan,0.20000000000002008,15660.542879961431,560.9858206634559,1,
4,15000.0,400.0,0.8,TECS_MRAC,none,15.0,0,567.3119679056108,7004532.2097705975,0.15907895606801742,0.4181366156043766,-0.07354743340925507,0.4181366156043766,0.004238311684551586,0,0,0,nan,0.20000000000002008,15660.542879961431,560.9858206634559,1,
5,15000.0,400.0,0.8,TECS_MRAC,none,15.0,0,567.3119679056108,7004532.2097705975,0.15907895606801742,0.4181366156043766,-0.07354743340925507,0.4181366156043766,0.004238311684551586,0,0,0,nan,0.20000000000002008,15660.542879961431,560.9858206634559,1,
6,15000.0,400.0,0.8,TECS_MRAC,none,15.0,0,567.3119679056108,7004532.2097705975,0.15907895606801742,0.4181366156043766,-0.07354743340925507,0.4181366156043766,0.004238311684551586,0,0,0,nan,0.20000000000002008,15660.542879961431,560.9858206634559,1,
7,15000.0,400.0,0.8,TECS_MRAC,none,15.0,0,567.3119679056108,7004532.2097705975,0.15907895606801742,0.4181366156043766,-0.07354743340925507,0.4181366156043766,0.004238311684551586,0,0,0,nan,0.20000000000002008,15660.542879961431,560.9858206634559,1,
8,15000.0,400.0,0.8,TECS_MRAC,none,15.0,0,567.3119679056108,7004532.2097705975,0.15907895606801742,0.4181366156043766,-0.07354743340925507,0.4181366156043766,0.004238311684551586,0,0,0,nan,0.20000000000002008,15660.542879961431,560.9858206634559,1,
9,15000.0,400.0,0.8,TECS_MRAC,none,15.0,0,567.3119679056108,7004532.2097705975,0.15907895606801742,0.4181366156043766,-0.07354743340925507,0.4181366156043766,0.004238311684551586,0,0,0,nan,0.20000000000002008,15660.542879961431,560.9858206634559,1,
10,15000.0,400.0,0.8,TECS_MRAC,none,15.0,0,567.3119679056108,7004532.2097705975,0.15907895606801742,0.4181366156043766,-0.07354743340925507,0.4181366156043766,0.004238311684551586,0,0,0,nan,0.20000000000002008,15660.542879961431,560.9858206634559,1,
11,15000.0,400.0,0.8,TECS_MRAC,none,15.0,0,567.3119679056108,7004532.2097705975,0.15907895606801742,0.4181366156043766,-0.07354743340925507,0.4181366156043766,0.004238311684551586,0,0,0,nan,0.20000000000002008,15660.542879961431,560.9858206634559,1,
12,15000.0,400.0,0.8,TECS_MRAC,none,15.0,0,567.3119679056108,7004532.2097705975,0.15907895606801742,0.4181366156043766,-0.07354743340925507,0.4181366156043766,0.004238311684551586,0,0,0,nan,0.20000000000002008,15660.542879961431,560.9858206634559,1,
13,15000.0,400.0,0.8,TECS_MRAC,none,15.0,0,567.3119679056108,7004532.2097705975,0.15907895606801742,0.4181366156043766,-0.07354743340925507,0.4181366156043766,0.004238311684551586,0,0,0,nan,0.20000000000002008,15660.542879961431,560.9858206634559,1,
14,15000.0,400.0,0.8,TECS_MRAC,none,15.0,0,567.3119679056108,7004532.2097705975,0.15907895606801742,0.4181366156043766,-0.07354743340925507,0.4181366156043766,0.004238311684551586,0,0,0,nan,0.20000000000002008,15660.542879961431,560.9858206634559,1,
15,15000.0,400.0,0.8,TECS_MRAC,none,15.0,0,567.3119679056108,7004532.2097705975,0.15907895606801742,0.4181366156043766,-0.07354743340925507,0.4181366156043766,0.004238311684551586,0,0,0,nan,0.20000000000002008,15660.542879961431,560.9858206634559,1,
16,15000.0,400.0,0.8,TECS_MRAC,none,15.0,0,567.3119679056108,7004532.2097705975,0.15907895606801742,0.4181366156043766,-0.07354743340925507,0.4181366156043766,0.004238311684551586,0,0,0,nan,0.20000000000002008,15660.542879961431,560.9858206634559,1,
17,15000.0,400.0,0.8,TECS_MRAC,none,15.0,0,567.3119679056108,7004532.2097705975,0.15907895606801742,0.4181366156043766,-0.07354743340925507,0.4181366156043766,0.004238311684551586,0,0,0,nan,0.20000000000002008,15660.542879961431,560.9858206634559,1,
18,15000.0,400.0,0.8,TECS_MRAC,none,15.0,0,567.3119679056108,7004532.2097705975,0.15907895606801742,0.4181366156043766,-0.07354743340925507,0.4181366156043766,0.004238311684551586,0,0,0,nan,0.20000000000002008,15660.542879961431,560.9858206634559,1,
19,15000.0,400.0,0.8,TECS_MRAC,none,15.0,0,567.3119679056108,7004532.2097705975,0.15907895606801742,0.4181366156043766,-0.07354743340925507,0.4181366156043766,0.004238311684551586,0,0,0,nan,0.20000000000002008,15660.542879961431,560.9858206634559,1,
0,15000.0,400.0,0.8,HYBRID,oracle,15.0,0,564.988950368017,6942699.522606311,0.15907895606801742,0.4181366156043766,-0.07336287455257529,0.4181366156043766,0.004247120462314071,0,0,0,0.5166666666657882,0.011088114930509768,15658.219862423837,561.0103543359959,1,
1,15000.0,400.0,0.8,HYBRID,oracle,15.0,0,564.9875986427069,6942944.920235111,0.15907895606801742,0.4181366156043766,-0.0731269182335464,0.4181366156043766,0.004246932126632485,0,0,0,0.5333333333324539,0.01104663365023696,15658.218510698527,561.0105016304259,1,
2,15000.0,400.0,0.8,HYBRID,oracle,15.0,0,564.9654216840863,6942516.5820517875,0.15907895606801742,0.4181366156043766,-0.07352927165549732,0.4181366156043766,0.00424668774550473,0,0,0,0.5499999999991196,0.011073541013651553,15658.196333739907,561.0108133581592,1,
3,15000.0,400.0,0.8,HYBRID,oracle,15.0,0,564.9686529412866,6942553.232803706,0.15907895606801742,0.4181366156043766,-0.07387474710427995,0.4181366156043766,0.004246768372332289,0,0,0,0.48333333333245676,0.011088381026682066,15658.199564997107,561.0106219856481,1,
4,15000.0,400.0,0.8,HYBRID,oracle,15.0,0,565.0225630365312,6943490.899229834,0.15907895606801742,0.4181366156043766,-0.07369172640527304,0.4181366156043766,0.004247789564529527,0,0,0,0.5583333333324525,0.011009479298288195,15658.253475092351,561.0099781910166,1,
5,15000.0,400.0,0.8,HYBRID,oracle,15.0,0,564.9797698408365,6942723.218520403,0.15907895606801742,0.4181366156043766,-0.07357758245561825,0.4181366156043766,0.004246873775282346,0,0,0,0.5833333333324511,0.011052622594422105,15658.210681896657,561.0104761190232,1,
6,15000.0,400.0,0.8,HYBRID,oracle,15.0,0,565.0038075558841,6943163.942671856,0.15907895606801742,0.4181366156043766,-0.0731098783956038,0.4181366156043766,0.00424736146776844,0,0,0,0.5416666666657868,0.010995336931298021,15658.234719611704,561.010283649879,1,
7,15000.0,400.0,0.8,HYBRID,oracle,15.0,0,564.9691964387894,6942519.225827748,0.15907895606801742,0.4181366156043766,-0.07338483254859303,0.4181366156043766,0.004246982858948779,0,0,0,0.5333333333324539,0.01096209568083975,15658.20010849461,561.0106879695436,1,
8,15000.0,400.0,0.8,HYBRID,oracle,15.0,0,564.9970242977142,6942990.57197206,0.15907895606801742,0.4181366156043766,-0.07365459429622949,0.4181366156043766,0.004247207918622873,0,0,0,0.5999999999991168,0.011090354643989093,15658.227936353534,561.0102035239348,1,
9,15000.0,400.0,0.8,HYBRID,oracle,15.0,0,564.9908104799688,6942762.898940485,0.15907895606801742,0.4181366156043766,-0.07345313009065142,0.4181366156043766,0.0042471789015859655,0,0,0,0.5249999999991211,0.011245464579816683,15658.221722535789,561.0103507140349,1,
10,15000.0,400.0,0.8,HYBRID,oracle,15.0,0,564.9899464398623,6942877.504524766,0.15907895606801742,0.4181366156043766,-0.07324659545574785,0.4181366156043766,0.0042468854178548425,0,0,0,0.46666666666579104,0.010892812354971844,15658.220858495682,561.0103431120185,1,
11,15000.0,400.0,0.8,HYBRID,oracle,15.0,0,564.9660772457719,6942572.434338556,0.15907895606801742,0.4181366156043766,-0.07354477186289103,0.4181366156043766,0.004246705130440694,0,0,0,0.4916666666657896,0.011026653514560926,15658.196989301592,561.0107793384084,1,
12,15000.0,400.0,0.8,HYBRID,oracle,15.0,0,565.00573316589,6943086.95034914,0.15907895606801742,0.4181366156043766,-0.07312485000505621,0.4181366156043766,0.0042471265087945876,0,0,0,0.5333333333324539,0.010989891457304382,15658.23664522171,561.0101168943303,1,
13,15000.0,400.0,0.8,HYBRID,oracle,15.0,0,564.9974428005517,6943036.964314644,0.15907895606801742,0.4181366156043766,-0.07300569811382994,0.4181366156043766,0.004247147623653711,0,0,0,0.5666666666657854,0.011098831598410444,15658.228354856372,561.0102997979155,1,
14,15000.0,400.0,0.8,HYBRID,oracle,15.0,0,564.9847226962447,6942656.050791135,0.15907895606801742,0.4181366156043766,-0.07311296677550376,0.4181366156043766,0.004246969337312795,0,0,0,0.5166666666657882,0.011051814425222559,15658.215634752065,561.0104067122035,1,
15,15000.0,400.0,0.8,HYBRID,oracle,15.0,0,564.99377168715,6942922.595348218,0.15907895606801742,0.4181366156043766,-0.07351245573206605,0.4181366156043766,0.004247343672205517,0,0,0,0.5416666666657868,0.011069857843941154,15658.22468374297,561.0103588385243,1,
16,15000.0,400.0,0.8,HYBRID,oracle,15.0,0,564.9837105236948,6942721.156680912,0.15907895606801742,0.4181366156043766,-0.07327585532189367,0.4181366156043766,0.004247125871492725,0,0,0,0.5416666666657868,0.011066483755552615,15658.214622579515,561.0104823502397,1,
17,15000.0,400.0,0.8,HYBRID,oracle,15.0,0,565.0027592219412,6943046.583797729,0.15907895606801742,0.4181366156043766,-0.07352775053573711,0.4181366156043766,0.004247280509865426,0,0,0,0.4916666666657896,0.011041562482754104,15658.233671277761,561.0101920365048,1,
18,15000.0,400.0,0.8,HYBRID,oracle,15.0,0,564.9995866641402,6943178.392165152,0.15907895606801742,0.4181366156043766,-0.0731344698420293,0.4181366156043766,0.004247211264061114,0,0,0,0.4999999999991225,0.011138122614865404,15658.23049871996,561.0103890323621,1,
19,15000.0,400.0,0.8,HYBRID,oracle,15.0,0,565.0106097981334,6943055.932885843,0.15907895606801742,0.4181366156043766,-0.07370324064772418,0.4181366156043766,0.004247490748921503,0,0,0,0.4333333333324596,0.010952901625974487,15658.241521853954,561.009975829919,1,
0,15000.0,400.0,0.8,FULL_STACK,oracle,15.0,0,568.1734909936786,7047476.76020646,0.15907895606801742,0.4181366156043766,-0.07457309453148149,0.4181366156043766,0.004245788565458863,5325,0,0,0.5166666666657882,0.011088114930509768,15661.404403049499,560.982265322619,1,
1,15000.0,400.0,0.8,FULL_STACK,oracle,15.0,0,568.1452343091369,7047068.471624021,0.15907895606801742,0.4181366156043766,-0.07457815207656703,0.4181366156043766,0.0042454921643768385,5328,0,0,0.5333333333324539,0.01104663365023696,15661.376146364957,560.9827296939546,1,
2,15000.0,400.0,0.8,FULL_STACK,oracle,15.0,0,568.151540979743,7047243.983808509,0.15907895606801742,0.4181366156043766,-0.07456976118554186,0.4181366156043766,0.004245674712920421,5329,0,0,0.5499999999991196,0.011073541013651553,15661.382453035563,560.9826590943416,1,
3,15000.0,400.0,0.8,FULL_STACK,oracle,15.0,0,568.141344808042,7047063.156061362,0.15907895606801742,0.4181366156043766,-0.07451466235282442,0.4181366156043766,0.0042453779881550914,5330,0,0,0.48333333333245676,0.011088381026682066,15661.372256863862,560.9827912544075,1,
4,15000.0,400.0,0.8,FULL_STACK,oracle,15.0,0,568.1500864326954,7047253.787748715,0.15907895606801742,0.4181366156043766,-0.07456138951033907,0.4181366156043766,0.004245537934099295,5328,0,0,0.5583333333324525,0.011009479298288195,15661.380998488516,560.9827065705531,1,
5,15000.0,400.0,0.8,FULL_STACK,oracle,15.0,0,568.1546533964574,7046921.51870483,0.15907895606801742,0.4181366156043766,-0.07459229021634181,0.4181366156043766,0.004245635702094457,5327,0,0,0.5833333333324511,0.011052622594422105,15661.385565452278,560.9824674655,1,
6,15000.0,400.0,0.8,FULL_STACK,oracle,15.0,0,568.1383572779596,7047061.318781485,0.15907895606801742,0.4181366156043766,-0.07457763547511047,0.4181366156043766,0.0042454017174340915,5330,0,0,0.5416666666657868,0.010995336931298021,15661.36926933378,560.9828690235953,1,
7,15000.0,400.0,0.8,FULL_STACK,oracle,15.0,0,568.1404297016561,7047138.405136994,0.15907895606801742,0.4181366156043766,-0.07447525952146906,0.4181366156043766,0.004245444527796325,5328,0,0,0.5333333333324539,0.01096209568083975,15661.371341757476,560.9828563998516,1,
8,15000.0,400.0,0.8,FULL_STACK,oracle,15.0,0,568.1602405384183,7047135.578254949,0.15907895606801742,0.4181366156043766,-0.07453089319730671,0.4181366156043766,0.004245678012621878,5321,0,0,0.5999999999991168,0.011090354643989093,15661.391152594239,560.982447801659,1,
9,15000.0,400.0,0.8,FULL_STACK,oracle,15.0,0,568.1239536590874,7046845.7108278265,0.15907895606801742,0.4181366156043766,-0.07451984362161708,0.4181366156043766,0.004245152933127523,5328,0,0,0.5249999999991211,0.011245464579816683,15661.354865714908,560.9830885268011,1,
10,15000.0,400.0,0.8,FULL_STACK,oracle,15.0,0,568.1512435674667,7047278.118124148,0.15907895606801742,0.4181366156043766,-0.07458110721627549,0.4181366156043766,0.004245546760081402,5330,0,0,0.46666666666579104,0.010892812354971844,15661.382155623287,560.9826760479637,1,
11,15000.0,400.0,0.8,FULL_STACK,oracle,15.0,0,568.1473428793252,7047126.535429967,0.15907895606801742,0.4181366156043766,-0.074527135623043,0.4181366156043766,0.0042454225435882,5325,0,0,0.4916666666657896,0.011026653514560926,15661.378254935145,560.9826840978677,1,
12,15000.0,400.0,0.8,FULL_STACK,oracle,15.0,0,568.153960455209,7047167.917698743,0.15907895606801742,0.4181366156043766,-0.07450584041082892,0.4181366156043766,0.0042456576012185904,5331,0,0,0.5333333333324539,0.010989891457304382,15661.38487251103,560.9825839909779,1,
13,15000.0,400.0,0.8,FULL_STACK,oracle,15.0,0,568.1513954997063,7046971.262439729,0.15907895606801742,0.4181366156043766,-0.0745807831287402,0.4181366156043766,0.004245641717958061,5330,0,0,0.5666666666657854,0.011098831598410444,15661.382307555526,560.9825313922,1,
14,15000.0,400.0,0.8,FULL_STACK,oracle,15.0,0,568.1483154892921,7047239.611112505,0.15907895606801742,0.4181366156043766,-0.07448310777069635,0.4181366156043766,0.004245597797023576,5327,0,0,0.5166666666657882,0.011051814425222559,15661.379227545112,560.9827353765255,1,
15,15000.0,400.0,0.8,FULL_STACK,oracle,15.0,0,568.1650717891753,7047374.797966807,0.15907895606801742,0.4181366156043766,-0.07454794331543439,0.4181366156043766,0.004245771072387138,5327,0,0,0.5416666666657868,0.011069857843941154,15661.395983844995,560.9824076000106,1,
16,15000.0,400.0,0.8,FULL_STACK,oracle,15.0,0,568.190579585731,7047644.369634759,0.15907895606801742,0.4181366156043766,-0.07456190690576422,0.4181366156043766,0.004246182198818866,5325,0,0,0.5416666666657868,0.011066483755552615,15661.421491641551,560.9819639269497,1,
17,15000.0,400.0,0.8,FULL_STACK,oracle,15.0,0,568.1490661241114,7047107.784727008,0.15907895606801742,0.4181366156043766,-0.0745086507061166,0.4181366156043766,0.004245523602334993,5329,0,0,0.4916666666657896,0.011041562482754104,15661.379978179932,560.98265234253,1,
18,15000.0,400.0,0.8,FULL_STACK,oracle,15.0,0,568.1423722542822,7047119.737138942,0.15907895606801742,0.4181366156043766,-0.07447857644679695,0.4181366156043766,0.004245527568075501,5331,0,0,0.4999999999991225,0.011138122614865404,15661.373284310102,560.9827846486099,1,
19,15000.0,400.0,0.8,FULL_STACK,oracle,15.0,0,568.1337209679186,7047100.590353356,0.15907895606801742,0.4181366156043766,-0.07452444007601065,0.4181366156043766,0.00424522737454528,5325,0,0,0.4333333333324596,0.010952901625974487,15661.364633023739,560.982984117107,1,
0,15000.0,400.0,0.6,BASELINE,none,15.0,0,577.5341107025743,7070589.256484487,0.5626567344364675,0.38452467214230635,-0.0582235403962058,0.38452467214230635,0.006767540278271106,0,0,0,nan,0.40000000000004016,15670.765022758394,560.8193178934694,1,
1,15000.0,400.0,0.6,BASELINE,none,15.0,0,577.5341107025743,7070589.256484487,0.5626567344364675,0.38452467214230635,-0.0582235403962058,0.38452467214230635,0.006767540278271106,0,0,0,nan,0.40000000000004016,15670.765022758394,560.8193178934694,1,
2,15000.0,400.0,0.6,BASELINE,none,15.0,0,577.5341107025743,7070589.256484487,0.5626567344364675,0.38452467214230635,-0.0582235403962058,0.38452467214230635,0.006767540278271106,0,0,0,nan,0.40000000000004016,15670.765022758394,560.8193178934694,1,
3,15000.0,400.0,0.6,BASELINE,none,15.0,0,577.5341107025743,7070589.256484487,0.5626567344364675,0.38452467214230635,-0.0582235403962058,0.38452467214230635,0.006767540278271106,0,0,0,nan,0.40000000000004016,15670.765022758394,560.8193178934694,1,
4,15000.0,400.0,0.6,BASELINE,none,15.0,0,577.5341107025743,7070589.256484487,0.5626567344364675,0.38452467214230635,-0.0582235403962058,0.38452467214230635,0.006767540278271106,0,0,0,nan,0.40000000000004016,15670.765022758394,560.8193178934694,1,
5,15000.0,400.0,0.6,BASELINE,none,15.0,0,577.5341107025743,7070589.256484487,0.5626567344364675,0.38452467214230635,-0.0582235403962058,0.38452467214230635,0.006767540278271106,0,0,0,nan,0.40000000000004016,15670.765022758394,560.8193178934694,1,
6,15000.0,400.0,0.6,BASELINE,none,15.0,0,577.5341107025743,7070589.256484487,0.5626567344364675,0.38452467214230635,-0.0582235403962058,0.38452467214230635,0.006767540278271106,0,0,0,nan,0.40000000000004016,15670.765022758394,560.8193178934694,1,
7,15000.0,400.0,0.6,BASELINE,none,15.0,0,577.5341107025743,7070589.256484487,0.5626567344364675,0.38452467214230635,-0.0582235403962058,0.38452467214230635,0.006767540278271106,0,0,0,nan,0.40000000000004016,15670.765022758394,560.8193178934694,1,
8,15000.0,400.0,0.6,BASELINE,none,15.0,0,577.5341107025743,7070589.256484487,0.5626567344364675,0.38452467214230635,-0.0582235403962058,0.38452467214230635,0.006767540278271106,0,0,0,nan,0.40000000000004016,15670.765022758394,560.8193178934694,1,
9,15000.0,400.0,0.6,BASELINE,none,15.0,0,577.5341107025743,7070589.256484487,0.5626567344364675,0.38452467214230635,-0.0582235403962058,0.38452467214230635,0.006767540278271106,0,0,0,nan,0.40000000000004016,15670.765022758394,560.8193178934694,1,
10,15000.0,400.0,0.6,BASELINE,none,15.0,0,577.5341107025743,7070589.256484487,0.5626567344364675,0.38452467214230635,-0.0582235403962058,0.38452467214230635,0.006767540278271106,0,0,0,nan,0.40000000000004016,15670.765022758394,560.8193178934694,1,
11,15000.0,400.0,0.6,BASELINE,none,15.0,0,577.5341107025743,7070589.256484487,0.5626567344364675,0.38452467214230635,-0.0582235403962058,0.38452467214230635,0.006767540278271106,0,0,0,nan,0.40000000000004016,15670.765022758394,560.8193178934694,1,
12,15000.0,400.0,0.6,BASELINE,none,15.0,0,577.5341107025743,7070589.256484487,0.5626567344364675,0.38452467214230635,-0.0582235403962058,0.38452467214230635,0.006767540278271106,0,0,0,nan,0.40000000000004016,15670.765022758394,560.8193178934694,1,
13,15000.0,400.0,0.6,BASELINE,none,15.0,0,577.5341107025743,7070589.256484487,0.5626567344364675,0.38452467214230635,-0.0582235403962058,0.38452467214230635,0.006767540278271106,0,0,0,nan,0.40000000000004016,15670.765022758394,560.8193178934694,1,
14,15000.0,400.0,0.6,BASELINE,none,15.0,0,577.5341107025743,7070589.256484487,0.5626567344364675,0.38452467214230635,-0.0582235403962058,0.38452467214230635,0.006767540278271106,0,0,0,nan,0.40000000000004016,15670.765022758394,560.8193178934694,1,
15,15000.0,400.0,0.6,BASELINE,none,15.0,0,577.5341107025743,7070589.256484487,0.5626567344364675,0.38452467214230635,-0.0582235403962058,0.38452467214230635,0.006767540278271106,0,0,0,nan,0.40000000000004016,15670.765022758394,560.8193178934694,1,
16,15000.0,400.0,0.6,BASELINE,none,15.0,0,577.5341107025743,7070589.256484487,0.5626567344364675,0.38452467214230635,-0.0582235403962058,0.38452467214230635,0.006767540278271106,0,0,0,nan,0.40000000000004016,15670.765022758394,560.8193178934694,1,
17,15000.0,400.0,0.6,BASELINE,none,15.0,0,577.5341107025743,7070589.256484487,0.5626567344364675,0.38452467214230635,-0.0582235403962058,0.38452467214230635,0.006767540278271106,0,0,0,nan,0.40000000000004016,15670.765022758394,560.8193178934694,1,
18,15000.0,400.0,0.6,BASELINE,none,15.0,0,577.5341107025743,7070589.256484487,0.5626567344364675,0.38452467214230635,-0.0582235403962058,0.38452467214230635,0.006767540278271106,0,0,0,nan,0.40000000000004016,15670.765022758394,560.8193178934694,1,
19,15000.0,400.0,0.6,BASELINE,none,15.0,0,577.5341107025743,7070589.256484487,0.5626567344364675,0.38452467214230635,-0.0582235403962058,0.38452467214230635,0.006767540278271106,0,0,0,nan,0.40000000000004016,15670.765022758394,560.8193178934694,1,
0,15000.0,400.0,0.6,CLASSICAL_KAPPA,oracle,15.0,0,571.0672617480159,6893926.289385537,0.5626567344364675,0.38452467214230635,-0.05748586959620568,0.38452467214230635,0.006796339645536978,0,0,0,0.3083333333324667,0.014402354110956058,15664.298173803836,560.8864972798324,1,
1,15000.0,400.0,0.6,CLASSICAL_KAPPA,oracle,15.0,0,571.0593814887106,6894271.783738248,0.5626567344364675,0.38452467214230635,-0.057118073808484,0.38452467214230635,0.006795860503962097,0,0,0,0.2083333333324724,0.014359552276315593,15664.29029354453,560.8868682088877,1,
2,15000.0,400.0,0.6,CLASSICAL_KAPPA,oracle,15.0,0,571.079328302294,6894193.474725136,0.5626567344364675,0.38452467214230635,-0.0577460635369606,0.38452467214230635,0.006796624705987677,0,0,0,0.24166666666580383,0.014387293803513774,15664.310240358114,560.886371732343,1,
3,15000.0,400.0,0.6,CLASSICAL_KAPPA,oracle,15.0,0,571.0803124792874,6894040.784051601,0.5626567344364675,0.38452467214230635,-0.058223798569257953,0.38452467214230635,0.0067964306267492385,0,0,0,0.3083333333324667,0.01440342582062199,15664.311224535108,560.8861152292674,1,
4,15000.0,400.0,0.6,CLASSICAL_KAPPA,oracle,15.0,0,571.039377335459,6893726.2922777925,0.5626567344364675,0.38452467214230635,-0.05791755624875106,0.38452467214230635,0.006796032866112972,0,0,0,0.2499999999991367,0.014321489243786862,15664.27028939128,560.8870838294248,1,
5,15000.0,400.0,0.6,CLASSICAL_KAPPA,oracle,15.0,0,571.0642237700522,6894057.357933253,0.5626567344364675,0.38452467214230635,-0.0578541792320689,0.38452467214230635,0.00679600012836497,0,0,0,0.25833333333246955,0.014365437206828953,15664.295135825872,560.8865507988629,1,
6,15000.0,400.0,0.6,CLASSICAL_KAPPA,oracle,15.0,0,571.0603156089783,6894216.4550812645,0.5626567344364675,0.38452467214230635,-0.057127275934368775,0.38452467214230635,0.006796225210679481,0,0,0,0.29999999999913385,0.01431360315034153,15664.291227664798,560.8868893305431,1,
7,15000.0,400.0,0.6,CLASSICAL_KAPPA,oracle,15.0,0,571.0678439289331,6894025.984343545,0.5626567344364675,0.38452467214230635,-0.05756456610917243,0.38452467214230635,0.006796430604577508,0,0,0,0.2249999999991381,0.014272812398394409,15664.298755984753,560.8865275304852,1,
8,15000.0,400.0,0.6,CLASSICAL_KAPPA,oracle,15.0,0,571.0729381106794,6894307.071158153,0.5626567344364675,0.38452467214230635,-0.057896983386118386,0.38452467214230635,0.0067964272950820845,0,0,0,0.24166666666580383,0.014403397502170661,15664.3038501665,560.8864613881988,1,
9,15000.0,400.0,0.6,CLASSICAL_KAPPA,oracle,15.0,0,571.0600814633071,6894030.078473791,0.5626567344364675,0.38452467214230635,-0.05776353424522367,0.38452467214230635,0.0067961772741827456,0,0,0,0.2666666666658024,0.014559207281728765,15664.290993519127,560.8867551408656,1,
10,15000.0,400.0,0.6,CLASSICAL_KAPPA,oracle,15.0,0,571.0591083467007,6894036.859240864,0.5626567344364675,0.38452467214230635,-0.057414645107671025,0.38452467214230635,0.006795613814192154,0,0,0,0.2666666666658024,0.014194681303697748,15664.29002040252,560.8866671561979,1,
11,15000.0,400.0,0.6,CLASSICAL_KAPPA,oracle,15.0,0,571.070939488709,6894111.995190377,0.5626567344364675,0.38452467214230635,-0.05776888239929755,0.38452467214230635,0.0067962078765816435,0,0,0,0.27499999999913527,0.014342698374304264,15664.30185154453,560.8865267268914,1,
12,15000.0,400.0,0.6,CLASSICAL_KAPPA,oracle,15.0,0,571.0839673168957,6894126.314356105,0.5626567344364675,0.38452467214230635,-0.0572043595826205,0.38452467214230635,0.00679604499963486,0,0,0,0.2499999999991367,0.014304458589593833,15664.314879372716,560.8862027842941,1,
13,15000.0,400.0,0.6,CLASSICAL_KAPPA,oracle,15.0,0,571.026271160692,6893349.8699842375,0.5626567344364675,0.38452467214230635,-0.05719971435702598,0.38452467214230635,0.00679481084051692,0,0,0,0.28333333333246813,0.014410952971227617,15664.257183216512,560.8871764474076,1,
14,15000.0,400.0,0.6,CLASSICAL_KAPPA,oracle,15.0,0,571.0451500862837,6893829.206432518,0.5626567344364675,0.38452467214230635,-0.05728870784582221,0.38452467214230635,0.006795434708214104,0,0,0,0.27499999999913527,0.01436829543021962,15664.276062142104,560.8869523749735,1,
15,15000.0,400.0,0.6,CLASSICAL_KAPPA,oracle,15.0,0,571.0698905698955,6894087.532346127,0.5626567344364675,0.38452467214230635,-0.057723477331405176,0.38452467214230635,0.006796793409246269,0,0,0,0.2499999999991367,0.014381863450344626,15664.300802625716,560.8865728640093,1,
16,15000.0,400.0,0.6,CLASSICAL_KAPPA,oracle,15.0,0,571.0522498637438,6893715.06456462,0.5626567344364675,0.38452467214230635,-0.05726542243230834,0.38452467214230635,0.006796261253125618,0,0,0,0.2499999999991367,0.014382612638437943,15664.283161919564,560.8867590820101,1,
17,15000.0,400.0,0.6,CLASSICAL_KAPPA,oracle,15.0,0,571.0826853662729,6894433.095847846,0.5626567344364675,0.38452467214230635,-0.057780624806107364,0.38452467214230635,0.006796626648375925,0,0,0,0.2249999999991381,0.01435121102206251,15664.313597422093,560.8863962381614,1,
18,15000.0,400.0,0.6,CLASSICAL_KAPPA,oracle,15.0,0,571.0717975385487,6894030.187948822,0.5626567344364675,0.38452467214230635,-0.057184794822774714,0.38452467214230635,0.0067960102497158755,0,0,0,0.3083333333324667,0.014454364164019708,15664.302709594369,560.8865717670479,1,
19,15000.0,400.0,0.6,CLASSICAL_KAPPA,oracle,15.0,0,571.0656078159809,6893962.8619202515,0.5626567344364675,0.38452467214230635,-0.058010773568752734,0.38452467214230635,0.0067964169772297325,0,0,0,0.24166666666580383,0.01426763801607805,15664.296519871801,560.8865044286982,1,
0,15000.0,400.0,0.6,TECS_MRAC,none,15.0,0,571.244886405766,7108736.313695551,0.15907895606801742,0.4181366156043766,-0.07362253317355787,0.4181366156043766,0.006817585978282223,0,0,0,nan,0.40000000000004016,15664.475798461586,560.9437697027173,1,
1,15000.0,400.0,0.6,TECS_MRAC,none,15.0,0,571.244886405766,7108736.313695551,0.15907895606801742,0.4181366156043766,-0.07362253317355787,0.4181366156043766,0.006817585978282223,0,0,0,nan,0.40000000000004016,15664.475798461586,560.9437697027173,1,
2,15000.0,400.0,0.6,TECS_MRAC,none,15.0,0,571.244886405766,7108736.313695551,0.15907895606801742,0.4181366156043766,-0.07362253317355787,0.4181366156043766,0.006817585978282223,0,0,0,nan,0.40000000000004016,15664.475798461586,560.9437697027173,1,
3,15000.0,400.0,0.6,TECS_MRAC,none,15.0,0,571.244886405766,7108736.313695551,0.15907895606801742,0.4181366156043766,-0.07362253317355787,0.4181366156043766,0.006817585978282223,0,0,0,nan,0.40000000000004016,15664.475798461586,560.9437697027173,1,
4,15000.0,400.0,0.6,TECS_MRAC,none,15.0,0,571.244886405766,7108736.313695551,0.15907895606801742,0.4181366156043766,-0.07362253317355787,0.4181366156043766,0.006817585978282223,0,0,0,nan,0.40000000000004016,15664.475798461586,560.9437697027173,1,
5,15000.0,400.0,0.6,TECS_MRAC,none,15.0,0,571.244886405766,7108736.313695551,0.15907895606801742,0.4181366156043766,-0.07362253317355787,0.4181366156043766,0.006817585978282223,0,0,0,nan,0.40000000000004016,15664.475798461586,560.9437697027173,1,
6,15000.0,400.0,0.6,TECS_MRAC,none,15.0,0,571.244886405766,7108736.313695551,0.15907895606801742,0.4181366156043766,-0.07362253317355787,0.4181366156043766,0.006817585978282223,0,0,0,nan,0.40000000000004016,15664.475798461586,560.9437697027173,1,
7,15000.0,400.0,0.6,TECS_MRAC,none,15.0,0,571.244886405766,7108736.313695551,0.15907895606801742,0.4181366156043766,-0.07362253317355787,0.4181366156043766,0.006817585978282223,0,0,0,nan,0.40000000000004016,15664.475798461586,560.9437697027173,1,
8,15000.0,400.0,0.6,TECS_MRAC,none,15.0,0,571.244886405766,7108736.313695551,0.15907895606801742,0.4181366156043766,-0.07362253317355787,0.4181366156043766,0.006817585978282223,0,0,0,nan,0.40000000000004016,15664.475798461586,560.9437697027173,1,
9,15000.0,400.0,0.6,TECS_MRAC,none,15.0,0,571.244886405766,7108736.313695551,0.15907895606801742,0.4181366156043766,-0.07362253317355787,0.4181366156043766,0.006817585978282223,0,0,0,nan,0.40000000000004016,15664.475798461586,560.9437697027173,1,
10,15000.0,400.0,0.6,TECS_MRAC,none,15.0,0,571.244886405766,7108736.313695551,0.15907895606801742,0.4181366156043766,-0.07362253317355787,0.4181366156043766,0.006817585978282223,0,0,0,nan,0.40000000000004016,15664.475798461586,560.9437697027173,1,
11,15000.0,400.0,0.6,TECS_MRAC,none,15.0,0,571.244886405766,7108736.313695551,0.15907895606801742,0.4181366156043766,-0.07362253317355787,0.4181366156043766,0.006817585978282223,0,0,0,nan,0.40000000000004016,15664.475798461586,560.9437697027173,1,
12,15000.0,400.0,0.6,TECS_MRAC,none,15.0,0,571.244886405766,7108736.313695551,0.15907895606801742,0.4181366156043766,-0.07362253317355787,0.4181366156043766,0.006817585978282223,0,0,0,nan,0.40000000000004016,15664.475798461586,560.9437697027173,1,
13,15000.0,400.0,0.6,TECS_MRAC,none,15.0,0,571.244886405766,7108736.313695551,0.15907895606801742,0.4181366156043766,-0.07362253317355787,0.4181366156043766,0.006817585978282223,0,0,0,nan,0.40000000000004016,15664.475798461586,560.9437697027173,1,
14,15000.0,400.0,0.6,TECS_MRAC,none,15.0,0,571.244886405766,7108736.313695551,0.15907895606801742,0.4181366156043766,-0.07362253317355787,0.4181366156043766,0.006817585978282223,0,0,0,nan,0.40000000000004016,15664.475798461586,560.9437697027173,1,
15,15000.0,400.0,0.6,TECS_MRAC,none,15.0,0,571.244886405766,7108736.313695551,0.15907895606801742,0.4181366156043766,-0.07362253317355787,0.4181366156043766,0.006817585978282223,0,0,0,nan,0.40000000000004016,15664.475798461586,560.9437697027173,1,
16,15000.0,400.0,0.6,TECS_MRAC,none,15.0,0,571.244886405766,7108736.313695551,0.15907895606801742,0.4181366156043766,-0.07362253317355787,0.4181366156043766,0.006817585978282223,0,0,0,nan,0.40000000000004016,15664.475798461586,560.9437697027173,1,
17,15000.0,400.0,0.6,TECS_MRAC,none,15.0,0,571.244886405766,7108736.313695551,0.15907895606801742,0.4181366156043766,-0.07362253317355787,0.4181366156043766,0.006817585978282223,0,0,0,nan,0.40000000000004016,15664.475798461586,560.9437697027173,1,
18,15000.0,400.0,0.6,TECS_MRAC,none,15.0,0,571.244886405766,7108736.313695551,0.15907895606801742,0.4181366156043766,-0.07362253317355787,0.4181366156043766,0.006817585978282223,0,0,0,nan,0.40000000000004016,15664.475798461586,560.9437697027173,1,
19,15000.0,400.0,0.6,TECS_MRAC,none,15.0,0,571.244886405766,7108736.313695551,0.15907895606801742,0.4181366156043766,-0.07362253317355787,0.4181366156043766,0.006817585978282223,0,0,0,nan,0.40000000000004016,15664.475798461586,560.9437697027173,1,
0,15000.0,400.0,0.6,HYBRID,oracle,15.0,0,565.0004222467542,6943487.072057943,0.15907895606801742,0.4181366156043766,-0.07337226601479184,0.4181366156043766,0.006848774304294479,0,0,0,0.3083333333324667,0.014402354110956058,15658.231334302574,561.0103691762637,1,
1,15000.0,400.0,0.6,HYBRID,oracle,15.0,0,564.9993793033063,6943416.694500414,0.15907895606801742,0.4181366156043766,-0.07297532438859473,0.4181366156043766,0.0068485316267778654,0,0,0,0.2083333333324724,0.014359552276315593,15658.230291359127,561.0103800642636,1,
2,15000.0,400.0,0.6,HYBRID,oracle,15.0,0,565.0053972229362,6943142.177815965,0.15907895606801742,0.4181366156043766,-0.07352131636712905,0.4181366156043766,0.006848921584437785,0,0,0,0.24166666666580383,0.014387293803513774,15658.236309278756,561.0101172251672,1,
3,15000.0,400.0,0.6,HYBRID,oracle,15.0,0,564.9793935008347,6942880.722424532,0.15907895606801742,0.4181366156043766,-0.07409091866165118,0.4181366156043766,0.006848236208101609,0,0,0,0.3083333333324667,0.01440342582062199,15658.210305556655,561.0104141746457,1,
4,15000.0,400.0,0.6,HYBRID,oracle,15.0,0,564.9915563352406,6943116.102866364,0.15907895606801742,0.4181366156043766,-0.0737501642951952,0.4181366156043766,0.006849213957038916,0,0,0,0.2499999999991367,0.014321489243786862,15658.22246839106,561.0104161100703,1,
5,15000.0,400.0,0.6,HYBRID,oracle,15.0,0,564.985523801297,6943247.541406195,0.15907895606801742,0.4181366156043766,-0.07367720055858833,0.4181366156043766,0.006848210388879671,0,0,0,0.25833333333246955,0.014365437206828953,15658.216435857117,561.01048872505,1,
6,15000.0,400.0,0.6,HYBRID,oracle,15.0,0,564.9923364818096,6943006.003019864,0.15907895606801742,0.4181366156043766,-0.07296420228519525,0.4181366156043766,0.0068486831310282294,0,0,0,0.29999999999913385,0.01431360315034153,15658.22324853763,561.0104095061542,1,
7,15000.0,400.0,0.6,HYBRID,oracle,15.0,0,564.9720998294652,6942637.267876894,0.15907895606801742,0.4181366156043766,-0.07335388158556112,0.4181366156043766,0.006848425965557135,0,0,0,0.2249999999991381,0.014272812398394409,15658.203011885285,561.0105772247377,1,
8,15000.0,400.0,0.6,HYBRID,oracle,15.0,0,564.9973693229258,6943371.815585215,0.15907895606801742,0.4181366156043766,-0.07361733107516143,0.4181366156043766,0.006848819666044592,0,0,0,0.24166666666580383,0.014403397502170661,15658.228281378746,561.0102671049544,1,
9,15000.0,400.0,0.6,HYBRID,oracle,15.0,0,564.9648287035525,6942895.617012108,0.15907895606801742,0.4181366156043766,-0.07349560212203224,0.4181366156043766,0.006847926331709176,0,0,0,0.2666666666658024,0.014559207281728765,15658.195740759373,561.0109145205904,1,
10,15000.0,400.0,0.6,HYBRID,oracle,15.0,0,564.9748987182975,6942874.286669084,0.15907895606801742,0.4181366156043766,-0.07329824631054653,0.4181366156043766,0.006847647719365063,0,0,0,0.2666666666658024,0.014194681303697748,15658.205810774118,561.0105774096016,1,
11,15000.0,400.0,0.6,HYBRID,oracle,15.0,0,564.9916806071997,6942982.724150373,0.15907895606801742,0.4181366156043766,-0.07366921320436298,0.4181366156043766,0.006848344071288949,0,0,0,0.27499999999913527,0.014342698374304264,15658.22259266302,561.0103085051678,1,
12,15000.0,400.0,0.6,HYBRID,oracle,15.0,0,565.0051312223077,6943270.763417996,0.15907895606801742,0.4181366156043766,-0.07309197423065057,0.4181366156043766,0.00684831228194689,0,0,0,0.2499999999991367,0.014304458589593833,15658.236043278128,561.0101140283604,1,
13,15000.0,400.0,0.6,HYBRID,oracle,15.0,0,564.9923604279757,6943217.547037805,0.15907895606801742,0.4181366156043766,-0.0730973256541038,0.4181366156043766,0.006848392407344801,0,0,0,0.28333333333246813,0.014410952971227617,15658.223272483796,561.0104146062746,1,
14,15000.0,400.0,0.6,HYBRID,oracle,15.0,0,564.9940063245595,6943381.724772787,0.15907895606801742,0.4181366156043766,-0.07318370999592813,0.4181366156043766,0.00684861566782678,0,0,0,0.27499999999913527,0.01436829543021962,15658.22491838038,561.010419008743,1,
15,15000.0,400.0,0.6,HYBRID,oracle,15.0,0,564.9719476848841,6942853.226398245,0.15907895606801742,0.4181366156043766,-0.07353277217502543,0.4181366156043766,0.006848525219027199,0,0,0,0.2499999999991367,0.014381863450344626,15658.202859740704,561.0107451572146,1,
16,15000.0,400.0,0.6,HYBRID,oracle,15.0,0,564.9874446727335,6942863.1447781855,0.15907895606801742,0.4181366156043766,-0.07318105999842399,0.4181366156043766,0.006848756502691196,0,0,0,0.2499999999991367,0.014382612638437943,15658.218356728554,561.0103796762096,1,
17,15000.0,400.0,0.6,HYBRID,oracle,15.0,0,564.9935743995011,6943269.659566014,0.15907895606801742,0.4181366156043766,-0.07353578146381712,0.4181366156043766,0.006848723517505373,0,0,0,0.2249999999991381,0.01435121102206251,15658.224486455321,561.0104004189405,1,
18,15000.0,400.0,0.6,HYBRID,oracle,15.0,0,564.99904294312,6942915.413810288,0.15907895606801742,0.4181366156043766,-0.0729282155820024,0.4181366156043766,0.006848688843762112,0,0,0,0.3083333333324667,0.014454364164019708,15658.22995499894,561.010215475342,1,
19,15000.0,400.0,0.6,HYBRID,oracle,15.0,0,564.9826823472977,6943007.566861779,0.15907895606801742,0.4181366156043766,-0.07375077411597232,0.4181366156043766,0.006848632900010755,0,0,0,0.24166666666580383,0.01426763801607805,15658.213594403118,561.0104733894968,1,
0,15000.0,400.0,0.6,FULL_STACK,oracle,15.0,0,569.7147701047361,7099867.271908646,0.15907895606801742,0.4181366156043766,-0.07496530731606502,0.4181366156043766,0.0068445558083352126,5360,0,0,0.3083333333324667,0.014402354110956058,15662.945682160556,560.9691815831334,1,
1,15000.0,400.0,0.6,FULL_STACK,oracle,15.0,0,569.7185065411031,7099841.850566772,0.15907895606801742,0.4181366156043766,-0.07464647582015048,0.4181366156043766,0.006844449144771211,5365,0,0,0.2083333333324724,0.014359552276315593,15662.949418596923,560.9690523654373,1,
2,15000.0,400.0,0.6,FULL_STACK,oracle,15.0,0,569.712902892381,7099576.94382902,0.15907895606801742,0.4181366156043766,-0.07517499810086609,0.4181366156043766,0.00684444190247164,5363,0,0,0.24166666666580383,0.014387293803513774,15662.943814948201,560.9690894715108,1,
3,15000.0,400.0,0.6,FULL_STACK,oracle,15.0,0,569.705164603889,7099820.025782197,0.15907895606801742,0.4181366156043766,-0.07535733783556632,0.4181366156043766,0.0068443974013937215,5362,0,0,0.3083333333324667,0.01440342582062199,15662.93607665971,560.969249923453,1,
4,15000.0,400.0,0.6,FULL_STACK,oracle,15.0,0,569.7100507691503,7099875.8066977905,0.15907895606801742,0.4181366156043766,-0.07515390911249986,0.4181366156043766,0.006844984621331488,5364,0,0,0.2499999999991367,0.014321489243786862,15662.94096282497,560.9692616366193,1,
5,15000.0,400.0,0.6,FULL_STACK,oracle,15.0,0,569.709742564708,7099533.015689441,0.15907895606801742,0.4181366156043766,-0.0752123546749808,0.4181366156043766,0.006844336546131183,5365,0,0,0.25833333333246955,0.014365437206828953,15662.940654620528,560.9690163862304,1,
6,15000.0,400.0,0.6,FULL_STACK,oracle,15.0,0,569.7432263083756,7100348.552157578,0.15907895606801742,0.4181366156043766,-0.07465554067156102,0.4181366156043766,0.006845512496807575,5363,0,0,0.29999999999913385,0.01431360315034153,15662.974138364196,560.9687963241967,1,
7,15000.0,400.0,0.6,FULL_STACK,oracle,15.0,0,569.7177828103304,7099913.614634008,0.15907895606801742,0.4181366156043766,-0.07487621838059537,0.4181366156043766,0.006845097221069169,5367,0,0,0.2249999999991381,0.014272812398394409,15662.94869486615,560.969071499271,1,
8,15000.0,400.0,0.6,FULL_STACK,oracle,15.0,0,569.7400350682437,7099987.869254383,0.15907895606801742,0.4181366156043766,-0.0752380144127543,0.4181366156043766,0.006845297986743816,5364,0,0,0.24166666666580383,0.014403397502170661,15662.970947124064,560.9685247713113,1,
9,15000.0,400.0,0.6,FULL_STACK,oracle,15.0,0,569.6873645409942,7099424.354385425,0.15907895606801742,0.4181366156043766,-0.07508449453859008,0.4181366156043766,0.006844014080996514,5366,0,0,0.2666666666658024,0.014559207281728765,15662.918276596814,560.9695608818383,1,
10,15000.0,400.0,0.6,FULL_STACK,oracle,15.0,0,569.7275431714952,7099894.7520837085,0.15907895606801742,0.4181366156043766,-0.07487372916307676,0.4181366156043766,0.006844595105482329,5364,0,0,0.2666666666658024,0.014194681303697748,15662.958455227315,560.9688096744443,1,
11,15000.0,400.0,0.6,FULL_STACK,oracle,15.0,0,569.7118681035936,7099617.1045397185,0.15907895606801742,0.4181366156043766,-0.07511986993580688,0.4181366156043766,0.0068443556078729255,5363,0,0,0.27499999999913527,0.014342698374304264,15662.942780159414,560.9690810201924,1,
12,15000.0,400.0,0.6,FULL_STACK,oracle,15.0,0,569.7273555584252,7100147.851652681,0.15907895606801742,0.4181366156043766,-0.07469515227946316,0.4181366156043766,0.0068446574970493675,5365,0,0,0.2499999999991367,0.014304458589593833,15662.958267614245,560.9689533564523,1,
13,15000.0,400.0,0.6,FULL_STACK,oracle,15.0,0,569.729334153235,7100046.2167602675,0.15907895606801742,0.4181366156043766,-0.07462263105279535,0.4181366156043766,0.006844702307401261,5364,0,0,0.28333333333246813,0.014410952971227617,15662.960246209055,560.9688927009337,1,
14,15000.0,400.0,0.6,FULL_STACK,oracle,15.0,0,569.7049915976822,7099972.476640849,0.15907895606801742,0.4181366156043766,-0.07465599666137601,0.4181366156043766,0.006844290272311443,5362,0,0,0.27499999999913527,0.01436829543021962,15662.935903653502,560.9693851019034,1,
15,15000.0,400.0,0.6,FULL_STACK,oracle,15.0,0,569.7083333730698,7099621.7505743485,0.15907895606801742,0.4181366156043766,-0.07507324648949064,0.4181366156043766,0.006844784400191549,5363,0,0,0.2499999999991367,0.014381863450344626,15662.93924542889,560.9691825544298,1,
16,15000.0,400.0,0.6,FULL_STACK,oracle,15.0,0,569.7185271605849,7099986.749462085,0.15907895606801742,0.4181366156043766,-0.0747057799476528,0.4181366156043766,0.00684512608588138,5363,0,0,0.2499999999991367,0.014382612638437943,15662.949439216405,560.9691163777186,1,
17,15000.0,400.0,0.6,FULL_STACK,oracle,15.0,0,569.7044358812273,7099690.461378545,0.15907895606801742,0.4181366156043766,-0.07505431393639475,0.4181366156043766,0.006844449799381291,5368,0,0,0.2249999999991381,0.01435121102206251,15662.935347937047,560.9692561525825,1,
18,15000.0,400.0,0.6,FULL_STACK,oracle,15.0,0,569.7242389954627,7099731.846100354,0.15907895606801742,0.4181366156043766,-0.0747282697537951,0.4181366156043766,0.006844691300285762,5362,0,0,0.3083333333324667,0.014454364164019708,15662.955151051283,560.9689339368267,1,
19,15000.0,400.0,0.6,FULL_STACK,oracle,15.0,0,569.6740150973201,7099429.755332748,0.15907895606801742,0.4181366156043766,-0.07531693392262527,0.4181366156043766,0.006843722203434146,5367,0,0,0.24166666666580383,0.01426763801607805,15662.90492715314,560.9698135501709,1,
0,15000.0,400.0,0.5,BASELINE,none,15.0,0,580.7816473022103,7160094.981625384,0.5626567344364675,0.38452467214230635,-0.05848850235815438,0.38452467214230635,0.009357160748664673,0,0,0,nan,0.5,15674.01255935803,560.7854960856024,1,
1,15000.0,400.0,0.5,BASELINE,none,15.0,0,580.7816473022103,7160094.981625384,0.5626567344364675,0.38452467214230635,-0.05848850235815438,0.38452467214230635,0.009357160748664673,0,0,0,nan,0.5,15674.01255935803,560.7854960856024,1,
2,15000.0,400.0,0.5,BASELINE,none,15.0,0,580.7816473022103,7160094.981625384,0.5626567344364675,0.38452467214230635,-0.05848850235815438,0.38452467214230635,0.009357160748664673,0,0,0,nan,0.5,15674.01255935803,560.7854960856024,1,
3,15000.0,400.0,0.5,BASELINE,none,15.0,0,580.7816473022103,7160094.981625384,0.5626567344364675,0.38452467214230635,-0.05848850235815438,0.38452467214230635,0.009357160748664673,0,0,0,nan,0.5,15674.01255935803,560.7854960856024,1,
4,15000.0,400.0,0.5,BASELINE,none,15.0,0,580.7816473022103,7160094.981625384,0.5626567344364675,0.38452467214230635,-0.05848850235815438,0.38452467214230635,0.009357160748664673,0,0,0,nan,0.5,15674.01255935803,560.7854960856024,1,
5,15000.0,400.0,0.5,BASELINE,none,15.0,0,580.7816473022103,7160094.981625384,0.5626567344364675,0.38452467214230635,-0.05848850235815438,0.38452467214230635,0.009357160748664673,0,0,0,nan,0.5,15674.01255935803,560.7854960856024,1,
6,15000.0,400.0,0.5,BASELINE,none,15.0,0,580.7816473022103,7160094.981625384,0.5626567344364675,0.38452467214230635,-0.05848850235815438,0.38452467214230635,0.009357160748664673,0,0,0,nan,0.5,15674.01255935803,560.7854960856024,1,
7,15000.0,400.0,0.5,BASELINE,none,15.0,0,580.7816473022103,7160094.981625384,0.5626567344364675,0.38452467214230635,-0.05848850235815438,0.38452467214230635,0.009357160748664673,0,0,0,nan,0.5,15674.01255935803,560.7854960856024,1,
8,15000.0,400.0,0.5,BASELINE,none,15.0,0,580.7816473022103,7160094.981625384,0.5626567344364675,0.38452467214230635,-0.05848850235815438,0.38452467214230635,0.009357160748664673,0,0,0,nan,0.5,15674.01255935803,560.7854960856024,1,
9,15000.0,400.0,0.5,BASELINE,none,15.0,0,580.7816473022103,7160094.981625384,0.5626567344364675,0.38452467214230635,-0.05848850235815438,0.38452467214230635,0.009357160748664673,0,0,0,nan,0.5,15674.01255935803,560.7854960856024,1,
10,15000.0,400.0,0.5,BASELINE,none,15.0,0,580.7816473022103,7160094.981625384,0.5626567344364675,0.38452467214230635,-0.05848850235815438,0.38452467214230635,0.009357160748664673,0,0,0,nan,0.5,15674.01255935803,560.7854960856024,1,
11,15000.0,400.0,0.5,BASELINE,none,15.0,0,580.7816473022103,7160094.981625384,0.5626567344364675,0.38452467214230635,-0.05848850235815438,0.38452467214230635,0.009357160748664673,0,0,0,nan,0.5,15674.01255935803,560.7854960856024,1,
12,15000.0,400.0,0.5,BASELINE,none,15.0,0,580.7816473022103,7160094.981625384,0.5626567344364675,0.38452467214230635,-0.05848850235815438,0.38452467214230635,0.009357160748664673,0,0,0,nan,0.5,15674.01255935803,560.7854960856024,1,
13,15000.0,400.0,0.5,BASELINE,none,15.0,0,580.7816473022103,7160094.981625384,0.5626567344364675,0.38452467214230635,-0.05848850235815438,0.38452467214230635,0.009357160748664673,0,0,0,nan,0.5,15674.01255935803,560.7854960856024,1,
14,15000.0,400.0,0.5,BASELINE,none,15.0,0,580.7816473022103,7160094.981625384,0.5626567344364675,0.38452467214230635,-0.05848850235815438,0.38452467214230635,0.009357160748664673,0,0,0,nan,0.5,15674.01255935803,560.7854960856024,1,
15,15000.0,400.0,0.5,BASELINE,none,15.0,0,580.7816473022103,7160094.981625384,0.5626567344364675,0.38452467214230635,-0.05848850235815438,0.38452467214230635,0.009357160748664673,0,0,0,nan,0.5,15674.01255935803,560.7854960856024,1,
16,15000.0,400.0,0.5,BASELINE,none,15.0,0,580.7816473022103,7160094.981625384,0.5626567344364675,0.38452467214230635,-0.05848850235815438,0.38452467214230635,0.009357160748664673,0,0,0,nan,0.5,15674.01255935803,560.7854960856024,1,
17,15000.0,400.0,0.5,BASELINE,none,15.0,0,580.7816473022103,7160094.981625384,0.5626567344364675,0.38452467214230635,-0.05848850235815438,0.38452467214230635,0.009357160748664673,0,0,0,nan,0.5,15674.01255935803,560.7854960856024,1,
18,15000.0,400.0,0.5,BASELINE,none,15.0,0,580.7816473022103,7160094.981625384,0.5626567344364675,0.38452467214230635,-0.05848850235815438,0.38452467214230635,0.009357160748664673,0,0,0,nan,0.5,15674.01255935803,560.7854960856024,1,
19,15000.0,400.0,0.5,BASELINE,none,15.0,0,580.7816473022103,7160094.981625384,0.5626567344364675,0.38452467214230635,-0.05848850235815438,0.38452467214230635,0.009357160748664673,0,0,0,nan,0.5,15674.01255935803,560.7854960856024,1,
0,15000.0,400.0,0.5,CLASSICAL_KAPPA,oracle,15.0,0,571.0446278750896,6894019.830818129,0.5626567344364675,0.38452467214230635,-0.05743964134505956,0.38452467214230635,0.009411009960653804,0,0,0,0.2249999999991381,0.01605924530480046,15664.27553993091,560.8870094562798,1,
1,15000.0,400.0,0.5,CLASSICAL_KAPPA,oracle,15.0,0,571.0585550218821,6894358.460832408,0.5626567344364675,0.38452467214230635,-0.05707541623836919,0.38452467214230635,0.009410679817026316,0,0,0,0.2083333333324724,0.016016134771018205,15664.289467077702,560.8869071486848,1,
2,15000.0,400.0,0.5,CLASSICAL_KAPPA,oracle,15.0,0,571.0981792360544,6894806.8707421655,0.5626567344364675,0.38452467214230635,-0.057765022251071996,0.38452467214230635,0.009412381229164468,0,0,0,0.23333333333247097,0.01604469949592791,15664.329091291875,560.8862056906167,1,
3,15000.0,400.0,0.5,CLASSICAL_KAPPA,oracle,15.0,0,571.0271284393966,6893697.326190316,0.5626567344364675,0.38452467214230635,-0.05831874612757519,0.38452467214230635,0.00941003146306264,0,0,0,0.23333333333247097,0.01606206630960338,15664.258040495217,560.8871097532812,1,
4,15000.0,400.0,0.5,CLASSICAL_KAPPA,oracle,15.0,0,571.0946449004114,6894587.585100886,0.5626567344364675,0.38452467214230635,-0.05805580051873131,0.38452467214230635,0.009413375844603148,0,0,0,0.21666666666580525,0.015978989773696342,15664.325556956232,560.8861662450572,1,
5,15000.0,400.0,0.5,CLASSICAL_KAPPA,oracle,15.0,0,571.0602010674775,6894073.875825791,0.5626567344364675,0.38452467214230635,-0.057934122700269056,0.38452467214230635,0.009410904331366564,0,0,0,0.2249999999991381,0.01602216878650465,15664.291113123298,560.886552947526,1,
6,15000.0,400.0,0.5,CLASSICAL_KAPPA,oracle,15.0,0,571.0482007153332,6894175.432368076,0.5626567344364675,0.38452467214230635,-0.056956980920951264,0.38452467214230635,0.009411212845295516,0,0,0,0.2083333333324724,0.015971455278603604,15664.279112771153,560.8871076400106,1,
7,15000.0,400.0,0.5,CLASSICAL_KAPPA,oracle,15.0,0,571.0473801419139,6893883.422665346,0.5626567344364675,0.38452467214230635,-0.0574888531919008,0.38452467214230635,0.00941136864022055,0,0,0,0.2249999999991381,0.015929471474216684,15664.278292197734,560.8868523157589,1,
8,15000.0,400.0,0.5,CLASSICAL_KAPPA,oracle,15.0,0,571.0659074857831,6894131.58443328,0.5626567344364675,0.38452467214230635,-0.057935350502135885,0.38452467214230635,0.009411285068343545,0,0,0,0.19166666666580667,0.01605967129773139,15664.296819541603,560.8864551111026,1,
9,15000.0,400.0,0.5,CLASSICAL_KAPPA,oracle,15.0,0,571.063458904624,6893950.942516586,0.5626567344364675,0.38452467214230635,-0.057719802989727224,0.38452467214230635,0.00941115897826615,0,0,0,0.23333333333247097,0.016216451956713514,15664.294370960444,560.8866035702489,1,
10,15000.0,400.0,0.5,CLASSICAL_KAPPA,oracle,15.0,0,571.033196631819,6893662.670578275,0.5626567344364675,0.38452467214230635,-0.057370622439564624,0.38452467214230635,0.009409378669440586,0,0,0,0.21666666666580525,0.015849011405404234,15664.26410868764,560.887017334845,1,
11,15000.0,400.0,0.5,CLASSICAL_KAPPA,oracle,15.0,0,571.067132666707,6894159.465981646,0.5626567344364675,0.38452467214230635,-0.05782961649096358,0.38452467214230635,0.00941100052124223,0,0,0,0.2083333333324724,0.016000721465002005,15664.298044722527,560.8865598946811,1,
12,15000.0,400.0,0.5,CLASSICAL_KAPPA,oracle,15.0,0,571.064968727529,6894131.535138785,0.5626567344364675,0.38452467214230635,-0.05719175637412627,0.38452467214230635,0.009410526030231578,0,0,0,0.23333333333247097,0.015962242500461164,15664.29588078335,560.886563027881,1,
13,15000.0,400.0,0.5,CLASSICAL_KAPPA,oracle,15.0,0,571.0500532388687,6894011.732211571,0.5626567344364675,0.38452467214230635,-0.057289994510934,0.38452467214230635,0.009410496789469994,0,0,0,0.2249999999991381,0.0160698595208309,15664.280965294689,560.886855979794,1,
14,15000.0,400.0,0.5,CLASSICAL_KAPPA,oracle,15.0,0,571.0687823928893,6894302.400366216,0.5626567344364675,0.38452467214230635,-0.0574863721597759,0.38452467214230635,0.009411320001974002,0,0,0,0.23333333333247097,0.016024290779210602,15664.29969444871,560.8865671826961,1,
15,15000.0,400.0,0.5,CLASSICAL_KAPPA,oracle,15.0,0,571.0544603317976,6893867.101566447,0.5626567344364675,0.38452467214230635,-0.057753332003845234,0.38452467214230635,0.00941165920901036,0,0,0,0.23333333333247097,0.016037715663493393,15664.285372387618,560.8867572496263,1,
16,15000.0,400.0,0.5,CLASSICAL_KAPPA,oracle,15.0,0,571.0649446435273,6893999.104332465,0.5626567344364675,0.38452467214230635,-0.057229994420940185,0.38452467214230635,0.009411729628749456,0,0,0,0.23333333333247097,0.016040590102517807,15664.295856699347,560.8865771536393,1,
17,15000.0,400.0,0.5,CLASSICAL_KAPPA,oracle,15.0,0,571.0797543972731,6894524.2381955255,0.5626567344364675,0.38452467214230635,-0.05783521888335891,0.38452467214230635,0.009412000310865984,0,0,0,0.2249999999991381,0.016007176118481455,15664.310666453093,560.8864433632376,1,
18,15000.0,400.0,0.5,CLASSICAL_KAPPA,oracle,15.0,0,571.0699691474438,6894162.046354618,0.5626567344364675,0.38452467214230635,-0.05707165689326336,0.38452467214230635,0.009411008566802982,0,0,0,0.24166666666580383,0.01611198894904794,15664.300881203264,560.8866353677682,1,
19,15000.0,400.0,0.5,CLASSICAL_KAPPA,oracle,15.0,0,571.0559064410627,6894188.212761695,0.5626567344364675,0.38452467214230635,-0.058083254356677445,0.38452467214230635,0.00941172373138905,0,0,0,0.2249999999991381,0.015925122528085218,15664.286818496883,560.8867509034009,1,
0,15000.0,400.0,0.5,TECS_MRAC,none,15.0,0,574.3791460730135,7192452.59808019,0.15907895606801742,0.4181366156043766,-0.07364197956229697,0.4181366156043766,0.009407466100326441,0,0,0,nan,0.5,15667.610058128834,560.9103201303831,1,
1,15000.0,400.0,0.5,TECS_MRAC,none,15.0,0,574.3791460730135,7192452.59808019,0.15907895606801742,0.4181366156043766,-0.07364197956229697,0.4181366156043766,0.009407466100326441,0,0,0,nan,0.5,15667.610058128834,560.9103201303831,1,
2,15000.0,400.0,0.5,TECS_MRAC,none,15.0,0,574.3791460730135,7192452.59808019,0.15907895606801742,0.4181366156043766,-0.07364197956229697,0.4181366156043766,0.009407466100326441,0,0,0,nan,0.5,15667.610058128834,560.9103201303831,1,
3,15000.0,400.0,0.5,TECS_MRAC,none,15.0,0,574.3791460730135,7192452.59808019,0.15907895606801742,0.4181366156043766,-0.07364197956229697,0.4181366156043766,0.009407466100326441,0,0,0,nan,0.5,15667.610058128834,560.9103201303831,1,
4,15000.0,400.0,0.5,TECS_MRAC,none,15.0,0,574.3791460730135,7192452.59808019,0.15907895606801742,0.4181366156043766,-0.07364197956229697,0.4181366156043766,0.009407466100326441,0,0,0,nan,0.5,15667.610058128834,560.9103201303831,1,
5,15000.0,400.0,0.5,TECS_MRAC,none,15.0,0,574.3791460730135,7192452.59808019,0.15907895606801742,0.4181366156043766,-0.07364197956229697,0.4181366156043766,0.009407466100326441,0,0,0,nan,0.5,15667.610058128834,560.9103201303831,1,
6,15000.0,400.0,0.5,TECS_MRAC,none,15.0,0,574.3791460730135,7192452.59808019,0.15907895606801742,0.4181366156043766,-0.07364197956229697,0.4181366156043766,0.009407466100326441,0,0,0,nan,0.5,15667.610058128834,560.9103201303831,1,
7,15000.0,400.0,0.5,TECS_MRAC,none,15.0,0,574.3791460730135,7192452.59808019,0.15907895606801742,0.4181366156043766,-0.07364197956229697,0.4181366156043766,0.009407466100326441,0,0,0,nan,0.5,15667.610058128834,560.9103201303831,1,
8,15000.0,400.0,0.5,TECS_MRAC,none,15.0,0,574.3791460730135,7192452.59808019,0.15907895606801742,0.4181366156043766,-0.07364197956229697,0.4181366156043766,0.009407466100326441,0,0,0,nan,0.5,15667.610058128834,560.9103201303831,1,
9,15000.0,400.0,0.5,TECS_MRAC,none,15.0,0,574.3791460730135,7192452.59808019,0.15907895606801742,0.4181366156043766,-0.07364197956229697,0.4181366156043766,0.009407466100326441,0,0,0,nan,0.5,15667.610058128834,560.9103201303831,1,
10,15000.0,400.0,0.5,TECS_MRAC,none,15.0,0,574.3791460730135,7192452.59808019,0.15907895606801742,0.4181366156043766,-0.07364197956229697,0.4181366156043766,0.009407466100326441,0,0,0,nan,0.5,15667.610058128834,560.9103201303831,1,
11,15000.0,400.0,0.5,TECS_MRAC,none,15.0,0,574.3791460730135,7192452.59808019,0.15907895606801742,0.4181366156043766,-0.07364197956229697,0.4181366156043766,0.009407466100326441,0,0,0,nan,0.5,15667.610058128834,560.9103201303831,1,
12,15000.0,400.0,0.5,TECS_MRAC,none,15.0,0,574.3791460730135,7192452.59808019,0.15907895606801742,0.4181366156043766,-0.07364197956229697,0.4181366156043766,0.009407466100326441,0,0,0,nan,0.5,15667.610058128834,560.9103201303831,1,
13,15000.0,400.0,0.5,TECS_MRAC,none,15.0,0,574.3791460730135,7192452.59808019,0.15907895606801742,0.4181366156043766,-0.07364197956229697,0.4181366156043766,0.009407466100326441,0,0,0,nan,0.5,15667.610058128834,560.9103201303831,1,
14,15000.0,400.0,0.5,TECS_MRAC,none,15.0,0,574.3791460730135,7192452.59808019,0.15907895606801742,0.4181366156043766,-0.07364197956229697,0.4181366156043766,0.009407466100326441,0,0,0,nan,0.5,15667.610058128834,560.9103201303831,1,
15,15000.0,400.0,0.5,TECS_MRAC,none,15.0,0,574.3791460730135,7192452.59808019,0.15907895606801742,0.4181366156043766,-0.07364197956229697,0.4181366156043766,0.009407466100326441,0,0,0,nan,0.5,15667.610058128834,560.9103201303831,1,
16,15000.0,400.0,0.5,TECS_MRAC,none,15.0,0,574.3791460730135,7192452.59808019,0.15907895606801742,0.4181366156043766,-0.07364197956229697,0.4181366156043766,0.009407466100326441,0,0,0,nan,0.5,15667.610058128834,560.9103201303831,1,
17,15000.0,400.0,0.5,TECS_MRAC,none,15.0,0,574.3791460730135,7192452.59808019,0.15907895606801742,0.4181366156043766,-0.07364197956229697,0.4181366156043766,0.009407466100326441,0,0,0,nan,0.5,15667.610058128834,560.9103201303831,1,
18,15000.0,400.0,0.5,TECS_MRAC,none,15.0,0,574.3791460730135,7192452.59808019,0.15907895606801742,0.4181366156043766,-0.07364197956229697,0.4181366156043766,0.009407466100326441,0,0,0,nan,0.5,15667.610058128834,560.9103201303831,1,
19,15000.0,400.0,0.5,TECS_MRAC,none,15.0,0,574.3791460730135,7192452.59808019,0.15907895606801742,0.4181366156043766,-0.07364197956229697,0.4181366156043766,0.009407466100326441,0,0,0,nan,0.5,15667.610058128834,560.9103201303831,1,
0,15000.0,400.0,0.5,HYBRID,oracle,15.0,0,564.9725113883615,6943153.028612298,0.15907895606801742,0.4181366156043766,-0.07324079320755918,0.4181366156043766,0.009465371886572867,0,0,0,0.2249999999991381,0.01605924530480046,15658.203423444182,561.0107813236282,1,
1,15000.0,400.0,0.5,HYBRID,oracle,15.0,0,564.9689654484391,6942942.2831527395,0.15907895606801742,0.4181366156043766,-0.07293301362720818,0.4181366156043766,0.009464494112771123,0,0,0,0.2083333333324724,0.016016134771018205,15658.19987750426,561.0107817024808,1,
2,15000.0,400.0,0.5,HYBRID,oracle,15.0,0,564.9914101660252,6943423.537750505,0.15907895606801742,0.4181366156043766,-0.07356462144849511,0.4181366156043766,0.009465916358443783,0,0,0,0.23333333333247097,0.01604469949592791,15658.222322221845,561.0105176200408,1,
3,15000.0,400.0,0.5,HYBRID,oracle,15.0,0,564.9754411615431,6943041.951556779,0.15907895606801742,0.4181366156043766,-0.07419639362313211,0.4181366156043766,0.009465183064453259,0,0,0,0.23333333333247097,0.01606206630960338,15658.206353217363,561.010484919418,1,
4,15000.0,400.0,0.5,HYBRID,oracle,15.0,0,564.9995361864567,6943624.760412122,0.15907895606801742,0.4181366156043766,-0.07376571969413487,0.4181366156043766,0.009467235328296275,0,0,0,0.21666666666580525,0.015978989773696342,15658.230448242277,561.0104202562088,1,
5,15000.0,400.0,0.5,HYBRID,oracle,15.0,0,565.010070502758,6943640.953767699,0.15907895606801742,0.4181366156043766,-0.07381012084069244,0.4181366156043766,0.009466117415024048,0,0,0,0.2249999999991381,0.01602216878650465,15658.240982558578,561.0100368116414,1,
6,15000.0,400.0,0.5,HYBRID,oracle,15.0,0,565.0095152370632,6943631.763970463,0.15907895606801742,0.4181366156043766,-0.07286118848449545,0.4181366156043766,0.009466848168476063,0,0,0,0.2083333333324724,0.015971455278603604,15658.240427292883,561.0102727025528,1,
7,15000.0,400.0,0.5,HYBRID,oracle,15.0,0,564.9810965508223,6943201.80670827,0.15907895606801742,0.4181366156043766,-0.07336265858697208,0.4181366156043766,0.009466238318630695,0,0,0,0.2249999999991381,0.015929471474216684,15658.212008606642,561.0105779865095,1,
8,15000.0,400.0,0.5,HYBRID,oracle,15.0,0,564.9742739871144,6943136.881252173,0.15907895606801742,0.4181366156043766,-0.07371306209547797,0.4181366156043766,0.009465285460403173,0,0,0,0.19166666666580667,0.01605967129773139,15658.205186042935,561.0105950519136,1,
9,15000.0,400.0,0.5,HYBRID,oracle,15.0,0,564.9868877567351,6943204.443244624,0.15907895606801742,0.4181366156043766,-0.07361055815504554,0.4181366156043766,0.009465856042851198,0,0,0,0.23333333333247097,0.016216451956713514,15658.217799812555,561.0105169455238,1,
10,15000.0,400.0,0.5,HYBRID,oracle,15.0,0,564.9836389012635,6943197.2411540365,0.15907895606801742,0.4181366156043766,-0.07322225566094004,0.4181366156043766,0.00946490691178115,0,0,0,0.21666666666580525,0.015849011405404234,15658.214550957084,561.01044557294,1,
11,15000.0,400.0,0.5,HYBRID,oracle,15.0,0,564.9722797945142,6943041.0774886,0.15907895606801742,0.4181366156043766,-0.07367544531022266,0.4181366156043766,0.009465000421007456,0,0,0,0.2083333333324724,0.016000721465002005,15658.203191850334,561.0107153232004,1,
12,15000.0,400.0,0.5,HYBRID,oracle,15.0,0,564.9734845533967,6942918.14446628,0.15907895606801742,0.4181366156043766,-0.07310151797315113,0.4181366156043766,0.009464151176150112,0,0,0,0.23333333333247097,0.015962242500461164,15658.204396609217,561.0106070171443,1,
13,15000.0,400.0,0.5,HYBRID,oracle,15.0,0,564.9787753745914,6943456.388466294,0.15907895606801742,0.4181366156043766,-0.07318033613590783,0.4181366156043766,0.009465068584956722,0,0,0,0.2249999999991381,0.0160698595208309,15658.209687430412,561.0107720626792,1,
14,15000.0,400.0,0.5,HYBRID,oracle,15.0,0,564.9958432503045,6943618.646531808,0.15907895606801742,0.4181366156043766,-0.07329472749383968,0.4181366156043766,0.00946592931366845,0,0,0,0.23333333333247097,0.016024290779210602,15658.226755306125,561.0104359987641,1,
15,15000.0,400.0,0.5,HYBRID,oracle,15.0,0,564.9939863123,6943206.406667926,0.15907895606801742,0.4181366156043766,-0.07358867281900451,0.4181366156043766,0.009466704836114854,0,0,0,0.23333333333247097,0.016037715663493393,15658.22489836812,561.0103819908269,1,
16,15000.0,400.0,0.5,HYBRID,oracle,15.0,0,564.9772216454148,6943117.980392897,0.15907895606801742,0.4181366156043766,-0.07315962813118708,0.4181366156043766,0.009465952326521086,0,0,0,0.23333333333247097,0.016040590102517807,15658.208133701235,561.0106902372673,1,
17,15000.0,400.0,0.5,HYBRID,oracle,15.0,0,564.9983160495758,6943343.170284949,0.15907895606801742,0.4181366156043766,-0.07364095228418353,0.4181366156043766,0.00946614650434178,0,0,0,0.2249999999991381,0.016007176118481455,15658.229228105396,561.0102822542192,1,
18,15000.0,400.0,0.5,HYBRID,oracle,15.0,0,564.9715394042432,6942977.209959178,0.15907895606801742,0.4181366156043766,-0.07288390142443232,0.4181366156043766,0.00946489343467429,0,0,0,0.24166666666580383,0.01611198894904794,15658.202451460063,561.0108319405771,1,
19,15000.0,400.0,0.5,HYBRID,oracle,15.0,0,564.9651396274567,6942938.146686226,0.15907895606801742,0.4181366156043766,-0.07383409916834081,0.4181366156043766,0.009465297540088841,0,0,0,0.2249999999991381,0.015925122528085218,15658.196051683277,561.010773857089,1,
0,15000.0,400.0,0.5,FULL_STACK,oracle,15.0,0,569.8977758698165,7106388.377613609,0.15907895606801742,0.4181366156043766,-0.07493586341171113,0.4181366156043766,0.009461344408057093,5373,0,0,0.2249999999991381,0.01605924530480046,15663.128687925637,560.9676484541118,1,
1,15000.0,400.0,0.5,FULL_STACK,oracle,15.0,0,569.9172162413597,7106891.991053868,0.15907895606801742,0.4181366156043766,-0.07455057807887805,0.4181366156043766,0.009461501339473863,5371,0,0,0.2083333333324724,0.016016134771018205,15663.14812829718,560.967434580446,1,
2,15000.0,400.0,0.5,FULL_STACK,oracle,15.0,0,569.9319717511535,7106798.719632953,0.15907895606801742,0.4181366156043766,-0.0752303534453396,0.4181366156043766,0.009462426847328327,5371,0,0,0.23333333333247097,0.01604469949592791,15663.162883806974,560.9670794214937,1,
3,15000.0,400.0,0.5,FULL_STACK,oracle,15.0,0,569.8806500136852,7106476.12198138,0.15907895606801742,0.4181366156043766,-0.07576097466630612,0.4181366156043766,0.009460565505205845,5371,0,0,0.23333333333247097,0.01606206630960338,15663.111562069505,560.9678788168032,1,
4,15000.0,400.0,0.5,FULL_STACK,oracle,15.0,0,569.9248322658241,7106691.431158815,0.15907895606801742,0.4181366156043766,-0.07545396012667542,0.4181366156043766,0.009463191252870463,5372,0,0,0.21666666666580525,0.015978989773696342,15663.155744321644,560.9671645827068,1,
5,15000.0,400.0,0.5,FULL_STACK,oracle,15.0,0,569.9163254909217,7106861.611969574,0.15907895606801742,0.4181366156043766,-0.07536550645215491,0.4181366156043766,0.009461754063879071,5373,0,0,0.2249999999991381,0.01602216878650465,15663.147237546742,560.9672972331414,1,
6,15000.0,400.0,0.5,FULL_STACK,oracle,15.0,0,569.8875797539949,7106228.913069386,0.15907895606801742,0.4181366156043766,-0.07452734233097945,0.4181366156043766,0.009461195976191007,5372,0,0,0.2083333333324724,0.015971455278603604,15663.118491809815,560.9678804150806,1,
7,15000.0,400.0,0.5,FULL_STACK,oracle,15.0,0,569.8983647041023,7106469.036904237,0.15907895606801742,0.4181366156043766,-0.07500536188864478,0.4181366156043766,0.009461859981864376,5373,0,0,0.2249999999991381,0.015929471474216684,15663.129276759923,560.9676166816444,1,
8,15000.0,400.0,0.5,FULL_STACK,oracle,15.0,0,569.9082761853933,7106614.669540841,0.15907895606801742,0.4181366156043766,-0.07531726958335726,0.4181366156043766,0.009461815032552548,5370,0,0,0.19166666666580667,0.01605967129773139,15663.139188241214,560.967354020722,1,
9,15000.0,400.0,0.5,FULL_STACK,oracle,15.0,0,569.9071022570133,7106538.054820144,0.15907895606801742,0.4181366156043766,-0.07527181767407902,0.4181366156043766,0.009461709604921787,5371,0,0,0.23333333333247097,0.016216451956713514,15663.138014312834,560.9675039372645,1,
10,15000.0,400.0,0.5,FULL_STACK,oracle,15.0,0,569.8996500596404,7106491.069383274,0.15907895606801742,0.4181366156043766,-0.07488393424676688,0.4181366156043766,0.009460407724508766,5370,0,0,0.21666666666580525,0.015849011405404234,15663.13056211546,560.9675222078155,1,
11,15000.0,400.0,0.5,FULL_STACK,oracle,15.0,0,569.9227558374405,7106658.432204083,0.15907895606801742,0.4181366156043766,-0.07528675642229266,0.4181366156043766,0.009462177097853696,5373,0,0,0.2083333333324724,0.016000721465002005,15663.15366789326,560.9671576403306,1,
12,15000.0,400.0,0.5,FULL_STACK,oracle,15.0,0,569.9012721218169,7106512.177622065,0.15907895606801742,0.4181366156043766,-0.07471513761145118,0.4181366156043766,0.009460462900794166,5370,0,0,0.23333333333247097,0.015962242500461164,15663.132184177637,560.9675642787341,1,
13,15000.0,400.0,0.5,FULL_STACK,oracle,15.0,0,569.9044846780598,7106721.522099099,0.15907895606801742,0.4181366156043766,-0.07476749095639293,0.4181366156043766,0.009461041721083798,5370,0,0,0.2249999999991381,0.0160698595208309,15663.13539673388,560.9676173696264,1,
14,15000.0,400.0,0.5,FULL_STACK,oracle,15.0,0,569.9259545244277,7107072.779532381,0.15907895606801742,0.4181366156043766,-0.07490428074602815,0.4181366156043766,0.009462147232755437,5370,0,0,0.23333333333247097,0.016024290779210602,15663.156866580248,560.9672800976323,1,
15,15000.0,400.0,0.5,FULL_STACK,oracle,15.0,0,569.9279508851469,7106677.93744826,0.15907895606801742,0.4181366156043766,-0.07520088791786315,0.4181366156043766,0.009463029221388988,5371,0,0,0.23333333333247097,0.016037715663493393,15663.158862940967,560.9671064399766,1,
16,15000.0,400.0,0.5,FULL_STACK,oracle,15.0,0,569.8934464454651,7106516.740735116,0.15907895606801742,0.4181366156043766,-0.07470691704401967,0.4181366156043766,0.009461511519441676,5369,0,0,0.23333333333247097,0.016040590102517807,15663.124358501285,560.9678039209936,1,
17,15000.0,400.0,0.5,FULL_STACK,oracle,15.0,0,569.9159052781761,7106608.703487968,0.15907895606801742,0.4181366156043766,-0.07530094160085928,0.4181366156043766,0.009461797370167405,5371,0,0,0.2249999999991381,0.016007176118481455,15663.146817333996,560.9673100606899,1,
18,15000.0,400.0,0.5,FULL_STACK,oracle,15.0,0,569.9392786473036,7106933.981589938,0.15907895606801742,0.4181366156043766,-0.0745046831415416,0.4181366156043766,0.009462588549919028,5370,0,0,0.24166666666580383,0.01611198894904794,15663.170190703124,560.9670380117724,1,
19,15000.0,400.0,0.5,FULL_STACK,oracle,15.0,0,569.8826565146446,7106046.293825845,0.15907895606801742,0.4181366156043766,-0.075448938646409,0.4181366156043766,0.00946100054373064,5372,0,0,0.2249999999991381,0.015925122528085218,15663.113568570465,560.967726866034,1,
0,20000.0,450.0,1.0,BASELINE,none,1000000000.0,0,254.04547956585884,1252626.7312381954,0.8020565877254024,0.10992769100468482,-0.10992769100468482,0.09632836945874719,0.0008070583111052368,0,0,0,nan,nan,20307.332515001297,531.068356570189,1,
1,20000.0,450.0,1.0,BASELINE,none,1000000000.0,0,254.04547956585884,1252626.7312381954,0.8020565877254024,0.10992769100468482,-0.10992769100468482,0.09632836945874719,0.0008070583111052368,0,0,0,nan,nan,20307.332515001297,531.068356570189,1,
2,20000.0,450.0,1.0,BASELINE,none,1000000000.0,0,254.04547956585884,1252626.7312381954,0.8020565877254024,0.10992769100468482,-0.10992769100468482,0.09632836945874719,0.0008070583111052368,0,0,0,nan,nan,20307.332515001297,531.068356570189,1,
3,20000.0,450.0,1.0,BASELINE,none,1000000000.0,0,254.04547956585884,1252626.7312381954,0.8020565877254024,0.10992769100468482,-0.10992769100468482,0.09632836945874719,0.0008070583111052368,0,0,0,nan,nan,20307.332515001297,531.068356570189,1,
4,20000.0,450.0,1.0,BASELINE,none,1000000000.0,0,254.04547956585884,1252626.7312381954,0.8020565877254024,0.10992769100468482,-0.10992769100468482,0.09632836945874719,0.0008070583111052368,0,0,0,nan,nan,20307.332515001297,531.068356570189,1,
5,20000.0,450.0,1.0,BASELINE,none,1000000000.0,0,254.04547956585884,1252626.7312381954,0.8020565877254024,0.10992769100468482,-0.10992769100468482,0.09632836945874719,0.0008070583111052368,0,0,0,nan,nan,20307.332515001297,531.068356570189,1,
6,20000.0,450.0,1.0,BASELINE,none,1000000000.0,0,254.04547956585884,1252626.7312381954,0.8020565877254024,0.10992769100468482,-0.10992769100468482,0.09632836945874719,0.0008070583111052368,0,0,0,nan,nan,20307.332515001297,531.068356570189,1,
7,20000.0,450.0,1.0,BASELINE,none,1000000000.0,0,254.04547956585884,1252626.7312381954,0.8020565877254024,0.10992769100468482,-0.10992769100468482,0.09632836945874719,0.0008070583111052368,0,0,0,nan,nan,20307.332515001297,531.068356570189,1,
8,20000.0,450.0,1.0,BASELINE,none,1000000000.0,0,254.04547956585884,1252626.7312381954,0.8020565877254024,0.10992769100468482,-0.10992769100468482,0.09632836945874719,0.0008070583111052368,0,0,0,nan,nan,20307.332515001297,531.068356570189,1,
9,20000.0,450.0,1.0,BASELINE,none,1000000000.0,0,254.04547956585884,1252626.7312381954,0.8020565877254024,0.10992769100468482,-0.10992769100468482,0.09632836945874719,0.0008070583111052368,0,0,0,nan,nan,20307.332515001297,531.068356570189,1,
10,20000.0,450.0,1.0,BASELINE,none,1000000000.0,0,254.04547956585884,1252626.7312381954,0.8020565877254024,0.10992769100468482,-0.10992769100468482,0.09632836945874719,0.0008070583111052368,0,0,0,nan,nan,20307.332515001297,531.068356570189,1,
11,20000.0,450.0,1.0,BASELINE,none,1000000000.0,0,254.04547956585884,1252626.7312381954,0.8020565877254024,0.10992769100468482,-0.10992769100468482,0.09632836945874719,0.0008070583111052368,0,0,0,nan,nan,20307.332515001297,531.068356570189,1,
12,20000.0,450.0,1.0,BASELINE,none,1000000000.0,0,254.04547956585884,1252626.7312381954,0.8020565877254024,0.10992769100468482,-0.10992769100468482,0.09632836945874719,0.0008070583111052368,0,0,0,nan,nan,20307.332515001297,531.068356570189,1,
13,20000.0,450.0,1.0,BASELINE,none,1000000000.0,0,254.04547956585884,1252626.7312381954,0.8020565877254024,0.10992769100468482,-0.10992769100468482,0.09632836945874719,0.0008070583111052368,0,0,0,nan,nan,20307.332515001297,531.068356570189,1,
14,20000.0,450.0,1.0,BASELINE,none,1000000000.0,0,254.04547956585884,1252626.7312381954,0.8020565877254024,0.10992769100468482,-0.10992769100468482,0.09632836945874719,0.0008070583111052368,0,0,0,nan,nan,20307.332515001297,531.068356570189,1,
15,20000.0,450.0,1.0,BASELINE,none,1000000000.0,0,254.04547956585884,1252626.7312381954,0.8020565877254024,0.10992769100468482,-0.10992769100468482,0.09632836945874719,0.0008070583111052368,0,0,0,nan,nan,20307.332515001297,531.068356570189,1,
16,20000.0,450.0,1.0,BASELINE,none,1000000000.0,0,254.04547956585884,1252626.7312381954,0.8020565877254024,0.10992769100468482,-0.10992769100468482,0.09632836945874719,0.0008070583111052368,0,0,0,nan,nan,20307.332515001297,531.068356570189,1,
17,20000.0,450.0,1.0,BASELINE,none,1000000000.0,0,254.04547956585884,1252626.7312381954,0.8020565877254024,0.10992769100468482,-0.10992769100468482,0.09632836945874719,0.0008070583111052368,0,0,0,nan,nan,20307.332515001297,531.068356570189,1,
18,20000.0,450.0,1.0,BASELINE,none,1000000000.0,0,254.04547956585884,1252626.7312381954,0.8020565877254024,0.10992769100468482,-0.10992769100468482,0.09632836945874719,0.0008070583111052368,0,0,0,nan,nan,20307.332515001297,531.068356570189,1,
19,20000.0,450.0,1.0,BASELINE,none,1000000000.0,0,254.04547956585884,1252626.7312381954,0.8020565877254024,0.10992769100468482,-0.10992769100468482,0.09632836945874719,0.0008070583111052368,0,0,0,nan,nan,20307.332515001297,531.068356570189,1,
0,20000.0,450.0,1.0,CLASSICAL_KAPPA,oracle,1000000000.0,0,254.04547956585884,1252626.7312381954,0.8020565877254024,0.10992769100468482,-0.10992769100468482,0.09632836945874719,0.0008070583111052368,0,0,0,nan,nan,20307.332515001297,531.068356570189,1,
1,20000.0,450.0,1.0,CLASSICAL_KAPPA,oracle,1000000000.0,0,254.04547956585884,1252626.7312381954,0.8020565877254024,0.10992769100468482,-0.10992769100468482,0.09632836945874719,0.0008070583111052368,0,0,0,nan,nan,20307.332515001297,531.068356570189,1,
2,20000.0,450.0,1.0,CLASSICAL_KAPPA,oracle,1000000000.0,0,254.04547956585884,1252626.7312381954,0.8020565877254024,0.10992769100468482,-0.10992769100468482,0.09632836945874719,0.0008070583111052368,0,0,0,nan,nan,20307.332515001297,531.068356570189,1,
3,20000.0,450.0,1.0,CLASSICAL_KAPPA,oracle,1000000000.0,0,254.04547956585884,1252626.7312381954,0.8020565877254024,0.10992769100468482,-0.10992769100468482,0.09632836945874719,0.0008070583111052368,0,0,0,nan,nan,20307.332515001297,531.068356570189,1,
4,20000.0,450.0,1.0,CLASSICAL_KAPPA,oracle,1000000000.0,0,254.04547956585884,1252626.7312381954,0.8020565877254024,0.10992769100468482,-0.10992769100468482,0.09632836945874719,0.0008070583111052368,0,0,0,nan,nan,20307.332515001297,531.068356570189,1,
5,20000.0,450.0,1.0,CLASSICAL_KAPPA,oracle,1000000000.0,0,254.04547956585884,1252626.7312381954,0.8020565877254024,0.10992769100468482,-0.10992769100468482,0.09632836945874719,0.0008070583111052368,0,0,0,nan,nan,20307.332515001297,531.068356570189,1,
6,20000.0,450.0,1.0,CLASSICAL_KAPPA,oracle,1000000000.0,0,254.04547956585884,1252626.7312381954,0.8020565877254024,0.10992769100468482,-0.10992769100468482,0.09632836945874719,0.0008070583111052368,0,0,0,nan,nan,20307.332515001297,531.068356570189,1,
7,20000.0,450.0,1.0,CLASSICAL_KAPPA,oracle,1000000000.0,0,254.04547956585884,1252626.7312381954,0.8020565877254024,0.10992769100468482,-0.10992769100468482,0.09632836945874719,0.0008070583111052368,0,0,0,nan,nan,20307.332515001297,531.068356570189,1,
8,20000.0,450.0,1.0,CLASSICAL_KAPPA,oracle,1000000000.0,0,254.04547956585884,1252626.7312381954,0.8020565877254024,0.10992769100468482,-0.10992769100468482,0.09632836945874719,0.0008070583111052368,0,0,0,nan,nan,20307.332515001297,531.068356570189,1,
9,20000.0,450.0,1.0,CLASSICAL_KAPPA,oracle,1000000000.0,0,254.04547956585884,1252626.7312381954,0.8020565877254024,0.10992769100468482,-0.10992769100468482,0.09632836945874719,0.0008070583111052368,0,0,0,nan,nan,20307.332515001297,531.068356570189,1,
10,20000.0,450.0,1.0,CLASSICAL_KAPPA,oracle,1000000000.0,0,254.04547956585884,1252626.7312381954,0.8020565877254024,0.10992769100468482,-0.10992769100468482,0.09632836945874719,0.0008070583111052368,0,0,0,nan,nan,20307.332515001297,531.068356570189,1,
11,20000.0,450.0,1.0,CLASSICAL_KAPPA,oracle,1000000000.0,0,254.04547956585884,1252626.7312381954,0.8020565877254024,0.10992769100468482,-0.10992769100468482,0.09632836945874719,0.0008070583111052368,0,0,0,nan,nan,20307.332515001297,531.068356570189,1,
12,20000.0,450.0,1.0,CLASSICAL_KAPPA,oracle,1000000000.0,0,254.04547956585884,1252626.7312381954,0.8020565877254024,0.10992769100468482,-0.10992769100468482,0.09632836945874719,0.0008070583111052368,0,0,0,nan,nan,20307.332515001297,531.068356570189,1,
13,20000.0,450.0,1.0,CLASSICAL_KAPPA,oracle,1000000000.0,0,254.04547956585884,1252626.7312381954,0.8020565877254024,0.10992769100468482,-0.10992769100468482,0.09632836945874719,0.0008070583111052368,0,0,0,nan,nan,20307.332515001297,531.068356570189,1,
14,20000.0,450.0,1.0,CLASSICAL_KAPPA,oracle,1000000000.0,0,254.04547956585884,1252626.7312381954,0.8020565877254024,0.10992769100468482,-0.10992769100468482,0.09632836945874719,0.0008070583111052368,0,0,0,nan,nan,20307.332515001297,531.068356570189,1,
15,20000.0,450.0,1.0,CLASSICAL_KAPPA,oracle,1000000000.0,0,254.04547956585884,1252626.7312381954,0.8020565877254024,0.10992769100468482,-0.10992769100468482,0.09632836945874719,0.0008070583111052368,0,0,0,nan,nan,20307.332515001297,531.068356570189,1,
16,20000.0,450.0,1.0,CLASSICAL_KAPPA,oracle,1000000000.0,0,254.04547956585884,1252626.7312381954,0.8020565877254024,0.10992769100468482,-0.10992769100468482,0.09632836945874719,0.0008070583111052368,0,0,0,nan,nan,20307.332515001297,531.068356570189,1,
17,20000.0,450.0,1.0,CLASSICAL_KAPPA,oracle,1000000000.0,0,254.04547956585884,1252626.7312381954,0.8020565877254024,0.10992769100468482,-0.10992769100468482,0.09632836945874719,0.0008070583111052368,0,0,0,nan,nan,20307.332515001297,531.068356570189,1,
18,20000.0,450.0,1.0,CLASSICAL_KAPPA,oracle,1000000000.0,0,254.04547956585884,1252626.7312381954,0.8020565877254024,0.10992769100468482,-0.10992769100468482,0.09632836945874719,0.0008070583111052368,0,0,0,nan,nan,20307.332515001297,531.068356570189,1,
19,20000.0,450.0,1.0,CLASSICAL_KAPPA,oracle,1000000000.0,0,254.04547956585884,1252626.7312381954,0.8020565877254024,0.10992769100468482,-0.10992769100468482,0.09632836945874719,0.0008070583111052368,0,0,0,nan,nan,20307.332515001297,531.068356570189,1,
0,20000.0,450.0,1.0,TECS_MRAC,none,1000000000.0,0,245.54288031160831,1174332.054493579,0.7847204860208832,0.11654869856955334,-0.11654869856955334,0.09632836945874719,0.0008118042643958614,0,0,0,nan,nan,20298.829915747046,531.1886679679908,1,
1,20000.0,450.0,1.0,TECS_MRAC,none,1000000000.0,0,245.54288031160831,1174332.054493579,0.7847204860208832,0.11654869856955334,-0.11654869856955334,0.09632836945874719,0.0008118042643958614,0,0,0,nan,nan,20298.829915747046,531.1886679679908,1,
2,20000.0,450.0,1.0,TECS_MRAC,none,1000000000.0,0,245.54288031160831,1174332.054493579,0.7847204860208832,0.11654869856955334,-0.11654869856955334,0.09632836945874719,0.0008118042643958614,0,0,0,nan,nan,20298.829915747046,531.1886679679908,1,
3,20000.0,450.0,1.0,TECS_MRAC,none,1000000000.0,0,245.54288031160831,1174332.054493579,0.7847204860208832,0.11654869856955334,-0.11654869856955334,0.09632836945874719,0.0008118042643958614,0,0,0,nan,nan,20298.829915747046,531.1886679679908,1,
4,20000.0,450.0,1.0,TECS_MRAC,none,1000000000.0,0,245.54288031160831,1174332.054493579,0.7847204860208832,0.11654869856955334,-0.11654869856955334,0.09632836945874719,0.0008118042643958614,0,0,0,nan,nan,20298.829915747046,531.1886679679908,1,
5,20000.0,450.0,1.0,TECS_MRAC,none,1000000000.0,0,245.54288031160831,1174332.054493579,0.7847204860208832,0.11654869856955334,-0.11654869856955334,0.09632836945874719,0.0008118042643958614,0,0,0,nan,nan,20298.829915747046,531.1886679679908,1,
6,20000.0,450.0,1.0,TECS_MRAC,none,1000000000.0,0,245.54288031160831,1174332.054493579,0.7847204860208832,0.11654869856955334,-0.11654869856955334,0.09632836945874719,0.0008118042643958614,0,0,0,nan,nan,20298.829915747046,531.1886679679908,1,
7,20000.0,450.0,1.0,TECS_MRAC,none,1000000000.0,0,245.54288031160831,1174332.054493579,0.7847204860208832,0.11654869856955334,-0.11654869856955334,0.09632836945874719,0.0008118042643958614,0,0,0,nan,nan,20298.829915747046,531.1886679679908,1,
8,20000.0,450.0,1.0,TECS_MRAC,none,1000000000.0,0,245.54288031160831,1174332.054493579,0.7847204860208832,0.11654869856955334,-0.11654869856955334,0.09632836945874719,0.0008118042643958614,0,0,0,nan,nan,20298.829915747046,531.1886679679908,1,
9,20000.0,450.0,1.0,TECS_MRAC,none,1000000000.0,0,245.54288031160831,1174332.054493579,0.7847204860208832,0.11654869856955334,-0.11654869856955334,0.09632836945874719,0.0008118042643958614,0,0,0,nan,nan,20298.829915747046,531.1886679679908,1,
10,20000.0,450.0,1.0,TECS_MRAC,none,1000000000.0,0,245.54288031160831,1174332.054493579,0.7847204860208832,0.11654869856955334,-0.11654869856955334,0.09632836945874719,0.0008118042643958614,0,0,0,nan,nan,20298.829915747046,531.1886679679908,1,
11,20000.0,450.0,1.0,TECS_MRAC,none,1000000000.0,0,245.54288031160831,1174332.054493579,0.7847204860208832,0.11654869856955334,-0.11654869856955334,0.09632836945874719,0.0008118042643958614,0,0,0,nan,nan,20298.829915747046,531.1886679679908,1,
12,20000.0,450.0,1.0,TECS_MRAC,none,1000000000.0,0,245.54288031160831,1174332.054493579,0.7847204860208832,0.11654869856955334,-0.11654869856955334,0.09632836945874719,0.0008118042643958614,0,0,0,nan,nan,20298.829915747046,531.1886679679908,1,
13,20000.0,450.0,1.0,TECS_MRAC,none,1000000000.0,0,245.54288031160831,1174332.054493579,0.7847204860208832,0.11654869856955334,-0.11654869856955334,0.09632836945874719,0.0008118042643958614,0,0,0,nan,nan,20298.829915747046,531.1886679679908,1,
14,20000.0,450.0,1.0,TECS_MRAC,none,1000000000.0,0,245.54288031160831,1174332.054493579,0.7847204860208832,0.11654869856955334,-0.11654869856955334,0.09632836945874719,0.0008118042643958614,0,0,0,nan,nan,20298.829915747046,531.1886679679908,1,
15,20000.0,450.0,1.0,TECS_MRAC,none,1000000000.0,0,245.54288031160831,1174332.054493579,0.7847204860208832,0.11654869856955334,-0.11654869856955334,0.09632836945874719,0.0008118042643958614,0,0,0,nan,nan,20298.829915747046,531.1886679679908,1,
16,20000.0,450.0,1.0,TECS_MRAC,none,1000000000.0,0,245.54288031160831,1174332.054493579,0.7847204860208832,0.11654869856955334,-0.11654869856955334,0.09632836945874719,0.0008118042643958614,0,0,0,nan,nan,20298.829915747046,531.1886679679908,1,
17,20000.0,450.0,1.0,TECS_MRAC,none,1000000000.0,0,245.54288031160831,1174332.054493579,0.7847204860208832,0.11654869856955334,-0.11654869856955334,0.09632836945874719,0.0008118042643958614,0,0,0,nan,nan,20298.829915747046,531.1886679679908,1,
18,20000.0,450.0,1.0,TECS_MRAC,none,1000000000.0,0,245.54288031160831,1174332.054493579,0.7847204860208832,0.11654869856955334,-0.11654869856955334,0.09632836945874719,0.0008118042643958614,0,0,0,nan,nan,20298.829915747046,531.1886679679908,1,
19,20000.0,450.0,1.0,TECS_MRAC,none,1000000000.0,0,245.54288031160831,1174332.054493579,0.7847204860208832,0.11654869856955334,-0.11654869856955334,0.09632836945874719,0.0008118042643958614,0,0,0,nan,nan,20298.829915747046,531.1886679679908,1,
0,20000.0,450.0,1.0,HYBRID,oracle,1000000000.0,0,245.54288031160831,1174332.054493579,0.7847204860208832,0.11654869856955334,-0.11654869856955334,0.09632836945874719,0.0008118042643958614,0,0,0,nan,nan,20298.829915747046,531.1886679679908,1,
1,20000.0,450.0,1.0,HYBRID,oracle,1000000000.0,0,245.54288031160831,1174332.054493579,0.7847204860208832,0.11654869856955334,-0.11654869856955334,0.09632836945874719,0.0008118042643958614,0,0,0,nan,nan,20298.829915747046,531.1886679679908,1,
2,20000.0,450.0,1.0,HYBRID,oracle,1000000000.0,0,245.54288031160831,1174332.054493579,0.7847204860208832,0.11654869856955334,-0.11654869856955334,0.09632836945874719,0.0008118042643958614,0,0,0,nan,nan,20298.829915747046,531.1886679679908,1,
3,20000.0,450.0,1.0,HYBRID,oracle,1000000000.0,0,245.54288031160831,1174332.054493579,0.7847204860208832,0.11654869856955334,-0.11654869856955334,0.09632836945874719,0.0008118042643958614,0,0,0,nan,nan,20298.829915747046,531.1886679679908,1,
4,20000.0,450.0,1.0,HYBRID,oracle,1000000000.0,0,245.54288031160831,1174332.054493579,0.7847204860208832,0.11654869856955334,-0.11654869856955334,0.09632836945874719,0.0008118042643958614,0,0,0,nan,nan,20298.829915747046,531.1886679679908,1,
5,20000.0,450.0,1.0,HYBRID,oracle,1000000000.0,0,245.54288031160831,1174332.054493579,0.7847204860208832,0.11654869856955334,-0.11654869856955334,0.09632836945874719,0.0008118042643958614,0,0,0,nan,nan,20298.829915747046,531.1886679679908,1,
6,20000.0,450.0,1.0,HYBRID,oracle,1000000000.0,0,245.54288031160831,1174332.054493579,0.7847204860208832,0.11654869856955334,-0.11654869856955334,0.09632836945874719,0.0008118042643958614,0,0,0,nan,nan,20298.829915747046,531.1886679679908,1,
7,20000.0,450.0,1.0,HYBRID,oracle,1000000000.0,0,245.54288031160831,1174332.054493579,0.7847204860208832,0.11654869856955334,-0.11654869856955334,0.09632836945874719,0.0008118042643958614,0,0,0,nan,nan,20298.829915747046,531.1886679679908,1,
8,20000.0,450.0,1.0,HYBRID,oracle,1000000000.0,0,245.54288031160831,1174332.054493579,0.7847204860208832,0.11654869856955334,-0.11654869856955334,0.09632836945874719,0.0008118042643958614,0,0,0,nan,nan,20298.829915747046,531.1886679679908,1,
9,20000.0,450.0,1.0,HYBRID,oracle,1000000000.0,0,245.54288031160831,1174332.054493579,0.7847204860208832,0.11654869856955334,-0.11654869856955334,0.09632836945874719,0.0008118042643958614,0,0,0,nan,nan,20298.829915747046,531.1886679679908,1,
10,20000.0,450.0,1.0,HYBRID,oracle,1000000000.0,0,245.54288031160831,1174332.054493579,0.7847204860208832,0.11654869856955334,-0.11654869856955334,0.09632836945874719,0.0008118042643958614,0,0,0,nan,nan,20298.829915747046,531.1886679679908,1,
11,20000.0,450.0,1.0,HYBRID,oracle,1000000000.0,0,245.54288031160831,1174332.054493579,0.7847204860208832,0.11654869856955334,-0.11654869856955334,0.09632836945874719,0.0008118042643958614,0,0,0,nan,nan,20298.829915747046,531.1886679679908,1,
12,20000.0,450.0,1.0,HYBRID,oracle,1000000000.0,0,245.54288031160831,1174332.054493579,0.7847204860208832,0.11654869856955334,-0.11654869856955334,0.09632836945874719,0.0008118042643958614,0,0,0,nan,nan,20298.829915747046,531.1886679679908,1,
13,20000.0,450.0,1.0,HYBRID,oracle,1000000000.0,0,245.54288031160831,1174332.054493579,0.7847204860208832,0.11654869856955334,-0.11654869856955334,0.09632836945874719,0.0008118042643958614,0,0,0,nan,nan,20298.829915747046,531.1886679679908,1,
14,20000.0,450.0,1.0,HYBRID,oracle,1000000000.0,0,245.54288031160831,1174332.054493579,0.7847204860208832,0.11654869856955334,-0.11654869856955334,0.09632836945874719,0.0008118042643958614,0,0,0,nan,nan,20298.829915747046,531.1886679679908,1,
15,20000.0,450.0,1.0,HYBRID,oracle,1000000000.0,0,245.54288031160831,1174332.054493579,0.7847204860208832,0.11654869856955334,-0.11654869856955334,0.09632836945874719,0.0008118042643958614,0,0,0,nan,nan,20298.829915747046,531.1886679679908,1,
16,20000.0,450.0,1.0,HYBRID,oracle,1000000000.0,0,245.54288031160831,1174332.054493579,0.7847204860208832,0.11654869856955334,-0.11654869856955334,0.09632836945874719,0.0008118042643958614,0,0,0,nan,nan,20298.829915747046,531.1886679679908,1,
17,20000.0,450.0,1.0,HYBRID,oracle,1000000000.0,0,245.54288031160831,1174332.054493579,0.7847204860208832,0.11654869856955334,-0.11654869856955334,0.09632836945874719,0.0008118042643958614,0,0,0,nan,nan,20298.829915747046,531.1886679679908,1,
18,20000.0,450.0,1.0,HYBRID,oracle,1000000000.0,0,245.54288031160831,1174332.054493579,0.7847204860208832,0.11654869856955334,-0.11654869856955334,0.09632836945874719,0.0008118042643958614,0,0,0,nan,nan,20298.829915747046,531.1886679679908,1,
19,20000.0,450.0,1.0,HYBRID,oracle,1000000000.0,0,245.54288031160831,1174332.054493579,0.7847204860208832,0.11654869856955334,-0.11654869856955334,0.09632836945874719,0.0008118042643958614,0,0,0,nan,nan,20298.829915747046,531.1886679679908,1,
0,20000.0,450.0,1.0,FULL_STACK,oracle,1000000000.0,0,245.54288031160831,1174332.054493579,0.7847204860208832,0.11654869856955334,-0.11654869856955334,0.09632836945874719,0.0008118042643958614,0,0,0,nan,nan,20298.829915747046,531.1886679679908,1,
1,20000.0,450.0,1.0,FULL_STACK,oracle,1000000000.0,0,245.54288031160831,1174332.054493579,0.7847204860208832,0.11654869856955334,-0.11654869856955334,0.09632836945874719,0.0008118042643958614,0,0,0,nan,nan,20298.829915747046,531.1886679679908,1,
2,20000.0,450.0,1.0,FULL_STACK,oracle,1000000000.0,0,245.54288031160831,1174332.054493579,0.7847204860208832,0.11654869856955334,-0.11654869856955334,0.09632836945874719,0.0008118042643958614,0,0,0,nan,nan,20298.829915747046,531.1886679679908,1,
3,20000.0,450.0,1.0,FULL_STACK,oracle,1000000000.0,0,245.54288031160831,1174332.054493579,0.7847204860208832,0.11654869856955334,-0.11654869856955334,0.09632836945874719,0.0008118042643958614,0,0,0,nan,nan,20298.829915747046,531.1886679679908,1,
4,20000.0,450.0,1.0,FULL_STACK,oracle,1000000000.0,0,245.54288031160831,1174332.054493579,0.7847204860208832,0.11654869856955334,-0.11654869856955334,0.09632836945874719,0.0008118042643958614,0,0,0,nan,nan,20298.829915747046,531.1886679679908,1,
5,20000.0,450.0,1.0,FULL_STACK,oracle,1000000000.0,0,245.54288031160831,1174332.054493579,0.7847204860208832,0.11654869856955334,-0.11654869856955334,0.09632836945874719,0.0008118042643958614,0,0,0,nan,nan,20298.829915747046,531.1886679679908,1,
6,20000.0,450.0,1.0,FULL_STACK,oracle,1000000000.0,0,245.54288031160831,1174332.054493579,0.7847204860208832,0.11654869856955334,-0.11654869856955334,0.09632836945874719,0.0008118042643958614,0,0,0,nan,nan,20298.829915747046,531.1886679679908,1,
7,20000.0,450.0,1.0,FULL_STACK,oracle,1000000000.0,0,245.54288031160831,1174332.054493579,0.7847204860208832,0.11654869856955334,-0.11654869856955334,0.09632836945874719,0.0008118042643958614,0,0,0,nan,nan,20298.829915747046,531.1886679679908,1,
8,20000.0,450.0,1.0,FULL_STACK,oracle,1000000000.0,0,245.54288031160831,1174332.054493579,0.7847204860208832,0.11654869856955334,-0.11654869856955334,0.09632836945874719,0.0008118042643958614,0,0,0,nan,nan,20298.829915747046,531.1886679679908,1,
9,20000.0,450.0,1.0,FULL_STACK,oracle,1000000000.0,0,245.54288031160831,1174332.054493579,0.7847204860208832,0.11654869856955334,-0.11654869856955334,0.09632836945874719,0.0008118042643958614,0,0,0,nan,nan,20298.829915747046,531.1886679679908,1,
10,20000.0,450.0,1.0,FULL_STACK,oracle,1000000000.0,0,245.54288031160831,1174332.054493579,0.7847204860208832,0.11654869856955334,-0.11654869856955334,0.09632836945874719,0.0008118042643958614,0,0,0,nan,nan,20298.829915747046,531.1886679679908,1,
11,20000.0,450.0,1.0,FULL_STACK,oracle,1000000000.0,0,245.54288031160831,1174332.054493579,0.7847204860208832,0.11654869856955334,-0.11654869856955334,0.09632836945874719,0.0008118042643958614,0,0,0,nan,nan,20298.829915747046,531.1886679679908,1,
12,20000.0,450.0,1.0,FULL_STACK,oracle,1000000000.0,0,245.54288031160831,1174332.054493579,0.7847204860208832,0.11654869856955334,-0.11654869856955334,0.09632836945874719,0.0008118042643958614,0,0,0,nan,nan,20298.829915747046,531.1886679679908,1,
13,20000.0,450.0,1.0,FULL_STACK,oracle,1000000000.0,0,245.54288031160831,1174332.054493579,0.7847204860208832,0.11654869856955334,-0.11654869856955334,0.09632836945874719,0.0008118042643958614,0,0,0,nan,nan,20298.829915747046,531.1886679679908,1,
14,20000.0,450.0,1.0,FULL_STACK,oracle,1000000000.0,0,245.54288031160831,1174332.054493579,0.7847204860208832,0.11654869856955334,-0.11654869856955334,0.09632836945874719,0.0008118042643958614,0,0,0,nan,nan,20298.829915747046,531.1886679679908,1,
15,20000.0,450.0,1.0,FULL_STACK,oracle,1000000000.0,0,245.54288031160831,1174332.054493579,0.7847204860208832,0.11654869856955334,-0.11654869856955334,0.09632836945874719,0.0008118042643958614,0,0,0,nan,nan,20298.829915747046,531.1886679679908,1,
16,20000.0,450.0,1.0,FULL_STACK,oracle,1000000000.0,0,245.54288031160831,1174332.054493579,0.7847204860208832,0.11654869856955334,-0.11654869856955334,0.09632836945874719,0.0008118042643958614,0,0,0,nan,nan,20298.829915747046,531.1886679679908,1,
17,20000.0,450.0,1.0,FULL_STACK,oracle,1000000000.0,0,245.54288031160831,1174332.054493579,0.7847204860208832,0.11654869856955334,-0.11654869856955334,0.09632836945874719,0.0008118042643958614,0,0,0,nan,nan,20298.829915747046,531.1886679679908,1,
18,20000.0,450.0,1.0,FULL_STACK,oracle,1000000000.0,0,245.54288031160831,1174332.054493579,0.7847204860208832,0.11654869856955334,-0.11654869856955334,0.09632836945874719,0.0008118042643958614,0,0,0,nan,nan,20298.829915747046,531.1886679679908,1,
19,20000.0,450.0,1.0,FULL_STACK,oracle,1000000000.0,0,245.54288031160831,1174332.054493579,0.7847204860208832,0.11654869856955334,-0.11654869856955334,0.09632836945874719,0.0008118042643958614,0,0,0,nan,nan,20298.829915747046,531.1886679679908,1,
0,20000.0,450.0,0.8,BASELINE,none,15.0,0,255.56021524220705,1269265.114137971,0.8020565877254024,0.10952766782669125,-0.10952766782669125,0.09632836945874719,0.0012192711100900149,0,0,0,nan,0.20000000000002008,20308.847250677645,531.04915372047,1,
1,20000.0,450.0,0.8,BASELINE,none,15.0,0,255.56021524220705,1269265.114137971,0.8020565877254024,0.10952766782669125,-0.10952766782669125,0.09632836945874719,0.0012192711100900149,0,0,0,nan,0.20000000000002008,20308.847250677645,531.04915372047,1,
2,20000.0,450.0,0.8,BASELINE,none,15.0,0,255.56021524220705,1269265.114137971,0.8020565877254024,0.10952766782669125,-0.10952766782669125,0.09632836945874719,0.0012192711100900149,0,0,0,nan,0.20000000000002008,20308.847250677645,531.04915372047,1,
3,20000.0,450.0,0.8,BASELINE,none,15.0,0,255.56021524220705,1269265.114137971,0.8020565877254024,0.10952766782669125,-0.10952766782669125,0.09632836945874719,0.0012192711100900149,0,0,0,nan,0.20000000000002008,20308.847250677645,531.04915372047,1,
4,20000.0,450.0,0.8,BASELINE,none,15.0,0,255.56021524220705,1269265.114137971,0.8020565877254024,0.10952766782669125,-0.10952766782669125,0.09632836945874719,0.0012192711100900149,0,0,0,nan,0.20000000000002008,20308.847250677645,531.04915372047,1,
5,20000.0,450.0,0.8,BASELINE,none,15.0,0,255.56021524220705,1269265.114137971,0.8020565877254024,0.10952766782669125,-0.10952766782669125,0.09632836945874719,0.0012192711100900149,0,0,0,nan,0.20000000000002008,20308.847250677645,531.04915372047,1,
6,20000.0,450.0,0.8,BASELINE,none,15.0,0,255.56021524220705,1269265.114137971,0.8020565877254024,0.10952766782669125,-0.10952766782669125,0.09632836945874719,0.0012192711100900149,0,0,0,nan,0.20000000000002008,20308.847250677645,531.04915372047,1,
7,20000.0,450.0,0.8,BASELINE,none,15.0,0,255.56021524220705,1269265.114137971,0.8020565877254024,0.10952766782669125,-0.10952766782669125,0.09632836945874719,0.0012192711100900149,0,0,0,nan,0.20000000000002008,20308.847250677645,531.04915372047,1,
8,20000.0,450.0,0.8,BASELINE,none,15.0,0,255.56021524220705,1269265.114137971,0.8020565877254024,0.10952766782669125,-0.10952766782669125,0.09632836945874719,0.0012192711100900149,0,0,0,nan,0.20000000000002008,20308.847250677645,531.04915372047,1,
9,20000.0,450.0,0.8,BASELINE,none,15.0,0,255.56021524220705,1269265.114137971,0.8020565877254024,0.10952766782669125,-0.10952766782669125,0.09632836945874719,0.0012192711100900149,0,0,0,nan,0.20000000000002008,20308.847250677645,531.04915372047,1,
10,20000.0,450.0,0.8,BASELINE,none,15.0,0,255.56021524220705,1269265.114137971,0.8020565877254024,0.10952766782669125,-0.10952766782669125,0.09632836945874719,0.0012192711100900149,0,0,0,nan,0.20000000000002008,20308.847250677645,531.04915372047,1,
11,20000.0,450.0,0.8,BASELINE,none,15.0,0,255.56021524220705,1269265.114137971,0.8020565877254024,0.10952766782669125,-0.10952766782669125,0.09632836945874719,0.0012192711100900149,0,0,0,nan,0.20000000000002008,20308.847250677645,531.04915372047,1,
12,20000.0,450.0,0.8,BASELINE,none,15.0,0,255.56021524220705,1269265.114137971,0.8020565877254024,0.10952766782669125,-0.10952766782669125,0.09632836945874719,0.0012192711100900149,0,0,0,nan,0.20000000000002008,20308.847250677645,531.04915372047,1,
13,20000.0,450.0,0.8,BASELINE,none,15.0,0,255.56021524220705,1269265.114137971,0.8020565877254024,0.10952766782669125,-0.10952766782669125,0.09632836945874719,0.0012192711100900149,0,0,0,nan,0.20000000000002008,20308.847250677645,531.04915372047,1,
14,20000.0,450.0,0.8,BASELINE,none,15.0,0,255.56021524220705,1269265.114137971,0.8020565877254024,0.10952766782669125,-0.10952766782669125,0.09632836945874719,0.0012192711100900149,0,0,0,nan,0.20000000000002008,20308.847250677645,531.04915372047,1,
15,20000.0,450.0,0.8,BASELINE,none,15.0,0,255.56021524220705,1269265.114137971,0.8020565877254024,0.10952766782669125,-0.10952766782669125,0.09632836945874719,0.0012192711100900149,0,0,0,nan,0.20000000000002008,20308.847250677645,531.04915372047,1,
16,20000.0,450.0,0.8,BASELINE,none,15.0,0,255.56021524220705,1269265.114137971,0.8020565877254024,0.10952766782669125,-0.10952766782669125,0.09632836945874719,0.0012192711100900149,0,0,0,nan,0.20000000000002008,20308.847250677645,531.04915372047,1,
17,20000.0,450.0,0.8,BASELINE,none,15.0,0,255.56021524220705,1269265.114137971,0.8020565877254024,0.10952766782669125,-0.10952766782669125,0.09632836945874719,0.0012192711100900149,0,0,0,nan,0.20000000000002008,20308.847250677645,531.04915372047,1,
18,20000.0,450.0,0.8,BASELINE,none,15.0,0,255.56021524220705,1269265.114137971,0.8020565877254024,0.10952766782669125,-0.10952766782669125,0.09632836945874719,0.0012192711100900149,0,0,0,nan,0.20000000000002008,20308.847250677645,531.04915372047,1,
19,20000.0,450.0,0.8,BASELINE,none,15.0,0,255.56021524220705,1269265.114137971,0.8020565877254024,0.10952766782669125,-0.10952766782669125,0.09632836945874719,0.0012192711100900149,0,0,0,nan,0.20000000000002008,20308.847250677645,531.04915372047,1,
0,20000.0,450.0,0.8,CLASSICAL_KAPPA,oracle,15.0,0,254.03718741238117,1252601.3082785143,0.8020565877254024,0.10983330596635904,-0.10983330596635904,0.09632836945874719,0.0012240850056141285,0,0,0,0.5166666666657882,0.011088114930509768,20307.32422284782,531.0685509906884,1,
1,20000.0,450.0,0.8,CLASSICAL_KAPPA,oracle,15.0,0,254.04010705649853,1252625.2195154938,0.8020565877254024,0.10969217226324822,-0.10969217226324822,0.09632836945874719,0.0012240363994480592,0,0,0,0.5333333333324539,0.01104663365023696,20307.327142491937,531.0685133243758,1,
2,20000.0,450.0,0.8,CLASSICAL_KAPPA,oracle,15.0,0,254.05016992613673,1252676.1628543534,0.8020565877254024,0.10994717900989567,-0.10994717900989567,0.09632836945874719,0.0012241733440112226,0,0,0,0.5499999999991196,0.011073541013651553,20307.337205361575,531.0683320404884,1,
3,20000.0,450.0,0.8,CLASSICAL_KAPPA,oracle,15.0,0,254.04610708355904,1252635.60895032,0.8020565877254024,0.11021412061330517,-0.11021412061330517,0.09632836945874719,0.0012241321015062498,0,0,0,0.48333333333245676,0.011088381026682066,20307.333142518997,531.0683283296609,1,
4,20000.0,450.0,0.8,CLASSICAL_KAPPA,oracle,15.0,0,254.04558935761452,1252633.6096296285,0.8020565877254024,0.11003430127645393,-0.11003430127645393,0.09632836945874719,0.0012242369913816875,0,0,0,0.5583333333324525,0.011009479298288195,20307.332624793053,531.0683914475064,1,
5,20000.0,450.0,0.8,CLASSICAL_KAPPA,oracle,15.0,0,254.05152919143438,1252698.8896421902,0.8020565877254024,0.1101110618991997,-0.1101110618991997,0.09632836945874719,0.0012241677011498994,0,0,0,0.5833333333324511,0.011052622594422105,20307.338564626873,531.0682376126397,1,
6,20000.0,450.0,0.8,CLASSICAL_KAPPA,oracle,15.0,0,254.04075334966183,1252634.608897592,0.8020565877254024,0.10962586563361582,-0.10962586563361582,0.09632836945874719,0.0012241349036126769,0,0,0,0.5416666666657868,0.010995336931298021,20307.3277887851,531.0685367925762,1,
7,20000.0,450.0,0.8,CLASSICAL_KAPPA,oracle,15.0,0,254.04300161078572,1252618.0915069184,0.8020565877254024,0.10983662699559621,-0.10983662699559621,0.09632836945874719,0.0012241897647446013,0,0,0,0.5333333333324539,0.01096209568083975,20307.330037046224,531.0684219249928,1,
8,20000.0,450.0,0.8,CLASSICAL_KAPPA,oracle,15.0,0,254.04266151413321,1252673.1477128563,0.8020565877254024,0.11003812543953498,-0.11003812543953498,0.09632836945874719,0.0012240983737167915,0,0,0,0.5999999999991168,0.011090354643989093,20307.32969694957,531.0684469307845,1,
9,20000.0,450.0,0.8,CLASSICAL_KAPPA,oracle,15.0,0,254.04669126868248,1252668.8809040312,0.8020565877254024,0.10991215858391512,-0.10991215858391512,0.09632836945874719,0.0012241695502998484,0,0,0,0.5249999999991211,0.011245464579816683,20307.33372670412,531.0683991355502,1,
10,20000.0,450.0,0.8,CLASSICAL_KAPPA,oracle,15.0,0,254.04301868751645,1252617.1145155434,0.8020565877254024,0.1098155488322637,-0.1098155488322637,0.09632836945874719,0.0012240301880637676,0,0,0,0.46666666666579104,0.010892812354971844,20307.330054122955,531.0683980315266,1,
11,20000.0,450.0,0.8,CLASSICAL_KAPPA,oracle,15.0,0,254.03981226310134,1252584.8292810654,0.8020565877254024,0.10996789379784008,-0.10996789379784008,0.09632836945874719,0.0012240653960156524,0,0,0,0.4916666666657896,0.011026653514560926,20307.32684769854,531.0684892312161,1,
12,20000.0,450.0,0.8,CLASSICAL_KAPPA,oracle,15.0,0,254.04011381044984,1252561.6320049176,0.8020565877254024,0.10971956023050829,-0.10971956023050829,0.09632836945874719,0.0012239915179364533,0,0,0,0.5333333333324539,0.010989891457304382,20307.327149245888,531.0684441384153,1,
13,20000.0,450.0,0.8,CLASSICAL_KAPPA,oracle,15.0,0,254.0511832907796,1252702.2851453149,0.8020565877254024,0.10970770096862965,-0.10970770096862965,0.09632836945874719,0.0012241502846703231,0,0,0,0.5666666666657854,0.011098831598410444,20307.338218726218,531.0682853700172,1,
14,20000.0,450.0,0.8,CLASSICAL_KAPPA,oracle,15.0,0,254.04772170633078,1252662.0290314557,0.8020565877254024,0.10975473662272373,-0.10975473662272373,0.09632836945874719,0.0012241410382532153,0,0,0,0.5166666666657882,0.011051814425222559,20307.33475714177,531.0683232286275,1,
15,20000.0,450.0,0.8,CLASSICAL_KAPPA,oracle,15.0,0,254.04127972573042,1252600.1830284006,0.8020565877254024,0.10993501934210391,-0.10993501934210391,0.09632836945874719,0.0012241535744092562,0,0,0,0.5416666666657868,0.011069857843941154,20307.32831516117,531.0685073150954,1,
16,20000.0,450.0,0.8,CLASSICAL_KAPPA,oracle,15.0,0,254.0384971499443,1252578.2329478133,0.8020565877254024,0.1098031294277188,-0.1098031294277188,0.09632836945874719,0.0012241313521240199,0,0,0,0.5416666666657868,0.011066483755552615,20307.325532585382,531.0685100302373,1,
17,20000.0,450.0,0.8,CLASSICAL_KAPPA,oracle,15.0,0,254.04394182935357,1252614.3130862163,0.8020565877254024,0.10994216142649017,-0.10994216142649017,0.09632836945874719,0.001224112402368387,0,0,0,0.4916666666657896,0.011041562482754104,20307.33097726479,531.068419803244,1,
18,20000.0,450.0,0.8,CLASSICAL_KAPPA,oracle,15.0,0,254.0404027029872,1252586.4223644198,0.8020565877254024,0.1096707861004243,-0.1096707861004243,0.09632836945874719,0.0012240427827814946,0,0,0,0.4999999999991225,0.011138122614865404,20307.327438138425,531.0685266086712,1,
19,20000.0,450.0,0.8,CLASSICAL_KAPPA,oracle,15.0,0,254.0345527306199,1252520.7892616305,0.8020565877254024,0.11006595589626368,-0.11006595589626368,0.09632836945874719,0.0012240871726229043,0,0,0,0.4333333333324596,0.010952901625974487,20307.321588166058,531.0685355610618,1,
0,20000.0,450.0,0.8,TECS_MRAC,none,15.0,0,246.99874652549624,1189440.4074014907,0.7847204860208832,0.11612427467770299,-0.11612427467770299,0.09632836945874719,0.0012272225685494558,0,0,0,nan,0.20000000000002008,20300.285781960934,531.1698456535437,1,
1,20000.0,450.0,0.8,TECS_MRAC,none,15.0,0,246.99874652549624,1189440.4074014907,0.7847204860208832,0.11612427467770299,-0.11612427467770299,0.09632836945874719,0.0012272225685494558,0,0,0,nan,0.20000000000002008,20300.285781960934,531.1698456535437,1,
2,20000.0,450.0,0.8,TECS_MRAC,none,15.0,0,246.99874652549624,1189440.4074014907,0.7847204860208832,0.11612427467770299,-0.11612427467770299,0.09632836945874719,0.0012272225685494558,0,0,0,nan,0.20000000000002008,20300.285781960934,531.1698456535437,1,
3,20000.0,450.0,0.8,TECS_MRAC,none,15.0,0,246.99874652549624,1189440.4074014907,0.7847204860208832,0.11612427467770299,-0.11612427467770299,0.09632836945874719,0.0012272225685494558,0,0,0,nan,0.20000000000002008,20300.285781960934,531.1698456535437,1,
4,20000.0,450.0,0.8,TECS_MRAC,none,15.0,0,246.99874652549624,1189440.4074014907,0.7847204860208832,0.11612427467770299,-0.11612427467770299,0.09632836945874719,0.0012272225685494558,0,0,0,nan,0.20000000000002008,20300.285781960934,531.1698456535437,1,
5,20000.0,450.0,0.8,TECS_MRAC,none,15.0,0,246.99874652549624,1189440.4074014907,0.7847204860208832,0.11612427467770299,-0.11612427467770299,0.09632836945874719,0.0012272225685494558,0,0,0,nan,0.20000000000002008,20300.285781960934,531.1698456535437,1,
6,20000.0,450.0,0.8,TECS_MRAC,none,15.0,0,246.99874652549624,1189440.4074014907,0.7847204860208832,0.11612427467770299,-0.11612427467770299,0.09632836945874719,0.0012272225685494558,0,0,0,nan,0.20000000000002008,20300.285781960934,531.1698456535437,1,
7,20000.0,450.0,0.8,TECS_MRAC,none,15.0,0,246.99874652549624,1189440.4074014907,0.7847204860208832,0.11612427467770299,-0.11612427467770299,0.09632836945874719,0.0012272225685494558,0,0,0,nan,0.20000000000002008,20300.285781960934,531.1698456535437,1,
8,20000.0,450.0,0.8,TECS_MRAC,none,15.0,0,246.99874652549624,1189440.4074014907,0.7847204860208832,0.11612427467770299,-0.11612427467770299,0.09632836945874719,0.0012272225685494558,0,0,0,nan,0.20000000000002008,20300.285781960934,531.1698456535437,1,
9,20000.0,450.0,0.8,TECS_MRAC,none,15.0,0,246.99874652549624,1189440.4074014907,0.7847204860208832,0.11612427467770299,-0.11612427467770299,0.09632836945874719,0.0012272225685494558,0,0,0,nan,0.20000000000002008,20300.285781960934,531.1698456535437,1,
10,20000.0,450.0,0.8,TECS_MRAC,none,15.0,0,246.99874652549624,1189440.4074014907,0.7847204860208832,0.11612427467770299,-0.11612427467770299,0.09632836945874719,0.0012272225685494558,0,0,0,nan,0.20000000000002008,20300.285781960934,531.1698456535437,1,
11,20000.0,450.0,0.8,TECS_MRAC,none,15.0,0,246.99874652549624,1189440.4074014907,0.7847204860208832,0.11612427467770299,-0.11612427467770299,0.09632836945874719,0.0012272225685494558,0,0,0,nan,0.20000000000002008,20300.285781960934,531.1698456535437,1,
12,20000.0,450.0,0.8,TECS_MRAC,none,15.0,0,246.99874652549624,1189440.4074014907,0.7847204860208832,0.11612427467770299,-0.11612427467770299,0.09632836945874719,0.0012272225685494558,0,0,0,nan,0.20000000000002008,20300.285781960934,531.1698456535437,1,
13,20000.0,450.0,0.8,TECS_MRAC,none,15.0,0,246.99874652549624,1189440.4074014907,0.7847204860208832,0.11612427467770299,-0.11612427467770299,0.09632836945874719,0.0012272225685494558,0,0,0,nan,0.20000000000002008,20300.285781960934,531.1698456535437,1,
14,20000.0,450.0,0.8,TECS_MRAC,none,15.0,0,246.99874652549624,1189440.4074014907,0.7847204860208832,0.11612427467770299,-0.11612427467770299,0.09632836945874719,0.0012272225685494558,0,0,0,nan,0.20000000000002008,20300.285781960934,531.1698456535437,1,
15,20000.0,450.0,0.8,TECS_MRAC,none,15.0,0,246.99874652549624,1189440.4074014907,0.7847204860208832,0.11612427467770299,-0.11612427467770299,0.09632836945874719,0.0012272225685494558,0,0,0,nan,0.20000000000002008,20300.285781960934,531.1698456535437,1,
16,20000.0,450.0,0.8,TECS_MRAC,none,15.0,0,246.99874652549624,1189440.4074014907,0.7847204860208832,0.11612427467770299,-0.11612427467770299,0.09632836945874719,0.0012272225685494558,0,0,0,nan,0.20000000000002008,20300.285781960934,531.1698456535437,1,
17,20000.0,450.0,0.8,TECS_MRAC,none,15.0,0,246.99874652549624,1189440.4074014907,0.7847204860208832,0.11612427467770299,-0.11612427467770299,0.09632836945874719,0.0012272225685494558,0,0,0,nan,0.20000000000002008,20300.285781960934,531.1698456535437,1,
18,20000.0,450.0,0.8,TECS_MRAC,none,15.0,0,246.99874652549624,1189440.4074014907,0.7847204860208832,0.11612427467770299,-0.11612427467770299,0.09632836945874719,0.0012272225685494558,0,0,0,nan,0.20000000000002008,20300.285781960934,531.1698456535437,1,
19,20000.0,450.0,0.8,TECS_MRAC,none,15.0,0,246.99874652549624,1189440.4074014907,0.7847204860208832,0.11612427467770299,-0.11612427467770299,0.09632836945874719,0.0012272225685494558,0,0,0,nan,0.20000000000002008,20300.285781960934,531.1698456535437,1,
0,20000.0,450.0,0.8,HYBRID,oracle,15.0,0,245.53657976165414,1174341.5548828524,0.7847204860208832,0.11647574149365254,-0.11647574149365254,0.09632836945874719,0.0012325604871558518,0,0,0,0.5166666666657882,0.011088114930509768,20298.823615197092,531.1888576723348,1,
1,20000.0,450.0,0.8,HYBRID,oracle,15.0,0,245.53584852442145,1174369.416603838,0.7847204860208832,0.11630028091877895,-0.11630028091877895,0.09632836945874719,0.0012324749756279024,0,0,0,0.5333333333324539,0.01104663365023696,20298.82288395986,531.1889149948153,1,
2,20000.0,450.0,0.8,HYBRID,oracle,15.0,0,245.541529212147,1174360.2039059293,0.7847204860208832,0.11658137311070102,-0.11658137311070102,0.09632836945874719,0.0012325859534420822,0,0,0,0.5499999999991196,0.011073541013651553,20298.828564647585,531.1887822134934,1,
3,20000.0,450.0,0.8,HYBRID,oracle,15.0,0,245.52770249173045,1174318.4674194877,0.7847204860208832,0.11684555352880414,-0.11684555352880414,0.09632836945874719,0.0012324291168571996,0,0,0,0.48333333333245676,0.011088381026682066,20298.81473792717,531.1890146038327,1,
4,20000.0,450.0,0.8,HYBRID,oracle,15.0,0,245.53906835988164,1174384.9677423863,0.7847204860208832,0.11663141181291765,-0.11663141181291765,0.09632836945874719,0.0012326748769351805,0,0,0,0.5583333333324525,0.011009479298288195,20298.82610379532,531.1888515575538,1,
5,20000.0,450.0,0.8,HYBRID,oracle,15.0,0,245.54301968961954,1174394.7791872635,0.7847204860208832,0.11674200833943896,-0.11674200833943896,0.09632836945874719,0.0012325618844537397,0,0,0,0.5833333333324511,0.011052622594422105,20298.830055125058,531.1887013938618,1,
6,20000.0,450.0,0.8,HYBRID,oracle,15.0,0,245.53214310854673,1174325.4227164392,0.7847204860208832,0.11629615914494822,-0.11629615914494822,0.09632836945874719,0.001232535707421418,0,0,0,0.5416666666657868,0.010995336931298021,20298.819178543985,531.18899379516,1,
7,20000.0,450.0,0.8,HYBRID,oracle,15.0,0,245.53671031817794,1174321.9822379532,0.7847204860208832,0.11642528593578944,-0.11642528593578944,0.09632836945874719,0.001232641195453946,0,0,0,0.5333333333324539,0.01096209568083975,20298.823745753616,531.1888291478443,1,
8,20000.0,450.0,0.8,HYBRID,oracle,15.0,0,245.53417382761836,1174333.3740090155,0.7847204860208832,0.11662867033579834,-0.11662867033579834,0.09632836945874719,0.001232505145126801,0,0,0,0.5999999999991168,0.011090354643989093,20298.821209263057,531.1888763000061,1,
9,20000.0,450.0,0.8,HYBRID,oracle,15.0,0,245.53760110586882,1174387.4635636557,0.7847204860208832,0.11655495105990504,-0.11655495105990504,0.09632836945874719,0.001232557199812298,0,0,0,0.5249999999991211,0.011245464579816683,20298.824636541307,531.1888998240655,1,
10,20000.0,450.0,0.8,HYBRID,oracle,15.0,0,245.53061792254448,1174287.6632637247,0.7847204860208832,0.1164132511535257,-0.1164132511535257,0.09632836945874719,0.0012324056729078033,0,0,0,0.46666666666579104,0.010892812354971844,20298.817653357983,531.1889255610236,1,
11,20000.0,450.0,0.8,HYBRID,oracle,15.0,0,245.53789204359055,1174356.7838793113,0.7847204860208832,0.11663633169627276,-0.11663633169627276,0.09632836945874719,0.0012325242359863544,0,0,0,0.4916666666657896,0.011026653514560926,20298.82492747903,531.1888584991078,1,
12,20000.0,450.0,0.8,HYBRID,oracle,15.0,0,245.53471671044827,1174335.5724847913,0.7847204860208832,0.11636526520810715,-0.11636526520810715,0.09632836945874719,0.0012324054660911737,0,0,0,0.5333333333324539,0.010989891457304382,20298.821752145886,531.1889041418655,1,
13,20000.0,450.0,0.8,HYBRID,oracle,15.0,0,245.53289012238383,1174329.272083636,0.7847204860208832,0.11635990032793603,-0.11635990032793603,0.09632836945874719,0.0012324521260911414,0,0,0,0.5666666666657854,0.011098831598410444,20298.819925557822,531.188929926133,1,
14,20000.0,450.0,0.8,HYBRID,oracle,15.0,0,245.5326856598258,1174320.8355543735,0.7847204860208832,0.1163970814016243,-0.1163970814016243,0.09632836945874719,0.0012324790268088753,0,0,0,0.5166666666657882,0.011051814425222559,20298.819721095264,531.1889115863352,1,
15,20000.0,450.0,0.8,HYBRID,oracle,15.0,0,245.5332185961306,1174326.8323141388,0.7847204860208832,0.11655247033122684,-0.11655247033122684,0.09632836945874719,0.0012325882580083772,0,0,0,0.5416666666657868,0.011069857843941154,20298.82025403157,531.1889697201661,1,
16,20000.0,450.0,0.8,HYBRID,oracle,15.0,0,245.53262420743704,1174312.1739578864,0.7847204860208832,0.11644376121822789,-0.11644376121822789,0.09632836945874719,0.0012325598222870642,0,0,0,0.5416666666657868,0.011066483755552615,20298.819659642875,531.1889347537009,1,
17,20000.0,450.0,0.8,HYBRID,oracle,15.0,0,245.53961276635528,1174373.264514062,0.7847204860208832,0.1165759281671352,-0.1165759281671352,0.09632836945874719,0.0012325743199281009,0,0,0,0.4916666666657896,0.011041562482754104,20298.826648201793,531.1888245395662,1,
18,20000.0,450.0,0.8,HYBRID,oracle,15.0,0,245.53747759386897,1174314.1179043108,0.7847204860208832,0.11632293108703533,-0.11632293108703533,0.09632836945874719,0.001232535475676977,0,0,0,0.4999999999991225,0.011138122614865404,20298.824513029307,531.1888576689008,1,
19,20000.0,450.0,0.8,HYBRID,oracle,15.0,0,245.53486451879144,1174292.336823325,0.7847204860208832,0.11670467999513875,-0.11670467999513875,0.09632836945874719,0.0012325813091656078,0,0,0,0.4333333333324596,0.010952901625974487,20298.82189995423,531.1888381624303,1,
0,20000.0,450.0,0.8,FULL_STACK,oracle,15.0,0,248.7268456183374,1217976.476049226,0.7847204860208832,0.11764651593469554,-0.11764651593469554,0.09632836945874719,0.001231896413751024,5325,0,0,0.5166666666657882,0.011088114930509768,20302.013881053776,531.1584963768684,1,
1,20000.0,450.0,0.8,FULL_STACK,oracle,15.0,0,248.72643522173166,1217933.661422204,0.7847204860208832,0.11779033393951069,-0.11779033393951069,0.09632836945874719,0.001232078275992303,5328,0,0,0.5333333333324539,0.01104663365023696,20302.01347065717,531.1584589483132,1,
2,20000.0,450.0,0.8,FULL_STACK,oracle,15.0,0,248.72525884583592,1217965.8952323738,0.7847204860208832,0.11759240209946434,-0.11759240209946434,0.09632836945874719,0.00123211164606776,5329,0,0,0.5499999999991196,0.011073541013651553,20302.012294281274,531.158503731437,1,
3,20000.0,450.0,0.8,FULL_STACK,oracle,15.0,0,248.72779083251953,1217978.9201663635,0.7847204860208832,0.11742573547086851,-0.11742573547086851,0.09632836945874719,0.0012319460331508257,5330,0,0,0.48333333333245676,0.011088381026682066,20302.014826267958,531.1584987240874,1,
4,20000.0,450.0,0.8,FULL_STACK,oracle,15.0,0,248.72324266284704,1217907.2931529353,0.7847204860208832,0.11754301909429928,-0.11754301909429928,0.09632836945874719,0.0012319143474428208,5328,0,0,0.5583333333324525,0.011009479298288195,20302.010278098285,531.1585055767072,1,
5,20000.0,450.0,0.8,FULL_STACK,oracle,15.0,0,248.7257884182036,1217898.482093499,0.7847204860208832,0.11751360471421905,-0.11751360471421905,0.09632836945874719,0.0012320950111969998,5327,0,0,0.5833333333324511,0.011052622594422105,20302.01282385364,531.1584614504054,1,
6,20000.0,450.0,0.8,FULL_STACK,oracle,15.0,0,248.72317006066442,1217921.4343276664,0.7847204860208832,0.1177381098905923,-0.1177381098905923,0.09632836945874719,0.0012319588845041065,5330,0,0,0.5416666666657868,0.010995336931298021,20302.010205496103,531.1585030089841,1,
7,20000.0,450.0,0.8,FULL_STACK,oracle,15.0,0,248.71949829533696,1217899.7200838262,0.7847204860208832,0.11766030511807238,-0.11766030511807238,0.09632836945874719,0.001231836445960964,5328,0,0,0.5333333333324539,0.01096209568083975,20302.006533730775,531.158606080204,1,
8,20000.0,450.0,0.8,FULL_STACK,oracle,15.0,0,248.72401141747832,1217923.047203307,0.7847204860208832,0.11752245474567546,-0.11752245474567546,0.09632836945874719,0.0012320143090997133,5321,0,0,0.5999999999991168,0.011090354643989093,20302.011046852916,531.1585254247709,1,
9,20000.0,450.0,0.8,FULL_STACK,oracle,15.0,0,248.7197216451168,1217889.0734230797,0.7847204860208832,0.11757275158689816,-0.11757275158689816,0.09632836945874719,0.0012319207685460424,5328,0,0,0.5249999999991211,0.011245464579816683,20302.006757080555,531.1585775127896,1,
10,20000.0,450.0,0.8,FULL_STACK,oracle,15.0,0,248.7239815145731,1217971.227501806,0.7847204860208832,0.11768633222728143,-0.11768633222728143,0.09632836945874719,0.0012319865459475099,5330,0,0,0.46666666666579104,0.010892812354971844,20302.01101695001,531.1585948643745,1,
11,20000.0,450.0,0.8,FULL_STACK,oracle,15.0,0,248.71502965316176,1217846.8389776088,0.7847204860208832,0.11756850106513266,-0.11756850106513266,0.09632836945874719,0.0012317987997675043,5325,0,0,0.4916666666657896,0.011026653514560926,20302.0020650886,531.1586575092945,1,
12,20000.0,450.0,0.8,FULL_STACK,oracle,15.0,0,248.7196442373097,1217899.1289527474,0.7847204860208832,0.11769896012233738,-0.11769896012233738,0.09632836945874719,0.00123202866510745,5331,0,0,0.5333333333324539,0.010989891457304382,20302.006679672748,531.1586048451696,1,
13,20000.0,450.0,0.8,FULL_STACK,oracle,15.0,0,248.72901233658195,1217907.4907640915,0.7847204860208832,0.11788504321581968,-0.11788504321581968,0.09632836945874719,0.0012321128078757067,5330,0,0,0.5666666666657854,0.011098831598410444,20302.01604777202,531.1583753449186,1,
14,20000.0,450.0,0.8,FULL_STACK,oracle,15.0,0,248.72074019536376,1217929.9183481552,0.7847204860208832,0.11785703705222295,-0.11785703705222295,0.09632836945874719,0.0012319614115795193,5327,0,0,0.5166666666657882,0.011051814425222559,20302.007775630802,531.1586148134496,1,
15,20000.0,450.0,0.8,FULL_STACK,oracle,15.0,0,248.72169866785407,1217934.552117765,0.7847204860208832,0.11759726779795714,-0.11759726779795714,0.09632836945874719,0.0012318796804932273,5327,0,0,0.5416666666657868,0.011069857843941154,20302.008734103292,531.1585484414446,1,
16,20000.0,450.0,0.8,FULL_STACK,oracle,15.0,0,248.72507770359516,1217941.7097445407,0.7847204860208832,0.11766819985347297,-0.11766819985347297,0.09632836945874719,0.0012319934434007569,5325,0,0,0.5416666666657868,0.011066483755552615,20302.012113139033,531.1584926392048,1,
17,20000.0,450.0,0.8,FULL_STACK,oracle,15.0,0,248.71935313940048,1217887.4759781514,0.7847204860208832,0.1175847291547204,-0.1175847291547204,0.09632836945874719,0.001231930542184011,5329,0,0,0.4916666666657896,0.011041562482754104,20302.00638857484,531.1585890935319,1,
18,20000.0,450.0,0.8,FULL_STACK,oracle,15.0,0,248.72667329758406,1217991.8427648162,0.7847204860208832,0.11774096748323354,-0.11774096748323354,0.09632836945874719,0.0012320060341928399,5331,0,0,0.4999999999991225,0.011138122614865404,20302.013708733022,531.1584904720595,1,
19,20000.0,450.0,0.8,FULL_STACK,oracle,15.0,0,248.73090111464262,1217981.1450414914,0.7847204860208832,0.1175121333491428,-0.1175121333491428,0.09632836945874719,0.0012319077240494011,5325,0,0,0.4333333333324596,0.010952901625974487,20302.01793655008,531.1584100350433,1,
0,20000.0,450.0,0.6,BASELINE,none,15.0,0,258.08881202712655,1297305.5289223522,0.8020565877254024,0.10892956696921682,-0.10892956696921682,0.09632836945874719,0.0021077051782654893,0,0,0,nan,0.40000000000004016,20311.375847462565,531.017094087524,1,
1,20000.0,450.0,0.6,BASELINE,none,15.0,0,258.08881202712655,1297305.5289223522,0.8020565877254024,0.10892956696921682,-0.10892956696921682,0.09632836945874719,0.0021077051782654893,0,0,0,nan,0.40000000000004016,20311.375847462565,531.017094087524,1,
2,20000.0,450.0,0.6,BASELINE,none,15.0,0,258.08881202712655,1297305.5289223522,0.8020565877254024,0.10892956696921682,-0.10892956696921682,0.09632836945874719,0.0021077051782654893,0,0,0,nan,0.40000000000004016,20311.375847462565,531.017094087524,1,
3,20000.0,450.0,0.6,BASELINE,none,15.0,0,258.08881202712655,1297305.5289223522,0.8020565877254024,0.10892956696921682,-0.10892956696921682,0.09632836945874719,0.0021077051782654893,0,0,0,nan,0.40000000000004016,20311.375847462565,531.017094087524,1,
4,20000.0,450.0,0.6,BASELINE,none,15.0,0,258.08881202712655,1297305.5289223522,0.8020565877254024,0.10892956696921682,-0.10892956696921682,0.09632836945874719,0.0021077051782654893,0,0,0,nan,0.40000000000004016,20311.375847462565,531.017094087524,1,
5,20000.0,450.0,0.6,BASELINE,none,15.0,0,258.08881202712655,1297305.5289223522,0.8020565877254024,0.10892956696921682,-0.10892956696921682,0.09632836945874719,0.0021077051782654893,0,0,0,nan,0.40000000000004016,20311.375847462565,531.017094087524,1,
6,20000.0,450.0,0.6,BASELINE,none,15.0,0,258.08881202712655,1297305.5289223522,0.8020565877254024,0.10892956696921682,-0.10892956696921682,0.09632836945874719,0.0021077051782654893,0,0,0,nan,0.40000000000004016,20311.375847462565,531.017094087524,1,
7,20000.0,450.0,0.6,BASELINE,none,15.0,0,258.08881202712655,1297305.5289223522,0.8020565877254024,0.10892956696921682,-0.10892956696921682,0.09632836945874719,0.0021077051782654893,0,0,0,nan,0.40000000000004016,20311.375847462565,531.017094087524,1,
8,20000.0,450.0,0.6,BASELINE,none,15.0,0,258.08881202712655,1297305.5289223522,0.8020565877254024,0.10892956696921682,-0.10892956696921682,0.09632836945874719,0.0021077051782654893,0,0,0,nan,0.40000000000004016,20311.375847462565,531.017094087524,1,
9,20000.0,450.0,0.6,BASELINE,none,15.0,0,258.08881202712655,1297305.5289223522,0.8020565877254024,0.10892956696921682,-0.10892956696921682,0.09632836945874719,0.0021077051782654893,0,0,0,nan,0.40000000000004016,20311.375847462565,531.017094087524,1,
10,20000.0,450.0,0.6,BASELINE,none,15.0,0,258.08881202712655,1297305.5289223522,0.8020565877254024,0.10892956696921682,-0.10892956696921682,0.09632836945874719,0.0021077051782654893,0,0,0,nan,0.40000000000004016,20311.375847462565,531.017094087524,1,
11,20000.0,450.0,0.6,BASELINE,none,15.0,0,258.08881202712655,1297305.5289223522,0.8020565877254024,0.10892956696921682,-0.10892956696921682,0.09632836945874719,0.0021077051782654893,0,0,0,nan,0.40000000000004016,20311.375847462565,531.017094087524,1,
12,20000.0,450.0,0.6,BASELINE,none,15.0,0,258.08881202712655,1297305.5289223522,0.8020565877254024,0.10892956696921682,-0.10892956696921682,0.09632836945874719,0.0021077051782654893,0,0,0,nan,0.40000000000004016,20311.375847462565,531.017094087524,1,
13,20000.0,450.0,0.6,BASELINE,none,15.0,0,258.08881202712655,1297305.5289223522,0.8020565877254024,0.10892956696921682,-0.10892956696921682,0.09632836945874719,0.0021077051782654893,0,0,0,nan,0.40000000000004016,20311.375847462565,531.017094087524,1,
14,20000.0,450.0,0.6,BASELINE,none,15.0,0,258.08881202712655,1297305.5289223522,0.8020565877254024,0.10892956696921682,-0.10892956696921682,0.09632836945874719,0.0021077051782654893,0,0,0,nan,0.40000000000004016,20311.375847462565,531.017094087524,1,
15,20000.0,450.0,0.6,BASELINE,none,15.0,0,258.08881202712655,1297305.5289223522,0.8020565877254024,0.10892956696921682,-0.10892956696921682,0.09632836945874719,0.0021077051782654893,0,0,0,nan,0.40000000000004016,20311.375847462565,531.017094087524,1,
16,20000.0,450.0,0.6,BASELINE,none,15.0,0,258.08881202712655,1297305.5289223522,0.8020565877254024,0.10892956696921682,-0.10892956696921682,0.09632836945874719,0.0021077051782654893,0,0,0,nan,0.40000000000004016,20311.375847462565,531.017094087524,1,
17,20000.0,450.0,0.6,BASELINE,none,15.0,0,258.08881202712655,1297305.5289223522,0.8020565877254024,0.10892956696921682,-0.10892956696921682,0.09632836945874719,0.0021077051782654893,0,0,0,nan,0.40000000000004016,20311.375847462565,531.017094087524,1,
18,20000.0,450.0,0.6,BASELINE,none,15.0,0,258.08881202712655,1297305.5289223522,0.8020565877254024,0.10892956696921682,-0.10892956696921682,0.09632836945874719,0.0021077051782654893,0,0,0,nan,0.40000000000004016,20311.375847462565,531.017094087524,1,
19,20000.0,450.0,0.6,BASELINE,none,15.0,0,258.08881202712655,1297305.5289223522,0.8020565877254024,0.10892956696921682,-0.10892956696921682,0.09632836945874719,0.0021077051782654893,0,0,0,nan,0.40000000000004016,20311.375847462565,531.017094087524,1,
0,20000.0,450.0,0.6,CLASSICAL_KAPPA,oracle,15.0,0,254.04850479215384,1252712.6864884046,0.8020565877254024,0.10983211394853472,-0.10983211394853472,0.09632836945874719,0.0021254264622123068,0,0,0,0.3083333333324667,0.014402354110956058,20307.335540227592,531.0683995626478,1,
1,20000.0,450.0,0.6,CLASSICAL_KAPPA,oracle,15.0,0,254.03624834492803,1252674.7314304567,0.8020565877254024,0.10961518722467876,-0.10961518722467876,0.09632836945874719,0.002125038601851349,0,0,0,0.2083333333324724,0.014359552276315593,20307.323283780366,531.0686815911126,1,
2,20000.0,450.0,0.6,CLASSICAL_KAPPA,oracle,15.0,0,254.04649275541306,1252711.3434797432,0.8020565877254024,0.10993919922082777,-0.10993919922082777,0.09632836945874719,0.002125306831824208,0,0,0,0.24166666666580383,0.014387293803513774,20307.33352819085,531.0684965845134,1,
3,20000.0,450.0,0.6,CLASSICAL_KAPPA,oracle,15.0,0,254.03660628199577,1252640.744655705,0.8020565877254024,0.11032208275909669,-0.11032208275909669,0.09632836945874719,0.0021251637935928397,0,0,0,0.3083333333324667,0.01440342582062199,20307.323641717434,531.068577456093,1,
4,20000.0,450.0,0.6,CLASSICAL_KAPPA,oracle,15.0,0,254.0497640185058,1252701.7377074852,0.8020565877254024,0.11007013945696988,-0.11007013945696988,0.09632836945874719,0.002125634617461496,0,0,0,0.2499999999991367,0.014321489243786862,20307.336799453944,531.0683873788122,1,
5,20000.0,450.0,0.6,CLASSICAL_KAPPA,oracle,15.0,0,254.04566590487957,1252729.139658109,0.8020565877254024,0.11013571000255536,-0.11013571000255536,0.09632836945874719,0.0021252514461881106,0,0,0,0.25833333333246955,0.014365437206828953,20307.332701340318,531.0684267269512,1,
6,20000.0,450.0,0.6,CLASSICAL_KAPPA,oracle,15.0,0,254.04037299752235,1252689.1719706624,0.8020565877254024,0.10955778458769301,-0.10955778458769301,0.09632836945874719,0.0021253221528659233,0,0,0,0.29999999999913385,0.01431360315034153,20307.32740843296,531.0686402070123,1,
7,20000.0,450.0,0.6,CLASSICAL_KAPPA,oracle,15.0,0,254.04037443175912,1252669.213331324,0.8020565877254024,0.10979543365400371,-0.10979543365400371,0.09632836945874719,0.0021254353428075993,0,0,0,0.2249999999991381,0.014272812398394409,20307.327409867197,531.0685553212435,1,
8,20000.0,450.0,0.6,CLASSICAL_KAPPA,oracle,15.0,0,254.04580651596189,1252720.4824956176,0.8020565877254024,0.11006824684087506,-0.11006824684087506,0.09632836945874719,0.0021253127368557915,0,0,0,0.24166666666580383,0.014403397502170661,20307.3328419514,531.0684261424109,1,
9,20000.0,450.0,0.6,CLASSICAL_KAPPA,oracle,15.0,0,254.03423758596182,1252633.353710505,0.8020565877254024,0.10994579492290987,-0.10994579492290987,0.09632836945874719,0.0021251647216428923,0,0,0,0.2666666666658024,0.014559207281728765,20307.3212730214,531.0687100842642,1,
10,20000.0,450.0,0.6,CLASSICAL_KAPPA,oracle,15.0,0,254.0399323552847,1252674.9023036808,0.8020565877254024,0.10979582147755614,-0.10979582147755614,0.09632836945874719,0.0021250453318283767,0,0,0,0.2666666666658024,0.014194681303697748,20307.326967790723,531.0685366232448,1,
11,20000.0,450.0,0.6,CLASSICAL_KAPPA,oracle,15.0,0,254.04779639095068,1252695.488803073,0.8020565877254024,0.1100146567441955,-0.1100146567441955,0.09632836945874719,0.0021252970052984418,0,0,0,0.27499999999913527,0.014342698374304264,20307.33483182639,531.0684346059559,1,
12,20000.0,450.0,0.6,CLASSICAL_KAPPA,oracle,15.0,0,254.0405655093491,1252654.3447930946,0.8020565877254024,0.10970951688747825,-0.10970951688747825,0.09632836945874719,0.002124974060115472,0,0,0,0.2499999999991367,0.014304458589593833,20307.327600944787,531.068553833579,1,
13,20000.0,450.0,0.6,CLASSICAL_KAPPA,oracle,15.0,0,254.03564066067338,1252672.510876461,0.8020565877254024,0.10975069774702355,-0.10975069774702355,0.09632836945874719,0.002125069324792394,0,0,0,0.28333333333246813,0.014410952971227617,20307.32267609611,531.068665709476,1,
14,20000.0,450.0,0.6,CLASSICAL_KAPPA,oracle,15.0,0,254.0424563549459,1252712.6367437174,0.8020565877254024,0.10981763688714768,-0.10981763688714768,0.09632836945874719,0.0021252245716289597,0,0,0,0.27499999999913527,0.01436829543021962,20307.329491790384,531.068517824049,1,
15,20000.0,450.0,0.6,CLASSICAL_KAPPA,oracle,15.0,0,254.04501054435968,1252652.5965373656,0.8020565877254024,0.1099270858875127,-0.1099270858875127,0.09632836945874719,0.0021254986556270223,0,0,0,0.2499999999991367,0.014381863450344626,20307.332045979798,531.0684980230161,1,
16,20000.0,450.0,0.6,CLASSICAL_KAPPA,oracle,15.0,0,254.03232327103615,1252587.2209542494,0.8020565877254024,0.1097479178391438,-0.1097479178391438,0.09632836945874719,0.002125230762537892,0,0,0,0.2499999999991367,0.014382612638437943,20307.319358706474,531.0687028852051,1,
17,20000.0,450.0,0.6,CLASSICAL_KAPPA,oracle,15.0,0,254.04878129437566,1252731.6896170715,0.8020565877254024,0.10998776244634322,-0.10998776244634322,0.09632836945874719,0.002125337595973014,0,0,0,0.2249999999991381,0.01435121102206251,20307.335816729814,531.0684385657979,1,
18,20000.0,450.0,0.6,CLASSICAL_KAPPA,oracle,15.0,0,254.03572775796056,1252611.8018939965,0.8020565877254024,0.10955665668480552,-0.10955665668480552,0.09632836945874719,0.0021250854829471147,0,0,0,0.3083333333324667,0.014454364164019708,20307.3227631934,531.0686993494145,1,
19,20000.0,450.0,0.6,CLASSICAL_KAPPA,oracle,15.0,0,254.03517774492502,1252601.5713870863,0.8020565877254024,0.11015095994244986,-0.11015095994244986,0.09632836945874719,0.002125277414444149,0,0,0,0.24166666666580383,0.01426763801607805,20307.322213180363,531.0686118919817,1,
0,20000.0,450.0,0.6,TECS_MRAC,none,15.0,0,249.42961703240871,1214852.6922913517,0.7847204860208832,0.11543158461723595,-0.11543158461723595,0.09632836945874719,0.0021225787915236665,0,0,0,nan,0.40000000000004016,20302.716652467847,531.1383414517531,1,
1,20000.0,450.0,0.6,TECS_MRAC,none,15.0,0,249.42961703240871,1214852.6922913517,0.7847204860208832,0.11543158461723595,-0.11543158461723595,0.09632836945874719,0.0021225787915236665,0,0,0,nan,0.40000000000004016,20302.716652467847,531.1383414517531,1,
2,20000.0,450.0,0.6,TECS_MRAC,none,15.0,0,249.42961703240871,1214852.6922913517,0.7847204860208832,0.11543158461723595,-0.11543158461723595,0.09632836945874719,0.0021225787915236665,0,0,0,nan,0.40000000000004016,20302.716652467847,531.1383414517531,1,
3,20000.0,450.0,0.6,TECS_MRAC,none,15.0,0,249.42961703240871,1214852.6922913517,0.7847204860208832,0.11543158461723595,-0.11543158461723595,0.09632836945874719,0.0021225787915236665,0,0,0,nan,0.40000000000004016,20302.716652467847,531.1383414517531,1,
4,20000.0,450.0,0.6,TECS_MRAC,none,15.0,0,249.42961703240871,1214852.6922913517,0.7847204860208832,0.11543158461723595,-0.11543158461723595,0.09632836945874719,0.0021225787915236665,0,0,0,nan,0.40000000000004016,20302.716652467847,531.1383414517531,1,
5,20000.0,450.0,0.6,TECS_MRAC,none,15.0,0,249.42961703240871,1214852.6922913517,0.7847204860208832,0.11543158461723595,-0.11543158461723595,0.09632836945874719,0.0021225787915236665,0,0,0,nan,0.40000000000004016,20302.716652467847,531.1383414517531,1,
6,20000.0,450.0,0.6,TECS_MRAC,none,15.0,0,249.42961703240871,1214852.6922913517,0.7847204860208832,0.11543158461723595,-0.11543158461723595,0.09632836945874719,0.0021225787915236665,0,0,0,nan,0.40000000000004016,20302.716652467847,531.1383414517531,1,
7,20000.0,450.0,0.6,TECS_MRAC,none,15.0,0,249.42961703240871,1214852.6922913517,0.7847204860208832,0.11543158461723595,-0.11543158461723595,0.09632836945874719,0.0021225787915236665,0,0,0,nan,0.40000000000004016,20302.716652467847,531.1383414517531,1,
8,20000.0,450.0,0.6,TECS_MRAC,none,15.0,0,249.42961703240871,1214852.6922913517,0.7847204860208832,0.11543158461723595,-0.11543158461723595,0.09632836945874719,0.0021225787915236665,0,0,0,nan,0.40000000000004016,20302.716652467847,531.1383414517531,1,
9,20000.0,450.0,0.6,TECS_MRAC,none,15.0,0,249.42961703240871,1214852.6922913517,0.7847204860208832,0.11543158461723595,-0.11543158461723595,0.09632836945874719,0.0021225787915236665,0,0,0,nan,0.40000000000004016,20302.716652467847,531.1383414517531,1,
10,20000.0,450.0,0.6,TECS_MRAC,none,15.0,0,249.42961703240871,1214852.6922913517,0.7847204860208832,0.11543158461723595,-0.11543158461723595,0.09632836945874719,0.0021225787915236665,0,0,0,nan,0.40000000000004016,20302.716652467847,531.1383414517531,1,
11,20000.0,450.0,0.6,TECS_MRAC,none,15.0,0,249.42961703240871,1214852.6922913517,0.7847204860208832,0.11543158461723595,-0.11543158461723595,0.09632836945874719,0.0021225787915236665,0,0,0,nan,0.40000000000004016,20302.716652467847,531.1383414517531,1,
12,20000.0,450.0,0.6,TECS_MRAC,none,15.0,0,249.42961703240871,1214852.6922913517,0.7847204860208832,0.11543158461723595,-0.11543158461723595,0.09632836945874719,0.0021225787915236665,0,0,0,nan,0.40000000000004016,20302.716652467847,531.1383414517531,1,
13,20000.0,450.0,0.6,TECS_MRAC,none,15.0,0,249.42961703240871,1214852.6922913517,0.7847204860208832,0.11543158461723595,-0.11543158461723595,0.09632836945874719,0.0021225787915236665,0,0,0,nan,0.40000000000004016,20302.716652467847,531.1383414517531,1,
14,20000.0,450.0,0.6,TECS_MRAC,none,15.0,0,249.42961703240871,1214852.6922913517,0.7847204860208832,0.11543158461723595,-0.11543158461723595,0.09632836945874719,0.0021225787915236665,0,0,0,nan,0.40000000000004016,20302.716652467847,531.1383414517531,1,
15,20000.0,450.0,0.6,TECS_MRAC,none,15.0,0,249.42961703240871,1214852.6922913517,0.7847204860208832,0.11543158461723595,-0.11543158461723595,0.09632836945874719,0.0021225787915236665,0,0,0,nan,0.40000000000004016,20302.716652467847,531.1383414517531,1,
16,20000.0,450.0,0.6,TECS_MRAC,none,15.0,0,249.42961703240871,1214852.6922913517,0.7847204860208832,0.11543158461723595,-0.11543158461723595,0.09632836945874719,0.0021225787915236665,0,0,0,nan,0.40000000000004016,20302.716652467847,531.1383414517531,1,
17,20000.0,450.0,0.6,TECS_MRAC,none,15.0,0,249.42961703240871,1214852.6922913517,0.7847204860208832,0.11543158461723595,-0.11543158461723595,0.09632836945874719,0.0021225787915236665,0,0,0,nan,0.40000000000004016,20302.716652467847,531.1383414517531,1,
18,20000.0,450.0,0.6,TECS_MRAC,none,15.0,0,249.42961703240871,1214852.6922913517,0.7847204860208832,0.11543158461723595,-0.11543158461723595,0.09632836945874719,0.0021225787915236665,0,0,0,nan,0.40000000000004016,20302.716652467847,531.1383414517531,1,
19,20000.0,450.0,0.6,TECS_MRAC,none,15.0,0,249.42961703240871,1214852.6922913517,0.7847204860208832,0.11543158461723595,-0.11543158461723595,0.09632836945874719,0.0021225787915236665,0,0,0,nan,0.40000000000004016,20302.716652467847,531.1383414517531,1,
0,20000.0,450.0,0.6,HYBRID,oracle,15.0,0,245.5320862568915,1174391.0634021596,0.7847204860208832,0.11645439718524134,-0.11645439718524134,0.09632836945874719,0.0021416793314561686,0,0,0,0.3083333333324667,0.014402354110956058,20298.81912169233,531.1890397293239,1,
1,20000.0,450.0,0.6,HYBRID,oracle,15.0,0,245.52315519750118,1174321.0017853074,0.7847204860208832,0.11627028126981132,-0.11627028126981132,0.09632836945874719,0.0021413748473352355,0,0,0,0.2083333333324724,0.014359552276315593,20298.81019063294,531.1892021800094,1,
2,20000.0,450.0,0.6,HYBRID,oracle,15.0,0,245.53420962393284,1174362.2803779647,0.7847204860208832,0.11656991581675903,-0.11656991581675903,0.09632836945874719,0.002141711762643368,0,0,0,0.24166666666580383,0.014387293803513774,20298.82124505937,531.1889878565397,1,
3,20000.0,450.0,0.6,HYBRID,oracle,15.0,0,245.53035593032837,1174359.0321971257,0.7847204860208832,0.11696406368892759,-0.11696406368892759,0.09632836945874719,0.002141611831402074,0,0,0,0.3083333333324667,0.01440342582062199,20298.817391365767,531.1889958512432,1,
4,20000.0,450.0,0.6,HYBRID,oracle,15.0,0,245.53361400216818,1174388.272877276,0.7847204860208832,0.11671872659539384,-0.11671872659539384,0.09632836945874719,0.002141920136135234,0,0,0,0.2499999999991367,0.014321489243786862,20298.820649437606,531.1890177170355,1,
5,20000.0,450.0,0.6,HYBRID,oracle,15.0,0,245.52906607836485,1174399.555192093,0.7847204860208832,0.11676941712892211,-0.11676941712892211,0.09632836945874719,0.0021414780438399725,0,0,0,0.25833333333246955,0.014365437206828953,20298.816101513803,531.1890693716321,1,
6,20000.0,450.0,0.6,HYBRID,oracle,15.0,0,245.53037441149354,1174393.085866984,0.7847204860208832,0.11620515313260597,-0.11620515313260597,0.09632836945874719,0.0021417006791626036,0,0,0,0.29999999999913385,0.01431360315034153,20298.81740984693,531.1891446797936,1,
7,20000.0,450.0,0.6,HYBRID,oracle,15.0,0,245.5310050547123,1174369.368101416,0.7847204860208832,0.11644194742791344,-0.11644194742791344,0.09632836945874719,0.002141837601629263,0,0,0,0.2249999999991381,0.014272812398394409,20298.81804049015,531.1890398477451,1,
8,20000.0,450.0,0.6,HYBRID,oracle,15.0,0,245.53057214990258,1174369.6122868191,0.7847204860208832,0.11667819924246817,-0.11667819924246817,0.09632836945874719,0.002141602964237966,0,0,0,0.24166666666580383,0.014403397502170661,20298.81760758534,531.1890086989331,1,
9,20000.0,450.0,0.6,HYBRID,oracle,15.0,0,245.5289896428585,1174354.4295897053,0.7847204860208832,0.11658032052667462,-0.11658032052667462,0.09632836945874719,0.002141621135012584,0,0,0,0.2666666666658024,0.014559207281728765,20298.816025078297,531.1891150563689,1,
10,20000.0,450.0,0.6,HYBRID,oracle,15.0,0,245.53324780985713,1174361.9052660286,0.7847204860208832,0.11642574729204062,-0.11642574729204062,0.09632836945874719,0.0021414961468233635,0,0,0,0.2666666666658024,0.014194681303697748,20298.820283245295,531.1889415565719,1,
11,20000.0,450.0,0.6,HYBRID,oracle,15.0,0,245.53144067153335,1174355.257560245,0.7847204860208832,0.1166845232992836,-0.1166845232992836,0.09632836945874719,0.0021415928324117254,0,0,0,0.27499999999913527,0.014342698374304264,20298.81847610697,531.1890403722299,1,
12,20000.0,450.0,0.6,HYBRID,oracle,15.0,0,245.53302742913365,1174360.0154191838,0.7847204860208832,0.11636869207563304,-0.11636869207563304,0.09632836945874719,0.0021414036588057626,0,0,0,0.2499999999991367,0.014304458589593833,20298.82006286457,531.1889856641029,1,
13,20000.0,450.0,0.6,HYBRID,oracle,15.0,0,245.5312615223229,1174406.2878440507,0.7847204860208832,0.11639217528664472,-0.11639217528664472,0.09632836945874719,0.0021415292555377755,0,0,0,0.28333333333246813,0.014410952971227617,20298.81829695776,531.1890566190574,1,
14,20000.0,450.0,0.6,HYBRID,oracle,15.0,0,245.53128816187382,1174409.4929235002,0.7847204860208832,0.11645980561762637,-0.11645980561762637,0.09632836945874719,0.00214156026039924,0,0,0,0.27499999999913527,0.01436829543021962,20298.818323597312,531.1890524389204,1,
15,20000.0,450.0,0.6,HYBRID,oracle,15.0,0,245.53685334697366,1174374.7896425445,0.7847204860208832,0.11655844133326965,-0.11655844133326965,0.09632836945874719,0.0021419571733499797,0,0,0,0.2499999999991367,0.014381863450344626,20298.82388878241,531.1889593431031,1,
16,20000.0,450.0,0.6,HYBRID,oracle,15.0,0,245.5325542241335,1174390.0874323503,0.7847204860208832,0.11641315492104068,-0.11641315492104068,0.09632836945874719,0.00214179672461063,0,0,0,0.2499999999991367,0.014382612638437943,20298.81958965957,531.1890309236892,1,
17,20000.0,450.0,0.6,HYBRID,oracle,15.0,0,245.53958337008953,1174450.3615898525,0.7847204860208832,0.116610028466398,-0.116610028466398,0.09632836945874719,0.0021417601800960417,0,0,0,0.2249999999991381,0.01435121102206251,20298.826618805528,531.1889337397813,1,
18,20000.0,450.0,0.6,HYBRID,oracle,15.0,0,245.53370782732964,1174337.9858485577,0.7847204860208832,0.11623085123838145,-0.11623085123838145,0.09632836945874719,0.002141632342203421,0,0,0,0.3083333333324667,0.014454364164019708,20298.820743262768,531.1890227512183,1,
19,20000.0,450.0,0.6,HYBRID,oracle,15.0,0,245.5310758985579,1174370.7968095667,0.7847204860208832,0.11675115273708335,-0.11675115273708335,0.09632836945874719,0.002141748653702418,0,0,0,0.24166666666580383,0.01426763801607805,20298.818111333996,531.1890210329667,1,
0,20000.0,450.0,0.6,FULL_STACK,oracle,15.0,0,250.3145956657827,1240093.6036795776,0.7847204860208832,0.11806660691085072,-0.11806660691085072,0.09632836945874719,0.002139659335718851,5360,0,0,0.3083333333324667,0.014402354110956058,20303.60163110122,531.1435234907026,1,
1,20000.0,450.0,0.6,FULL_STACK,oracle,15.0,0,250.3049426190555,1240061.8091506273,0.7847204860208832,0.11795124712908549,-0.11795124712908549,0.09632836945874719,0.0021393906337116744,5365,0,0,0.2083333333324724,0.014359552276315593,20303.591978054494,531.1437474023725,1,
2,20000.0,450.0,0.6,FULL_STACK,oracle,15.0,0,250.31667286157608,1240164.4029613615,0.7847204860208832,0.11810948304070538,-0.11810948304070538,0.09632836945874719,0.0021396856255177727,5363,0,0,0.24166666666580383,0.014387293803513774,20303.603708297014,531.1435590413439,1,
3,20000.0,450.0,0.6,FULL_STACK,oracle,15.0,0,250.31633415073156,1240115.3178726933,0.7847204860208832,0.11834511536424035,-0.11834511536424035,0.09632836945874719,0.00213965749139068,5362,0,0,0.3083333333324667,0.01440342582062199,20303.60336958617,531.143461697789,1,
4,20000.0,450.0,0.6,FULL_STACK,oracle,15.0,0,250.3128409795463,1240144.1748406994,0.7847204860208832,0.11821357787914152,-0.11821357787914152,0.09632836945874719,0.002139675130723148,5364,0,0,0.2499999999991367,0.014321489243786862,20303.599876414984,531.1436376556129,1,
5,20000.0,450.0,0.6,FULL_STACK,oracle,15.0,0,250.31414569541812,1240127.5945204224,0.7847204860208832,0.11825896202777156,-0.11825896202777156,0.09632836945874719,0.002139588824359627,5365,0,0,0.25833333333246955,0.014365437206828953,20303.601181130856,531.1435384557751,1,
6,20000.0,450.0,0.6,FULL_STACK,oracle,15.0,0,250.31494487449527,1240119.975487985,0.7847204860208832,0.11789582928896267,-0.11789582928896267,0.09632836945874719,0.0021397227126674348,5363,0,0,0.29999999999913385,0.01431360315034153,20303.601980309933,531.1435707741687,1,
7,20000.0,450.0,0.6,FULL_STACK,oracle,15.0,0,250.3114479482174,1240075.1317727242,0.7847204860208832,0.11804309224578213,-0.11804309224578213,0.09632836945874719,0.0021397033177130214,5367,0,0,0.2249999999991381,0.014272812398394409,20303.598483383656,531.143594535192,1,
8,20000.0,450.0,0.6,FULL_STACK,oracle,15.0,0,250.3162349909544,1240151.3096355512,0.7847204860208832,0.11819638912156101,-0.11819638912156101,0.09632836945874719,0.0021396567739229385,5364,0,0,0.24166666666580383,0.014403397502170661,20303.603270426393,531.1435143885215,1,
9,20000.0,450.0,0.6,FULL_STACK,oracle,15.0,0,250.31016628816724,1240077.057352794,0.7847204860208832,0.11811963134935324,-0.11811963134935324,0.09632836945874719,0.0021396271687417743,5366,0,0,0.2666666666658024,0.014559207281728765,20303.597201723605,531.1436324697479,1,
10,20000.0,450.0,0.6,FULL_STACK,oracle,15.0,0,250.31937577202916,1240153.018939125,0.7847204860208832,0.11805044437240195,-0.11805044437240195,0.09632836945874719,0.002139646406192774,5364,0,0,0.2666666666658024,0.014194681303697748,20303.606411207467,531.1434320571533,1,
11,20000.0,450.0,0.6,FULL_STACK,oracle,15.0,0,250.3169160708785,1240121.1577211472,0.7847204860208832,0.11821525968363453,-0.11821525968363453,0.09632836945874719,0.0021396160044171186,5363,0,0,0.27499999999913527,0.014342698374304264,20303.603951506317,531.1434889019644,1,
12,20000.0,450.0,0.6,FULL_STACK,oracle,15.0,0,250.31327214837074,1240130.4661251756,0.7847204860208832,0.11796546522139725,-0.11796546522139725,0.09632836945874719,0.002139502530711642,5365,0,0,0.2499999999991367,0.014304458589593833,20303.60030758381,531.143594593926,1,
13,20000.0,450.0,0.6,FULL_STACK,oracle,15.0,0,250.32398961484432,1240204.4855285732,0.7847204860208832,0.11791530739072455,-0.11791530739072455,0.09632836945874719,0.0021397211980254613,5364,0,0,0.28333333333246813,0.014410952971227617,20303.611025050282,531.1433779927285,1,
14,20000.0,450.0,0.6,FULL_STACK,oracle,15.0,0,250.3164981044829,1240149.4799765076,0.7847204860208832,0.11794586159862942,-0.11794586159862942,0.09632836945874719,0.002139672859016875,5362,0,0,0.27499999999913527,0.01436829543021962,20303.60353353992,531.1435076984426,1,
15,20000.0,450.0,0.6,FULL_STACK,oracle,15.0,0,250.3152945227921,1240111.7062909817,0.7847204860208832,0.11810699802003988,-0.11810699802003988,0.09632836945874719,0.0021397608774074957,5363,0,0,0.2499999999991367,0.014381863450344626,20303.60232995823,531.143545794823,1,
16,20000.0,450.0,0.6,FULL_STACK,oracle,15.0,0,250.31640861555934,1240160.960581071,0.7847204860208832,0.1180324706134723,-0.1180324706134723,0.09632836945874719,0.002139753760466707,5363,0,0,0.2499999999991367,0.014382612638437943,20303.603444050997,531.1435523827662,1,
17,20000.0,450.0,0.6,FULL_STACK,oracle,15.0,0,250.32094334810972,1240199.9791211148,0.7847204860208832,0.1181608651035212,-0.1181608651035212,0.09632836945874719,0.002139785880923601,5368,0,0,0.2249999999991381,0.01435121102206251,20303.607978783548,531.1434804296279,1,
18,20000.0,450.0,0.6,FULL_STACK,oracle,15.0,0,250.31431018561125,1240107.0344166602,0.7847204860208832,0.1179338830803211,-0.1179338830803211,0.09632836945874719,0.0021395679409984126,5362,0,0,0.3083333333324667,0.014454364164019708,20303.60134562105,531.1435846801282,1,
19,20000.0,450.0,0.6,FULL_STACK,oracle,15.0,0,250.31219373643398,1240088.6729736268,0.7847204860208832,0.1182447079761673,-0.1182447079761673,0.09632836945874719,0.0021397493059964324,5367,0,0,0.24166666666580383,0.01426763801607805,20303.599229171872,531.1435633061639,1,
0,20000.0,450.0,0.5,BASELINE,none,15.0,0,260.09937455132604,1319890.9000310027,0.8020565877254024,0.10841913519065953,-0.10841913519065953,0.09632836945874719,0.0029986088042360443,0,0,0,nan,0.5,20313.386409986764,530.9916640947823,1,
1,20000.0,450.0,0.5,BASELINE,none,15.0,0,260.09937455132604,1319890.9000310027,0.8020565877254024,0.10841913519065953,-0.10841913519065953,0.09632836945874719,0.0029986088042360443,0,0,0,nan,0.5,20313.386409986764,530.9916640947823,1,
2,20000.0,450.0,0.5,BASELINE,none,15.0,0,260.09937455132604,1319890.9000310027,0.8020565877254024,0.10841913519065953,-0.10841913519065953,0.09632836945874719,0.0029986088042360443,0,0,0,nan,0.5,20313.386409986764,530.9916640947823,1,
3,20000.0,450.0,0.5,BASELINE,none,15.0,0,260.09937455132604,1319890.9000310027,0.8020565877254024,0.10841913519065953,-0.10841913519065953,0.09632836945874719,0.0029986088042360443,0,0,0,nan,0.5,20313.386409986764,530.9916640947823,1,
4,20000.0,450.0,0.5,BASELINE,none,15.0,0,260.09937455132604,1319890.9000310027,0.8020565877254024,0.10841913519065953,-0.10841913519065953,0.09632836945874719,0.0029986088042360443,0,0,0,nan,0.5,20313.386409986764,530.9916640947823,1,
5,20000.0,450.0,0.5,BASELINE,none,15.0,0,260.09937455132604,1319890.9000310027,0.8020565877254024,0.10841913519065953,-0.10841913519065953,0.09632836945874719,0.0029986088042360443,0,0,0,nan,0.5,20313.386409986764,530.9916640947823,1,
6,20000.0,450.0,0.5,BASELINE,none,15.0,0,260.09937455132604,1319890.9000310027,0.8020565877254024,0.10841913519065953,-0.10841913519065953,0.09632836945874719,0.0029986088042360443,0,0,0,nan,0.5,20313.386409986764,530.9916640947823,1,
7,20000.0,450.0,0.5,BASELINE,none,15.0,0,260.09937455132604,1319890.9000310027,0.8020565877254024,0.10841913519065953,-0.10841913519065953,0.09632836945874719,0.0029986088042360443,0,0,0,nan,0.5,20313.386409986764,530.9916640947823,1,
8,20000.0,450.0,0.5,BASELINE,none,15.0,0,260.09937455132604,1319890.9000310027,0.8020565877254024,0.10841913519065953,-0.10841913519065953,0.09632836945874719,0.0029986088042360443,0,0,0,nan,0.5,20313.386409986764,530.9916640947823,1,
9,20000.0,450.0,0.5,BASELINE,none,15.0,0,260.09937455132604,1319890.9000310027,0.8020565877254024,0.10841913519065953,-0.10841913519065953,0.09632836945874719,0.0029986088042360443,0,0,0,nan,0.5,20313.386409986764,530.9916640947823,1,
10,20000.0,450.0,0.5,BASELINE,none,15.0,0,260.09937455132604,1319890.9000310027,0.8020565877254024,0.10841913519065953,-0.10841913519065953,0.09632836945874719,0.0029986088042360443,0,0,0,nan,0.5,20313.386409986764,530.9916640947823,1,
11,20000.0,450.0,0.5,BASELINE,none,15.0,0,260.09937455132604,1319890.9000310027,0.8020565877254024,0.10841913519065953,-0.10841913519065953,0.09632836945874719,0.0029986088042360443,0,0,0,nan,0.5,20313.386409986764,530.9916640947823,1,
12,20000.0,450.0,0.5,BASELINE,none,15.0,0,260.09937455132604,1319890.9000310027,0.8020565877254024,0.10841913519065953,-0.10841913519065953,0.09632836945874719,0.0029986088042360443,0,0,0,nan,0.5,20313.386409986764,530.9916640947823,1,
13,20000.0,450.0,0.5,BASELINE,none,15.0,0,260.09937455132604,1319890.9000310027,0.8020565877254024,0.10841913519065953,-0.10841913519065953,0.09632836945874719,0.0029986088042360443,0,0,0,nan,0.5,20313.386409986764,530.9916640947823,1,
14,20000.0,450.0,0.5,BASELINE,none,15.0,0,260.09937455132604,1319890.9000310027,0.8020565877254024,0.10841913519065953,-0.10841913519065953,0.09632836945874719,0.0029986088042360443,0,0,0,nan,0.5,20313.386409986764,530.9916640947823,1,
15,20000.0,450.0,0.5,BASELINE,none,15.0,0,260.09937455132604,1319890.9000310027,0.8020565877254024,0.10841913519065953,-0.10841913519065953,0.09632836945874719,0.0029986088042360443,0,0,0,nan,0.5,20313.386409986764,530.9916640947823,1,
16,20000.0,450.0,0.5,BASELINE,none,15.0,0,260.09937455132604,1319890.9000310027,0.8020565877254024,0.10841913519065953,-0.10841913519065953,0.09632836945874719,0.0029986088042360443,0,0,0,nan,0.5,20313.386409986764,530.9916640947823,1,
17,20000.0,450.0,0.5,BASELINE,none,15.0,0,260.09937455132604,1319890.9000310027,0.8020565877254024,0.10841913519065953,-0.10841913519065953,0.09632836945874719,0.0029986088042360443,0,0,0,nan,0.5,20313.386409986764,530.9916640947823,1,
18,20000.0,450.0,0.5,BASELINE,none,15.0,0,260.09937455132604,1319890.9000310027,0.8020565877254024,0.10841913519065953,-0.10841913519065953,0.09632836945874719,0.0029986088042360443,0,0,0,nan,0.5,20313.386409986764,530.9916640947823,1,
19,20000.0,450.0,0.5,BASELINE,none,15.0,0,260.09937455132604,1319890.9000310027,0.8020565877254024,0.10841913519065953,-0.10841913519065953,0.09632836945874719,0.0029986088042360443,0,0,0,nan,0.5,20313.386409986764,530.9916640947823,1,
0,20000.0,450.0,0.5,CLASSICAL_KAPPA,oracle,15.0,0,254.0342078693211,1252651.0238958974,0.8020565877254024,0.10979867392153425,-0.10979867392153425,0.09632836945874719,0.0030317966618647655,0,0,0,0.2249999999991381,0.01605924530480046,20307.32124330476,531.0687265769923,1,
1,20000.0,450.0,0.5,CLASSICAL_KAPPA,oracle,15.0,0,254.03227384760976,1252677.5956514315,0.8020565877254024,0.10961073495670233,-0.10961073495670233,0.09632836945874719,0.0030314605327395557,0,0,0,0.2083333333324724,0.016016134771018205,20307.319309283048,531.0688151758752,1,
2,20000.0,450.0,0.5,CLASSICAL_KAPPA,oracle,15.0,0,254.03789081051946,1252651.1158312408,0.8020565877254024,0.10991574983301527,-0.10991574983301527,0.09632836945874719,0.003031843527427094,0,0,0,0.23333333333247097,0.01604469949592791,20307.324926245958,531.0686731759765,1,
3,20000.0,450.0,0.5,CLASSICAL_KAPPA,oracle,15.0,0,254.02989753708243,1252642.5755348066,0.8020565877254024,0.11039615819220734,-0.11039615819220734,0.09632836945874719,0.003031607364729827,0,0,0,0.23333333333247097,0.01606206630960338,20307.31693297252,531.0687568777018,1,
4,20000.0,450.0,0.5,CLASSICAL_KAPPA,oracle,15.0,0,254.0387366116047,1252698.9049155843,0.8020565877254024,0.11010718925504843,-0.11010718925504843,0.09632836945874719,0.0030322541681988254,0,0,0,0.21666666666580525,0.015978989773696342,20307.325772047043,531.0686789380293,1,
5,20000.0,450.0,0.5,CLASSICAL_KAPPA,oracle,15.0,0,254.0330478437245,1252672.0381102324,0.8020565877254024,0.11019278235309603,-0.11019278235309603,0.09632836945874719,0.0030315354464978627,0,0,0,0.2249999999991381,0.01602216878650465,20307.320083279163,531.0687070895015,1,
6,20000.0,450.0,0.5,CLASSICAL_KAPPA,oracle,15.0,0,254.03967037424445,1252711.4241803715,0.8020565877254024,0.10949129991247022,-0.10949129991247022,0.09632836945874719,0.00303201623127722,0,0,0,0.2083333333324724,0.015971455278603604,20307.326705809683,531.0687118675409,1,
7,20000.0,450.0,0.5,CLASSICAL_KAPPA,oracle,15.0,0,254.03343421965837,1252600.282981355,0.8020565877254024,0.10985325934231943,-0.10985325934231943,0.09632836945874719,0.003032004654079101,0,0,0,0.2249999999991381,0.015929471474216684,20307.320469655097,531.0687017673977,1,
8,20000.0,450.0,0.5,CLASSICAL_KAPPA,oracle,15.0,0,254.03488858789206,1252665.1277703543,0.8020565877254024,0.11010142839446144,-0.11010142839446144,0.09632836945874719,0.0030317722778306364,0,0,0,0.19166666666580667,0.01605967129773139,20307.32192402333,531.0686448535397,1,
9,20000.0,450.0,0.5,CLASSICAL_KAPPA,oracle,15.0,0,254.0347359329462,1252693.3842516898,0.8020565877254024,0.10993642135636257,-0.10993642135636257,0.09632836945874719,0.0030317985596735268,0,0,0,0.23333333333247097,0.016216451956713514,20307.321771368384,531.0687877468881,1,
10,20000.0,450.0,0.5,CLASSICAL_KAPPA,oracle,15.0,0,254.02812380343676,1252630.5400529155,0.8020565877254024,0.10978770844238861,-0.10978770844238861,0.09632836945874719,0.003031274926231131,0,0,0,0.21666666666580525,0.015849011405404234,20307.315159238875,531.0688054547433,1,
11,20000.0,450.0,0.5,CLASSICAL_KAPPA,oracle,15.0,0,254.04329535737634,1252685.5275124356,0.8020565877254024,0.11005224394239198,-0.11005224394239198,0.09632836945874719,0.0030318613309225735,0,0,0,0.2083333333324724,0.016000721465002005,20307.330330792814,531.0685530253496,1,
12,20000.0,450.0,0.5,CLASSICAL_KAPPA,oracle,15.0,0,254.0424561984837,1252684.0597041422,0.8020565877254024,0.10974895088720062,-0.10974895088720062,0.09632836945874719,0.0030314475790915543,0,0,0,0.23333333333247097,0.015962242500461164,20307.329491633922,531.0685605428993,1,
13,20000.0,450.0,0.5,CLASSICAL_KAPPA,oracle,15.0,0,254.03854905813932,1252715.3006574637,0.8020565877254024,0.10980790029795191,-0.10980790029795191,0.09632836945874719,0.003031692354824093,0,0,0,0.2249999999991381,0.0160698595208309,20307.325584493577,531.06864915223,1,
14,20000.0,450.0,0.5,CLASSICAL_KAPPA,oracle,15.0,0,254.03156048059464,1252634.086281227,0.8020565877254024,0.1098816028854702,-0.1098816028854702,0.09632836945874719,0.0030315778049213246,0,0,0,0.23333333333247097,0.016024290779210602,20307.318595916033,531.0687397358028,1,
15,20000.0,450.0,0.5,CLASSICAL_KAPPA,oracle,15.0,0,254.04098411649466,1252671.4150031426,0.8020565877254024,0.109923943603913,-0.109923943603913,0.09632836945874719,0.0030322547561262496,0,0,0,0.23333333333247097,0.016037715663493393,20307.328019551933,531.0686384985256,1,
16,20000.0,450.0,0.5,CLASSICAL_KAPPA,oracle,15.0,0,254.0333515331149,1252635.3022804933,0.8020565877254024,0.10974290119482631,-0.10974290119482631,0.09632836945874719,0.003031905826323407,0,0,0,0.23333333333247097,0.016040590102517807,20307.320386968553,531.0687497081364,1,
17,20000.0,450.0,0.5,CLASSICAL_KAPPA,oracle,15.0,0,254.04641727358103,1252710.7291685021,0.8020565877254024,0.10997563035987601,-0.10997563035987601,0.09632836945874719,0.0030319730039522516,0,0,0,0.2249999999991381,0.016007176118481455,20307.33345270902,531.0685108875871,1,
18,20000.0,450.0,0.5,CLASSICAL_KAPPA,oracle,15.0,0,254.04221611842513,1252663.399947574,0.8020565877254024,0.10950266902075212,-0.10950266902075212,0.09632836945874719,0.003031793547788795,0,0,0,0.24166666666580383,0.01611198894904794,20307.329251553863,531.0686218236847,1,
19,20000.0,450.0,0.5,CLASSICAL_KAPPA,oracle,15.0,0,254.0378826931119,1252707.9949054916,0.8020565877254024,0.11016701501223491,-0.11016701501223491,0.09632836945874719,0.003032028463377824,0,0,0,0.2249999999991381,0.015925122528085218,20307.32491812855,531.0686577000968,1,
0,20000.0,450.0,0.5,TECS_MRAC,none,15.0,0,251.3755410388112,1235454.5750069178,0.7847204860208832,0.1148717482329706,-0.1148717482329706,0.09632836945874719,0.0030206316028303067,0,0,0,nan,0.5,20304.66257647425,531.113168003825,1,
1,20000.0,450.0,0.5,TECS_MRAC,none,15.0,0,251.3755410388112,1235454.5750069178,0.7847204860208832,0.1148717482329706,-0.1148717482329706,0.09632836945874719,0.0030206316028303067,0,0,0,nan,0.5,20304.66257647425,531.113168003825,1,
2,20000.0,450.0,0.5,TECS_MRAC,none,15.0,0,251.3755410388112,1235454.5750069178,0.7847204860208832,0.1148717482329706,-0.1148717482329706,0.09632836945874719,0.0030206316028303067,0,0,0,nan,0.5,20304.66257647425,531.113168003825,1,
3,20000.0,450.0,0.5,TECS_MRAC,none,15.0,0,251.3755410388112,1235454.5750069178,0.7847204860208832,0.1148717482329706,-0.1148717482329706,0.09632836945874719,0.0030206316028303067,0,0,0,nan,0.5,20304.66257647425,531.113168003825,1,
4,20000.0,450.0,0.5,TECS_MRAC,none,15.0,0,251.3755410388112,1235454.5750069178,0.7847204860208832,0.1148717482329706,-0.1148717482329706,0.09632836945874719,0.0030206316028303067,0,0,0,nan,0.5,20304.66257647425,531.113168003825,1,
5,20000.0,450.0,0.5,TECS_MRAC,none,15.0,0,251.3755410388112,1235454.5750069178,0.7847204860208832,0.1148717482329706,-0.1148717482329706,0.09632836945874719,0.0030206316028303067,0,0,0,nan,0.5,20304.66257647425,531.113168003825,1,
6,20000.0,450.0,0.5,TECS_MRAC,none,15.0,0,251.3755410388112,1235454.5750069178,0.7847204860208832,0.1148717482329706,-0.1148717482329706,0.09632836945874719,0.0030206316028303067,0,0,0,nan,0.5,20304.66257647425,531.113168003825,1,
7,20000.0,450.0,0.5,TECS_MRAC,none,15.0,0,251.3755410388112,1235454.5750069178,0.7847204860208832,0.1148717482329706,-0.1148717482329706,0.09632836945874719,0.0030206316028303067,0,0,0,nan,0.5,20304.66257647425,531.113168003825,1,
8,20000.0,450.0,0.5,TECS_MRAC,none,15.0,0,251.3755410388112,1235454.5750069178,0.7847204860208832,0.1148717482329706,-0.1148717482329706,0.09632836945874719,0.0030206316028303067,0,0,0,nan,0.5,20304.66257647425,531.113168003825,1,
9,20000.0,450.0,0.5,TECS_MRAC,none,15.0,0,251.3755410388112,1235454.5750069178,0.7847204860208832,0.1148717482329706,-0.1148717482329706,0.09632836945874719,0.0030206316028303067,0,0,0,nan,0.5,20304.66257647425,531.113168003825,1,
10,20000.0,450.0,0.5,TECS_MRAC,none,15.0,0,251.3755410388112,1235454.5750069178,0.7847204860208832,0.1148717482329706,-0.1148717482329706,0.09632836945874719,0.0030206316028303067,0,0,0,nan,0.5,20304.66257647425,531.113168003825,1,
11,20000.0,450.0,0.5,TECS_MRAC,none,15.0,0,251.3755410388112,1235454.5750069178,0.7847204860208832,0.1148717482329706,-0.1148717482329706,0.09632836945874719,0.0030206316028303067,0,0,0,nan,0.5,20304.66257647425,531.113168003825,1,
12,20000.0,450.0,0.5,TECS_MRAC,none,15.0,0,251.3755410388112,1235454.5750069178,0.7847204860208832,0.1148717482329706,-0.1148717482329706,0.09632836945874719,0.0030206316028303067,0,0,0,nan,0.5,20304.66257647425,531.113168003825,1,
13,20000.0,450.0,0.5,TECS_MRAC,none,15.0,0,251.3755410388112,1235454.5750069178,0.7847204860208832,0.1148717482329706,-0.1148717482329706,0.09632836945874719,0.0030206316028303067,0,0,0,nan,0.5,20304.66257647425,531.113168003825,1,
14,20000.0,450.0,0.5,TECS_MRAC,none,15.0,0,251.3755410388112,1235454.5750069178,0.7847204860208832,0.1148717482329706,-0.1148717482329706,0.09632836945874719,0.0030206316028303067,0,0,0,nan,0.5,20304.66257647425,531.113168003825,1,
15,20000.0,450.0,0.5,TECS_MRAC,none,15.0,0,251.3755410388112,1235454.5750069178,0.7847204860208832,0.1148717482329706,-0.1148717482329706,0.09632836945874719,0.0030206316028303067,0,0,0,nan,0.5,20304.66257647425,531.113168003825,1,
16,20000.0,450.0,0.5,TECS_MRAC,none,15.0,0,251.3755410388112,1235454.5750069178,0.7847204860208832,0.1148717482329706,-0.1148717482329706,0.09632836945874719,0.0030206316028303067,0,0,0,nan,0.5,20304.66257647425,531.113168003825,1,
17,20000.0,450.0,0.5,TECS_MRAC,none,15.0,0,251.3755410388112,1235454.5750069178,0.7847204860208832,0.1148717482329706,-0.1148717482329706,0.09632836945874719,0.0030206316028303067,0,0,0,nan,0.5,20304.66257647425,531.113168003825,1,
18,20000.0,450.0,0.5,TECS_MRAC,none,15.0,0,251.3755410388112,1235454.5750069178,0.7847204860208832,0.1148717482329706,-0.1148717482329706,0.09632836945874719,0.0030206316028303067,0,0,0,nan,0.5,20304.66257647425,531.113168003825,1,
19,20000.0,450.0,0.5,TECS_MRAC,none,15.0,0,251.3755410388112,1235454.5750069178,0.7847204860208832,0.1148717482329706,-0.1148717482329706,0.09632836945874719,0.0030206316028303067,0,0,0,nan,0.5,20304.66257647425,531.113168003825,1,
0,20000.0,450.0,0.5,HYBRID,oracle,15.0,0,245.5256002396345,1174328.1963010042,0.7847204860208832,0.11640450324141328,-0.11640450324141328,0.09632836945874719,0.0030562892646570443,0,0,0,0.2249999999991381,0.01605924530480046,20298.812635675073,531.1891574637893,1,
1,20000.0,450.0,0.5,HYBRID,oracle,15.0,0,245.52226580679417,1174409.216287242,0.7847204860208832,0.11628893870004393,-0.11628893870004393,0.09632836945874719,0.0030558227351460297,0,0,0,0.2083333333324724,0.016016134771018205,20298.809301242232,531.1893400615488,1,
2,20000.0,450.0,0.5,HYBRID,oracle,15.0,0,245.5410083308816,1174469.605629406,0.7847204860208832,0.11657200359686687,-0.11657200359686687,0.09632836945874719,0.0030565741379201686,0,0,0,0.23333333333247097,0.01604469949592791,20298.82804376632,531.1889522796234,1,
3,20000.0,450.0,0.5,HYBRID,oracle,15.0,0,245.5242306292057,1174355.5201420109,0.7847204860208832,0.1170553560812567,-0.1170553560812567,0.09632836945874719,0.0030561285425928716,0,0,0,0.23333333333247097,0.01606206630960338,20298.811266064644,531.1891532171846,1,
4,20000.0,450.0,0.5,HYBRID,oracle,15.0,0,245.53093444928527,1174408.0069380442,0.7847204860208832,0.11674619521039478,-0.11674619521039478,0.09632836945874719,0.0030567258690542528,0,0,0,0.21666666666580525,0.015978989773696342,20298.817969884723,531.1891307249181,1,
5,20000.0,450.0,0.5,HYBRID,oracle,15.0,0,245.53447126597166,1174468.0722787792,0.7847204860208832,0.11683602357430811,-0.11683602357430811,0.09632836945874719,0.003056211928908376,0,0,0,0.2249999999991381,0.01602216878650465,20298.82150670141,531.1890056198008,1,
6,20000.0,450.0,0.5,HYBRID,oracle,15.0,0,245.53159108012915,1174435.1657315113,0.7847204860208832,0.11613431519346812,-0.11613431519346812,0.09632836945874719,0.0030564924326447938,0,0,0,0.2083333333324724,0.015971455278603604,20298.818626515567,531.189173944258,1,
7,20000.0,450.0,0.5,HYBRID,oracle,15.0,0,245.52499881386757,1174356.4360886496,0.7847204860208832,0.11655426950676558,-0.11655426950676558,0.09632836945874719,0.003056543939459041,0,0,0,0.2249999999991381,0.015929471474216684,20298.812034249306,531.1891901552835,1,
8,20000.0,450.0,0.5,HYBRID,oracle,15.0,0,245.52448442950845,1174375.8542642763,0.7847204860208832,0.11671357553259615,-0.11671357553259615,0.09632836945874719,0.0030561462199646416,0,0,0,0.19166666666580667,0.01605967129773139,20298.811519864947,531.1891660230883,1,
9,20000.0,450.0,0.5,HYBRID,oracle,15.0,0,245.52911691740155,1174405.9274190748,0.7847204860208832,0.11660499018302829,-0.11660499018302829,0.09632836945874719,0.0030563358637672373,0,0,0,0.23333333333247097,0.016216451956713514,20298.81615235284,531.1891763291886,1,
10,20000.0,450.0,0.5,HYBRID,oracle,15.0,0,245.5234582014382,1174362.2005920943,0.7847204860208832,0.11642801145417811,-0.11642801145417811,0.09632836945874719,0.003055777001898507,0,0,0,0.21666666666580525,0.015849011405404234,20298.810493636876,531.1891960849849,1,
11,20000.0,450.0,0.5,HYBRID,oracle,15.0,0,245.5347226895392,1174414.5954788572,0.7847204860208832,0.11668400392857528,-0.11668400392857528,0.09632836945874719,0.003056378338294349,0,0,0,0.2083333333324724,0.016000721465002005,20298.821758124977,531.1890288201147,1,
12,20000.0,450.0,0.5,HYBRID,oracle,15.0,0,245.53433978185058,1174417.5405494971,0.7847204860208832,0.11641994984220823,-0.11641994984220823,0.09632836945874719,0.0030559584527182658,0,0,0,0.23333333333247097,0.015962242500461164,20298.82137521729,531.1890245953449,1,
13,20000.0,450.0,0.5,HYBRID,oracle,15.0,0,245.52898048982024,1174413.490432572,0.7847204860208832,0.11644762763309421,-0.11644762763309421,0.09632836945874719,0.003056104517512302,0,0,0,0.2249999999991381,0.0160698595208309,20298.81601592526,531.1891344875996,1,
14,20000.0,450.0,0.5,HYBRID,oracle,15.0,0,245.53067137300968,1174426.4196852741,0.7847204860208832,0.11651644872946873,-0.11651644872946873,0.09632836945874719,0.003056216638813707,0,0,0,0.23333333333247097,0.016024290779210602,20298.817706808448,531.1890949169542,1,
15,20000.0,450.0,0.5,HYBRID,oracle,15.0,0,245.5246318280697,1174343.6473592566,0.7847204860208832,0.11657013657665274,-0.11657013657665274,0.09632836945874719,0.003056540723660694,0,0,0,0.23333333333247097,0.016037715663493393,20298.811667263508,531.1892607278894,1,
16,20000.0,450.0,0.5,HYBRID,oracle,15.0,0,245.5239108428359,1174368.9831184759,0.7847204860208832,0.11639866293729997,-0.11639866293729997,0.09632836945874719,0.0030563683645403405,0,0,0,0.23333333333247097,0.016040590102517807,20298.810946278274,531.1892554051668,1,
17,20000.0,450.0,0.5,HYBRID,oracle,15.0,0,245.5391061939299,1174444.7337775922,0.7847204860208832,0.11660527140507361,-0.11660527140507361,0.09632836945874719,0.0030565350844174053,0,0,0,0.2249999999991381,0.016007176118481455,20298.826141629368,531.1889568366295,1,
18,20000.0,450.0,0.5,HYBRID,oracle,15.0,0,245.53142115101218,1174342.324497633,0.7847204860208832,0.11615571063095534,-0.11615571063095534,0.09632836945874719,0.003056240289247874,0,0,0,0.24166666666580383,0.01611198894904794,20298.81845658645,531.1891202358065,1,
19,20000.0,450.0,0.5,HYBRID,oracle,15.0,0,245.5248762741685,1174347.4851215554,0.7847204860208832,0.11680970360412089,-0.11680970360412089,0.09632836945874719,0.0030563292210088627,0,0,0,0.2249999999991381,0.015925122528085218,20298.811911709607,531.1891733650299,1,
0,20000.0,450.0,0.5,FULL_STACK,oracle,15.0,0,250.5092577189207,1242934.0500996462,0.7847204860208832,0.11804752660270795,-0.11804752660270795,0.09632836945874719,0.0030541762049571867,5373,0,0,0.2249999999991381,0.01605924530480046,20303.79629315436,531.1418402920499,1,
1,20000.0,450.0,0.5,FULL_STACK,oracle,15.0,0,250.50402204319835,1242947.70439119,0.7847204860208832,0.11790792380969176,-0.11790792380969176,0.09632836945874719,0.0030538147475058417,5371,0,0,0.2083333333324724,0.016016134771018205,20303.791057478637,531.1419849374103,1,
2,20000.0,450.0,0.5,FULL_STACK,oracle,15.0,0,250.51759330928326,1242967.6300488072,0.7847204860208832,0.11821083029069641,-0.11821083029069641,0.09632836945874719,0.003054372772199452,5371,0,0,0.23333333333247097,0.01604469949592791,20303.80462874472,531.1416841216081,1,
3,20000.0,450.0,0.5,FULL_STACK,oracle,15.0,0,250.51146576553583,1242931.5884379758,0.7847204860208832,0.11870995867829298,-0.11870995867829298,0.09632836945874719,0.003054193134186024,5371,0,0,0.23333333333247097,0.01606206630960338,20303.798501200974,531.1416938511288,1,
4,20000.0,450.0,0.5,FULL_STACK,oracle,15.0,0,250.51057324931026,1242959.011261461,0.7847204860208832,0.11834881525511039,-0.11834881525511039,0.09632836945874719,0.003054589436278888,5372,0,0,0.21666666666580525,0.015978989773696342,20303.79760868475,531.14185171761,1,
5,20000.0,450.0,0.5,FULL_STACK,oracle,15.0,0,250.50956229120493,1243015.7424828422,0.7847204860208832,0.11844154870997234,-0.11844154870997234,0.09632836945874719,0.0030539134816281984,5373,0,0,0.2249999999991381,0.01602216878650465,20303.796597726643,531.1418389885382,1,
6,20000.0,450.0,0.5,FULL_STACK,oracle,15.0,0,250.5073441490531,1242946.8785563055,0.7847204860208832,0.11778941967044382,-0.11778941967044382,0.09632836945874719,0.00305432231262998,5372,0,0,0.2083333333324724,0.015971455278603604,20303.79437958449,531.1419537088497,1,
7,20000.0,450.0,0.5,FULL_STACK,oracle,15.0,0,250.5027294792235,1242895.41363173,0.7847204860208832,0.11819045553921441,-0.11819045553921441,0.09632836945874719,0.003054318826309822,5373,0,0,0.2249999999991381,0.015929471474216684,20303.78976491466,531.1419575149706,1,
8,20000.0,450.0,0.5,FULL_STACK,oracle,15.0,0,250.51372732967138,1242992.4825476452,0.7847204860208832,0.11831756726466856,-0.11831756726466856,0.09632836945874719,0.00305428562063757,5370,0,0,0.19166666666580667,0.01605967129773139,20303.80076276511,531.1417058629498,1,
9,20000.0,450.0,0.5,FULL_STACK,oracle,15.0,0,250.5087452083826,1242939.929206428,0.7847204860208832,0.11825216197180402,-0.11825216197180402,0.09632836945874719,0.0030541719291041717,5371,0,0,0.23333333333247097,0.016216451956713514,20303.79578064382,531.1418821601535,1,
10,20000.0,450.0,0.5,FULL_STACK,oracle,15.0,0,250.5025346726179,1242901.0115765752,0.7847204860208832,0.11805846240768388,-0.11805846240768388,0.09632836945874719,0.0030536664962966986,5370,0,0,0.21666666666580525,0.015849011405404234,20303.789570108056,531.1419190197095,1,
11,20000.0,450.0,0.5,FULL_STACK,oracle,15.0,0,250.514749545604,1242985.3848396675,0.7847204860208832,0.11834427777941667,-0.11834427777941667,0.09632836945874719,0.003054258565671918,5373,0,0,0.2083333333324724,0.016000721465002005,20303.801784981042,531.1417593882421,1,
12,20000.0,450.0,0.5,FULL_STACK,oracle,15.0,0,250.5156079493463,1242958.1362382467,0.7847204860208832,0.11803468161694304,-0.11803468161694304,0.09632836945874719,0.0030537914930756286,5370,0,0,0.23333333333247097,0.015962242500461164,20303.802643384784,531.1417003188991,1,
13,20000.0,450.0,0.5,FULL_STACK,oracle,15.0,0,250.509928394109,1242981.319552149,0.7847204860208832,0.11808377336070243,-0.11808377336070243,0.09632836945874719,0.00305391845228675,5370,0,0,0.2249999999991381,0.0160698595208309,20303.796963829547,531.1418384079471,1,
14,20000.0,450.0,0.5,FULL_STACK,oracle,15.0,0,250.51312309503555,1243005.3774031312,0.7847204860208832,0.11814367658361376,-0.11814367658361376,0.09632836945874719,0.0030541371443185005,5370,0,0,0.23333333333247097,0.016024290779210602,20303.800158530474,531.1417648507799,1,
15,20000.0,450.0,0.5,FULL_STACK,oracle,15.0,0,250.51168639957905,1242930.32772153,0.7847204860208832,0.11818269824399776,-0.11818269824399776,0.09632836945874719,0.0030545537383494044,5371,0,0,0.23333333333247097,0.016037715663493393,20303.798721835017,531.1418293700712,1,
16,20000.0,450.0,0.5,FULL_STACK,oracle,15.0,0,250.50469094514847,1242899.4273110314,0.7847204860208832,0.11804208128630138,-0.11804208128630138,0.09632836945874719,0.0030542396847327755,5369,0,0,0.23333333333247097,0.016040590102517807,20303.791726380587,531.1419201303611,1,
17,20000.0,450.0,0.5,FULL_STACK,oracle,15.0,0,250.51672602444887,1243005.6139863147,0.7847204860208832,0.11822161748714169,-0.11822161748714169,0.09632836945874719,0.0030543349321971057,5371,0,0,0.2249999999991381,0.016007176118481455,20303.803761459887,531.1417292708492,1,
18,20000.0,450.0,0.5,FULL_STACK,oracle,15.0,0,250.51330233365297,1242904.221294441,0.7847204860208832,0.11781878512088773,-0.11781878512088773,0.09632836945874719,0.003054134379067106,5370,0,0,0.24166666666580383,0.01611198894904794,20303.80033776909,531.1417864961898,1,
19,20000.0,450.0,0.5,FULL_STACK,oracle,15.0,0,250.50923196226358,1242964.1080456802,0.7847204860208832,0.1184188939544945,-0.1184188939544945,0.09632836945874719,0.003054324799947127,5372,0,0,0.2249999999991381,0.015925122528085218,20303.7962673977,531.1418306957513,1,
