seed,alt_ft,vc_kts,gamma_true,mode,integrity_source,fault_onset_s,noise,max_abs_dh,ise_h,max_abs_q,max_abs_theta,min_theta,max_theta,control_effort,residual_steps,crash,interlock,detect_delay_s,mae_gamma_online,final_h,final_vc,ok,note
0,10000.0,300.0,1.0,BASELINE,none,1000000000.0,0,1421.6029484383762,40871252.681850374,1.3408289073373452,1.6195412449454216,0.52210546047108,1.6195412449454216,0.017724072587216252,0,0,0,nan,nan,11616.713405225426,586.7309471661983,1,
1,10000.0,300.0,1.0,BASELINE,none,1000000000.0,0,1421.6029484383762,40871252.681850374,1.3408289073373452,1.6195412449454216,0.52210546047108,1.6195412449454216,0.017724072587216252,0,0,0,nan,nan,11616.713405225426,586.7309471661983,1,
2,10000.0,300.0,1.0,BASELINE,none,1000000000.0,0,1421.6029484383762,40871252.681850374,1.3408289073373452,1.6195412449454216,0.52210546047108,1.6195412449454216,0.017724072587216252,0,0,0,nan,nan,11616.713405225426,586.7309471661983,1,
3,10000.0,300.0,1.0,BASELINE,none,1000000000.0,0,1421.6029484383762,40871252.681850374,1.3408289073373452,1.6195412449454216,0.52210546047108,1.6195412449454216,0.017724072587216252,0,0,0,nan,nan,11616.713405225426,586.7309471661983,1,
4,10000.0,300.0,1.0,BASELINE,none,1000000000.0,0,1421.6029484383762,40871252.681850374,1.3408289073373452,1.6195412449454216,0.52210546047108,1.6195412449454216,0.017724072587216252,0,0,0,nan,nan,11616.713405225426,586.7309471661983,1,
5,10000.0,300.0,1.0,BASELINE,none,1000000000.0,0,1421.6029484383762,40871252.681850374,1.3408289073373452,1.6195412449454216,0.52210546047108,1.6195412449454216,0.017724072587216252,0,0,0,nan,nan,11616.713405225426,586.7309471661983,1,
6,10000.0,300.0,1.0,BASELINE,none,1000000000.0,0,1421.6029484383762,40871252.681850374,1.3408289073373452,1.6195412449454216,0.52210546047108,1.6195412449454216,0.017724072587216252,0,0,0,nan,nan,11616.713405225426,586.7309471661983,1,
7,10000.0,300.0,1.0,BASELINE,none,1000000000.0,0,1421.6029484383762,40871252.681850374,1.3408289073373452,1.6195412449454216,0.52210546047108,1.6195412449454216,0.017724072587216252,0,0,0,nan,nan,11616.713405225426,586.7309471661983,1,
8,10000.0,300.0,1.0,BASELINE,none,1000000000.0,0,1421.6029484383762,40871252.681850374,1.3408289073373452,1.6195412449454216,0.52210546047108,1.6195412449454216,0.017724072587216252,0,0,0,nan,nan,11616.713405225426,586.7309471661983,1,
9,10000.0,300.0,1.0,BASELINE,none,1000000000.0,0,1421.6029484383762,40871252.681850374,1.3408289073373452,1.6195412449454216,0.52210546047108,1.6195412449454216,0.017724072587216252,0,0,0,nan,nan,11616.713405225426,586.7309471661983,1,
10,10000.0,300.0,1.0,BASELINE,none,1000000000.0,0,1421.6029484383762,40871252.681850374,1.3408289073373452,1.6195412449454216,0.52210546047108,1.6195412449454216,0.017724072587216252,0,0,0,nan,nan,11616.713405225426,586.7309471661983,1,
11,10000.0,300.0,1.0,BASELINE,none,1000000000.0,0,1421.6029484383762,40871252.681850374,1.3408289073373452,1.6195412449454216,0.52210546047108,1.6195412449454216,0.017724072587216252,0,0,0,nan,nan,11616.713405225426,586.7309471661983,1,
12,10000.0,300.0,1.0,BASELINE,none,1000000000.0,0,1421.6029484383762,40871252.681850374,1.3408289073373452,1.6195412449454216,0.52210546047108,1.6195412449454216,0.017724072587216252,0,0,0,nan,nan,11616.713405225426,586.7309471661983,1,
13,10000.0,300.0,1.0,BASELINE,none,1000000000.0,0,1421.6029484383762,40871252.681850374,1.3408289073373452,1.6195412449454216,0.52210546047108,1.6195412449454216,0.017724072587216252,0,0,0,nan,nan,11616.713405225426,586.7309471661983,1,
14,10000.0,300.0,1.0,BASELINE,none,1000000000.0,0,1421.6029484383762,40871252.681850374,1.3408289073373452,1.6195412449454216,0.52210546047108,1.6195412449454216,0.017724072587216252,0,0,0,nan,nan,11616.713405225426,586.7309471661983,1,
15,10000.0,300.0,1.0,BASELINE,none,1000000000.0,0,1421.6029484383762,40871252.681850374,1.3408289073373452,1.6195412449454216,0.52210546047108,1.6195412449454216,0.017724072587216252,0,0,0,nan,nan,11616.713405225426,586.7309471661983,1,
16,10000.0,300.0,1.0,BASELINE,none,1000000000.0,0,1421.6029484383762,40871252.681850374,1.3408289073373452,1.6195412449454216,0.52210546047108,1.6195412449454216,0.017724072587216252,0,0,0,nan,nan,11616.713405225426,586.7309471661983,1,
17,10000.0,300.0,1.0,BASELINE,none,1000000000.0,0,1421.6029484383762,40871252.681850374,1.3408289073373452,1.6195412449454216,0.52210546047108,1.6195412449454216,0.017724072587216252,0,0,0,nan,nan,11616.713405225426,586.7309471661983,1,
18,10000.0,300.0,1.0,BASELINE,none,1000000000.0,0,1421.6029484383762,40871252.681850374,1.3408289073373452,1.6195412449454216,0.52210546047108,1.6195412449454216,0.017724072587216252,0,0,0,nan,nan,11616.713405225426,586.7309471661983,1,
19,10000.0,300.0,1.0,BASELINE,none,1000000000.0,0,1421.6029484383762,40871252.681850374,1.3408289073373452,1.6195412449454216,0.52210546047108,1.6195412449454216,0.017724072587216252,0,0,0,nan,nan,11616.713405225426,586.7309471661983,1,
0,10000.0,300.0,1.0,CLASSICAL_KAPPA,oracle,1000000000.0,0,1421.6029484383762,40871252.681850374,1.3408289073373452,1.6195412449454216,0.52210546047108,1.6195412449454216,0.017724072587216252,0,0,0,nan,nan,11616.713405225426,586.7309471661983,1,
1,10000.0,300.0,1.0,CLASSICAL_KAPPA,oracle,1000000000.0,0,1421.6029484383762,40871252.681850374,1.3408289073373452,1.6195412449454216,0.52210546047108,1.6195412449454216,0.017724072587216252,0,0,0,nan,nan,11616.713405225426,586.7309471661983,1,
2,10000.0,300.0,1.0,CLASSICAL_KAPPA,oracle,1000000000.0,0,1421.6029484383762,40871252.681850374,1.3408289073373452,1.6195412449454216,0.52210546047108,1.6195412449454216,0.017724072587216252,0,0,0,nan,nan,11616.713405225426,586.7309471661983,1,
3,10000.0,300.0,1.0,CLASSICAL_KAPPA,oracle,1000000000.0,0,1421.6029484383762,40871252.681850374,1.3408289073373452,1.6195412449454216,0.52210546047108,1.6195412449454216,0.017724072587216252,0,0,0,nan,nan,11616.713405225426,586.7309471661983,1,
4,10000.0,300.0,1.0,CLASSICAL_KAPPA,oracle,1000000000.0,0,1421.6029484383762,40871252.681850374,1.3408289073373452,1.6195412449454216,0.52210546047108,1.6195412449454216,0.017724072587216252,0,0,0,nan,nan,11616.713405225426,586.7309471661983,1,
5,10000.0,300.0,1.0,CLASSICAL_KAPPA,oracle,1000000000.0,0,1421.6029484383762,40871252.681850374,1.3408289073373452,1.6195412449454216,0.52210546047108,1.6195412449454216,0.017724072587216252,0,0,0,nan,nan,11616.713405225426,586.7309471661983,1,
6,10000.0,300.0,1.0,CLASSICAL_KAPPA,oracle,1000000000.0,0,1421.6029484383762,40871252.681850374,1.3408289073373452,1.6195412449454216,0.52210546047108,1.6195412449454216,0.017724072587216252,0,0,0,nan,nan,11616.713405225426,586.7309471661983,1,
7,10000.0,300.0,1.0,CLASSICAL_KAPPA,oracle,1000000000.0,0,1421.6029484383762,40871252.681850374,1.3408289073373452,1.6195412449454216,0.52210546047108,1.6195412449454216,0.017724072587216252,0,0,0,nan,nan,11616.713405225426,586.7309471661983,1,
8,10000.0,300.0,1.0,CLASSICAL_KAPPA,oracle,1000000000.0,0,1421.6029484383762,40871252.681850374,1.3408289073373452,1.6195412449454216,0.52210546047108,1.6195412449454216,0.017724072587216252,0,0,0,nan,nan,11616.713405225426,586.7309471661983,1,
9,10000.0,300.0,1.0,CLASSICAL_KAPPA,oracle,1000000000.0,0,1421.6029484383762,40871252.681850374,1.3408289073373452,1.6195412449454216,0.52210546047108,1.6195412449454216,0.017724072587216252,0,0,0,nan,nan,11616.713405225426,586.7309471661983,1,
10,10000.0,300.0,1.0,CLASSICAL_KAPPA,oracle,1000000000.0,0,1421.6029484383762,40871252.681850374,1.3408289073373452,1.6195412449454216,0.52210546047108,1.6195412449454216,0.017724072587216252,0,0,0,nan,nan,11616.713405225426,586.7309471661983,1,
11,10000.0,300.0,1.0,CLASSICAL_KAPPA,oracle,1000000000.0,0,1421.6029484383762,40871252.681850374,1.3408289073373452,1.6195412449454216,0.52210546047108,1.6195412449454216,0.017724072587216252,0,0,0,nan,nan,11616.713405225426,586.7309471661983,1,
12,10000.0,300.0,1.0,CLASSICAL_KAPPA,oracle,1000000000.0,0,1421.6029484383762,40871252.681850374,1.3408289073373452,1.6195412449454216,0.52210546047108,1.6195412449454216,0.017724072587216252,0,0,0,nan,nan,11616.713405225426,586.7309471661983,1,
13,10000.0,300.0,1.0,CLASSICAL_KAPPA,oracle,1000000000.0,0,1421.6029484383762,40871252.681850374,1.3408289073373452,1.6195412449454216,0.52210546047108,1.6195412449454216,0.017724072587216252,0,0,0,nan,nan,11616.713405225426,586.7309471661983,1,
14,10000.0,300.0,1.0,CLASSICAL_KAPPA,oracle,1000000000.0,0,1421.6029484383762,40871252.681850374,1.3408289073373452,1.6195412449454216,0.52210546047108,1.6195412449454216,0.017724072587216252,0,0,0,nan,nan,11616.713405225426,586.7309471661983,1,
15,10000.0,300.0,1.0,CLASSICAL_KAPPA,oracle,1000000000.0,0,1421.6029484383762,40871252.681850374,1.3408289073373452,1.6195412449454216,0.52210546047108,1.6195412449454216,0.017724072587216252,0,0,0,nan,nan,11616.713405225426,586.7309471661983,1,
16,10000.0,300.0,1.0,CLASSICAL_KAPPA,oracle,1000000000.0,0,1421.6029484383762,40871252.681850374,1.3408289073373452,1.6195412449454216,0.52210546047108,1.6195412449454216,0.017724072587216252,0,0,0,nan,nan,11616.713405225426,586.7309471661983,1,
17,10000.0,300.0,1.0,CLASSICAL_KAPPA,oracle,1000000000.0,0,1421.6029484383762,40871252.681850374,1.3408289073373452,1.6195412449454216,0.52210546047108,1.6195412449454216,0.017724072587216252,0,0,0,nan,nan,11616.713405225426,586.7309471661983,1,
18,10000.0,300.0,1.0,CLASSICAL_KAPPA,oracle,1000000000.0,0,1421.6029484383762,40871252.681850374,1.3408289073373452,1.6195412449454216,0.52210546047108,1.6195412449454216,0.017724072587216252,0,0,0,nan,nan,11616.713405225426,586.7309471661983,1,
19,10000.0,300.0,1.0,CLASSICAL_KAPPA,oracle,1000000000.0,0,1421.6029484383762,40871252.681850374,1.3408289073373452,1.6195412449454216,0.52210546047108,1.6195412449454216,0.017724072587216252,0,0,0,nan,nan,11616.713405225426,586.7309471661983,1,
0,10000.0,300.0,1.0,TECS_MRAC,none,1000000000.0,0,1441.090834211558,44632691.69172327,3.891747289974233,2.7732172016619634,0.46862730836018784,2.7732172016619634,0.018441147985265294,0,0,0,nan,nan,11636.201290998608,586.7364537515691,1,
1,10000.0,300.0,1.0,TECS_MRAC,none,1000000000.0,0,1441.090834211558,44632691.69172327,3.891747289974233,2.7732172016619634,0.46862730836018784,2.7732172016619634,0.018441147985265294,0,0,0,nan,nan,11636.201290998608,586.7364537515691,1,
2,10000.0,300.0,1.0,TECS_MRAC,none,1000000000.0,0,1441.090834211558,44632691.69172327,3.891747289974233,2.7732172016619634,0.46862730836018784,2.7732172016619634,0.018441147985265294,0,0,0,nan,nan,11636.201290998608,586.7364537515691,1,
3,10000.0,300.0,1.0,TECS_MRAC,none,1000000000.0,0,1441.090834211558,44632691.69172327,3.891747289974233,2.7732172016619634,0.46862730836018784,2.7732172016619634,0.018441147985265294,0,0,0,nan,nan,11636.201290998608,586.7364537515691,1,
4,10000.0,300.0,1.0,TECS_MRAC,none,1000000000.0,0,1441.090834211558,44632691.69172327,3.891747289974233,2.7732172016619634,0.46862730836018784,2.7732172016619634,0.018441147985265294,0,0,0,nan,nan,11636.201290998608,586.7364537515691,1,
5,10000.0,300.0,1.0,TECS_MRAC,none,1000000000.0,0,1441.090834211558,44632691.69172327,3.891747289974233,2.7732172016619634,0.46862730836018784,2.7732172016619634,0.018441147985265294,0,0,0,nan,nan,11636.201290998608,586.7364537515691,1,
6,10000.0,300.0,1.0,TECS_MRAC,none,1000000000.0,0,1441.090834211558,44632691.69172327,3.891747289974233,2.7732172016619634,0.46862730836018784,2.7732172016619634,0.018441147985265294,0,0,0,nan,nan,11636.201290998608,586.7364537515691,1,
7,10000.0,300.0,1.0,TECS_MRAC,none,1000000000.0,0,1441.090834211558,44632691.69172327,3.891747289974233,2.7732172016619634,0.46862730836018784,2.7732172016619634,0.018441147985265294,0,0,0,nan,nan,11636.201290998608,586.7364537515691,1,
8,10000.0,300.0,1.0,TECS_MRAC,none,1000000000.0,0,1441.090834211558,44632691.69172327,3.891747289974233,2.7732172016619634,0.46862730836018784,2.7732172016619634,0.018441147985265294,0,0,0,nan,nan,11636.201290998608,586.7364537515691,1,
9,10000.0,300.0,1.0,TECS_MRAC,none,1000000000.0,0,1441.090834211558,44632691.69172327,3.891747289974233,2.7732172016619634,0.46862730836018784,2.7732172016619634,0.018441147985265294,0,0,0,nan,nan,11636.201290998608,586.7364537515691,1,
10,10000.0,300.0,1.0,TECS_MRAC,none,1000000000.0,0,1441.090834211558,44632691.69172327,3.891747289974233,2.7732172016619634,0.46862730836018784,2.7732172016619634,0.018441147985265294,0,0,0,nan,nan,11636.201290998608,586.7364537515691,1,
11,10000.0,300.0,1.0,TECS_MRAC,none,1000000000.0,0,1441.090834211558,44632691.69172327,3.891747289974233,2.7732172016619634,0.46862730836018784,2.7732172016619634,0.018441147985265294,0,0,0,nan,nan,11636.201290998608,586.7364537515691,1,
12,10000.0,300.0,1.0,TECS_MRAC,none,1000000000.0,0,1441.090834211558,44632691.69172327,3.891747289974233,2.7732172016619634,0.46862730836018784,2.7732172016619634,0.018441147985265294,0,0,0,nan,nan,11636.201290998608,586.7364537515691,1,
13,10000.0,300.0,1.0,TECS_MRAC,none,1000000000.0,0,1441.090834211558,44632691.69172327,3.891747289974233,2.7732172016619634,0.46862730836018784,2.7732172016619634,0.018441147985265294,0,0,0,nan,nan,11636.201290998608,586.7364537515691,1,
14,10000.0,300.0,1.0,TECS_MRAC,none,1000000000.0,0,1441.090834211558,44632691.69172327,3.891747289974233,2.7732172016619634,0.46862730836018784,2.7732172016619634,0.018441147985265294,0,0,0,nan,nan,11636.201290998608,586.7364537515691,1,
15,10000.0,300.0,1.0,TECS_MRAC,none,1000000000.0,0,1441.090834211558,44632691.69172327,3.891747289974233,2.7732172016619634,0.46862730836018784,2.7732172016619634,0.018441147985265294,0,0,0,nan,nan,11636.201290998608,586.7364537515691,1,
16,10000.0,300.0,1.0,TECS_MRAC,none,1000000000.0,0,1441.090834211558,44632691.69172327,3.891747289974233,2.7732172016619634,0.46862730836018784,2.7732172016619634,0.018441147985265294,0,0,0,nan,nan,11636.201290998608,586.7364537515691,1,
17,10000.0,300.0,1.0,TECS_MRAC,none,1000000000.0,0,1441.090834211558,44632691.69172327,3.891747289974233,2.7732172016619634,0.46862730836018784,2.7732172016619634,0.018441147985265294,0,0,0,nan,nan,11636.201290998608,586.7364537515691,1,
18,10000.0,300.0,1.0,TECS_MRAC,none,1000000000.0,0,1441.090834211558,44632691.69172327,3.891747289974233,2.7732172016619634,0.46862730836018784,2.7732172016619634,0.018441147985265294,0,0,0,nan,nan,11636.201290998608,586.7364537515691,1,
19,10000.0,300.0,1.0,TECS_MRAC,none,1000000000.0,0,1441.090834211558,44632691.69172327,3.891747289974233,2.7732172016619634,0.46862730836018784,2.7732172016619634,0.018441147985265294,0,0,0,nan,nan,11636.201290998608,586.7364537515691,1,
0,10000.0,300.0,1.0,HYBRID,oracle,1000000000.0,0,1441.090834211558,44632691.69172327,3.891747289974233,2.7732172016619634,0.46862730836018784,2.7732172016619634,0.018441147985265294,0,0,0,nan,nan,11636.201290998608,586.7364537515691,1,
1,10000.0,300.0,1.0,HYBRID,oracle,1000000000.0,0,1441.090834211558,44632691.69172327,3.891747289974233,2.7732172016619634,0.46862730836018784,2.7732172016619634,0.018441147985265294,0,0,0,nan,nan,11636.201290998608,586.7364537515691,1,
2,10000.0,300.0,1.0,HYBRID,oracle,1000000000.0,0,1441.090834211558,44632691.69172327,3.891747289974233,2.7732172016619634,0.46862730836018784,2.7732172016619634,0.018441147985265294,0,0,0,nan,nan,11636.201290998608,586.7364537515691,1,
3,10000.0,300.0,1.0,HYBRID,oracle,1000000000.0,0,1441.090834211558,44632691.69172327,3.891747289974233,2.7732172016619634,0.46862730836018784,2.7732172016619634,0.018441147985265294,0,0,0,nan,nan,11636.201290998608,586.7364537515691,1,
4,10000.0,300.0,1.0,HYBRID,oracle,1000000000.0,0,1441.090834211558,44632691.69172327,3.891747289974233,2.7732172016619634,0.46862730836018784,2.7732172016619634,0.018441147985265294,0,0,0,nan,nan,11636.201290998608,586.7364537515691,1,
5,10000.0,300.0,1.0,HYBRID,oracle,1000000000.0,0,1441.090834211558,44632691.69172327,3.891747289974233,2.7732172016619634,0.46862730836018784,2.7732172016619634,0.018441147985265294,0,0,0,nan,nan,11636.201290998608,586.7364537515691,1,
6,10000.0,300.0,1.0,HYBRID,oracle,1000000000.0,0,1441.090834211558,44632691.69172327,3.891747289974233,2.7732172016619634,0.46862730836018784,2.7732172016619634,0.018441147985265294,0,0,0,nan,nan,11636.201290998608,586.7364537515691,1,
7,10000.0,300.0,1.0,HYBRID,oracle,1000000000.0,0,1441.090834211558,44632691.69172327,3.891747289974233,2.7732172016619634,0.46862730836018784,2.7732172016619634,0.018441147985265294,0,0,0,nan,nan,11636.201290998608,586.7364537515691,1,
8,10000.0,300.0,1.0,HYBRID,oracle,1000000000.0,0,1441.090834211558,44632691.69172327,3.891747289974233,2.7732172016619634,0.46862730836018784,2.7732172016619634,0.018441147985265294,0,0,0,nan,nan,11636.201290998608,586.7364537515691,1,
9,10000.0,300.0,1.0,HYBRID,oracle,1000000000.0,0,1441.090834211558,44632691.69172327,3.891747289974233,2.7732172016619634,0.46862730836018784,2.7732172016619634,0.018441147985265294,0,0,0,nan,nan,11636.201290998608,586.7364537515691,1,
10,10000.0,300.0,1.0,HYBRID,oracle,1000000000.0,0,1441.090834211558,44632691.69172327,3.891747289974233,2.7732172016619634,0.46862730836018784,2.7732172016619634,0.018441147985265294,0,0,0,nan,nan,11636.201290998608,586.7364537515691,1,
11,10000.0,300.0,1.0,HYBRID,oracle,1000000000.0,0,1441.090834211558,44632691.69172327,3.891747289974233,2.7732172016619634,0.46862730836018784,2.7732172016619634,0.018441147985265294,0,0,0,nan,nan,11636.201290998608,586.7364537515691,1,
12,10000.0,300.0,1.0,HYBRID,oracle,1000000000.0,0,1441.090834211558,44632691.69172327,3.891747289974233,2.7732172016619634,0.46862730836018784,2.7732172016619634,0.018441147985265294,0,0,0,nan,nan,11636.201290998608,586.7364537515691,1,
13,10000.0,300.0,1.0,HYBRID,oracle,1000000000.0,0,1441.090834211558,44632691.69172327,3.891747289974233,2.7732172016619634,0.46862730836018784,2.7732172016619634,0.018441147985265294,0,0,0,nan,nan,11636.201290998608,586.7364537515691,1,
14,10000.0,300.0,1.0,HYBRID,oracle,1000000000.0,0,1441.090834211558,44632691.69172327,3.891747289974233,2.7732172016619634,0.46862730836018784,2.7732172016619634,0.018441147985265294,0,0,0,nan,nan,11636.201290998608,586.7364537515691,1,
15,10000.0,300.0,1.0,HYBRID,oracle,1000000000.0,0,1441.090834211558,44632691.69172327,3.891747289974233,2.7732172016619634,0.46862730836018784,2.7732172016619634,0.018441147985265294,0,0,0,nan,nan,11636.201290998608,586.7364537515691,1,
16,10000.0,300.0,1.0,HYBRID,oracle,1000000000.0,0,1441.090834211558,44632691.69172327,3.891747289974233,2.7732172016619634,0.46862730836018784,2.7732172016619634,0.018441147985265294,0,0,0,nan,nan,11636.201290998608,586.7364537515691,1,
17,10000.0,300.0,1.0,HYBRID,oracle,1000000000.0,0,1441.090834211558,44632691.69172327,3.891747289974233,2.7732172016619634,0.46862730836018784,2.7732172016619634,0.018441147985265294,0,0,0,nan,nan,11636.201290998608,586.7364537515691,1,
18,10000.0,300.0,1.0,HYBRID,oracle,1000000000.0,0,1441.090834211558,44632691.69172327,3.891747289974233,2.7732172016619634,0.46862730836018784,2.7732172016619634,0.018441147985265294,0,0,0,nan,nan,11636.201290998608,586.7364537515691,1,
19,10000.0,300.0,1.0,HYBRID,oracle,1000000000.0,0,1441.090834211558,44632691.69172327,3.891747289974233,2.7732172016619634,0.46862730836018784,2.7732172016619634,0.018441147985265294,0,0,0,nan,nan,11636.201290998608,586.7364537515691,1,
0,10000.0,300.0,1.0,FULL_STACK,oracle,1000000000.0,0,1441.090834211558,44632691.69172327,3.891747289974233,2.7732172016619634,0.46862730836018784,2.7732172016619634,0.018441147985265294,0,0,0,nan,nan,11636.201290998608,586.7364537515691,1,
1,10000.0,300.0,1.0,FULL_STACK,oracle,1000000000.0,0,1441.090834211558,44632691.69172327,3.891747289974233,2.7732172016619634,0.46862730836018784,2.7732172016619634,0.018441147985265294,0,0,0,nan,nan,11636.201290998608,586.7364537515691,1,
2,10000.0,300.0,1.0,FULL_STACK,oracle,1000000000.0,0,1441.090834211558,44632691.69172327,3.891747289974233,2.7732172016619634,0.46862730836018784,2.7732172016619634,0.018441147985265294,0,0,0,nan,nan,11636.201290998608,586.7364537515691,1,
3,10000.0,300.0,1.0,FULL_STACK,oracle,1000000000.0,0,1441.090834211558,44632691.69172327,3.891747289974233,2.7732172016619634,0.46862730836018784,2.7732172016619634,0.018441147985265294,0,0,0,nan,nan,11636.201290998608,586.7364537515691,1,
4,10000.0,300.0,1.0,FULL_STACK,oracle,1000000000.0,0,1441.090834211558,44632691.69172327,3.891747289974233,2.7732172016619634,0.46862730836018784,2.7732172016619634,0.018441147985265294,0,0,0,nan,nan,11636.201290998608,586.7364537515691,1,
5,10000.0,300.0,1.0,FULL_STACK,oracle,1000000000.0,0,1441.090834211558,44632691.69172327,3.891747289974233,2.7732172016619634,0.46862730836018784,2.7732172016619634,0.018441147985265294,0,0,0,nan,nan,11636.201290998608,586.7364537515691,1,
6,10000.0,300.0,1.0,FULL_STACK,oracle,1000000000.0,0,1441.090834211558,44632691.69172327,3.891747289974233,2.7732172016619634,0.46862730836018784,2.7732172016619634,0.018441147985265294,0,0,0,nan,nan,11636.201290998608,586.7364537515691,1,
7,10000.0,300.0,1.0,FULL_STACK,oracle,1000000000.0,0,1441.090834211558,44632691.69172327,3.891747289974233,2.7732172016619634,0.46862730836018784,2.7732172016619634,0.018441147985265294,0,0,0,nan,nan,11636.201290998608,586.7364537515691,1,
8,10000.0,300.0,1.0,FULL_STACK,oracle,1000000000.0,0,1441.090834211558,44632691.69172327,3.891747289974233,2.7732172016619634,0.46862730836018784,2.7732172016619634,0.018441147985265294,0,0,0,nan,nan,11636.201290998608,586.7364537515691,1,
9,10000.0,300.0,1.0,FULL_STACK,oracle,1000000000.0,0,1441.090834211558,44632691.69172327,3.891747289974233,2.7732172016619634,0.46862730836018784,2.7732172016619634,0.018441147985265294,0,0,0,nan,nan,11636.201290998608,586.7364537515691,1,
10,10000.0,300.0,1.0,FULL_STACK,oracle,1000000000.0,0,1441.090834211558,44632691.69172327,3.891747289974233,2.7732172016619634,0.46862730836018784,2.7732172016619634,0.018441147985265294,0,0,0,nan,nan,11636.201290998608,586.7364537515691,1,
11,10000.0,300.0,1.0,FULL_STACK,oracle,1000000000.0,0,1441.090834211558,44632691.69172327,3.891747289974233,2.7732172016619634,0.46862730836018784,2.7732172016619634,0.018441147985265294,0,0,0,nan,nan,11636.201290998608,586.7364537515691,1,
12,10000.0,300.0,1.0,FULL_STACK,oracle,1000000000.0,0,1441.090834211558,44632691.69172327,3.891747289974233,2.7732172016619634,0.46862730836018784,2.7732172016619634,0.018441147985265294,0,0,0,nan,nan,11636.201290998608,586.7364537515691,1,
13,10000.0,300.0,1.0,FULL_STACK,oracle,1000000000.0,0,1441.090834211558,44632691.69172327,3.891747289974233,2.7732172016619634,0.46862730836018784,2.7732172016619634,0.018441147985265294,0,0,0,nan,nan,11636.201290998608,586.7364537515691,1,
14,10000.0,300.0,1.0,FULL_STACK,oracle,1000000000.0,0,1441.090834211558,44632691.69172327,3.891747289974233,2.7732172016619634,0.46862730836018784,2.7732172016619634,0.018441147985265294,0,0,0,nan,nan,11636.201290998608,586.7364537515691,1,
15,10000.0,300.0,1.0,FULL_STACK,oracle,1000000000.0,0,1441.090834211558,44632691.69172327,3.891747289974233,2.7732172016619634,0.46862730836018784,2.7732172016619634,0.018441147985265294,0,0,0,nan,nan,11636.201290998608,586.7364537515691,1,
16,10000.0,300.0,1.0,FULL_STACK,oracle,1000000000.0,0,1441.090834211558,44632691.69172327,3.891747289974233,2.7732172016619634,0.46862730836018784,2.7732172016619634,0.018441147985265294,0,0,0,nan,nan,11636.201290998608,586.7364537515691,1,
17,10000.0,300.0,1.0,FULL_STACK,oracle,1000000000.0,0,1441.090834211558,44632691.69172327,3.891747289974233,2.7732172016619634,0.46862730836018784,2.7732172016619634,0.018441147985265294,0,0,0,nan,nan,11636.201290998608,586.7364537515691,1,
18,10000.0,300.0,1.0,FULL_STACK,oracle,1000000000.0,0,1441.090834211558,44632691.69172327,3.891747289974233,2.7732172016619634,0.46862730836018784,2.7732172016619634,0.018441147985265294,0,0,0,nan,nan,11636.201290998608,586.7364537515691,1,
19,10000.0,300.0,1.0,FULL_STACK,oracle,1000000000.0,0,1441.090834211558,44632691.69172327,3.891747289974233,2.7732172016619634,0.46862730836018784,2.7732172016619634,0.018441147985265294,0,0,0,nan,nan,11636.201290998608,586.7364537515691,1,
0,10000.0,300.0,0.8,BASELINE,none,15.0,0,1427.6840929873288,41248343.74029961,1.3408289073373452,1.6195412449454216,0.5210623120304486,1.6195412449454216,0.02491359587030915,0,0,0,nan,0.20000000000002008,11622.794549774379,586.6653276854373,1,
1,10000.0,300.0,0.8,BASELINE,none,15.0,0,1427.6840929873288,41248343.74029961,1.3408289073373452,1.6195412449454216,0.5210623120304486,1.6195412449454216,0.02491359587030915,0,0,0,nan,0.20000000000002008,11622.794549774379,586.6653276854373,1,
2,10000.0,300.0,0.8,BASELINE,none,15.0,0,1427.6840929873288,41248343.74029961,1.3408289073373452,1.6195412449454216,0.5210623120304486,1.6195412449454216,0.02491359587030915,0,0,0,nan,0.20000000000002008,11622.794549774379,586.6653276854373,1,
3,10000.0,300.0,0.8,BASELINE,none,15.0,0,1427.6840929873288,41248343.74029961,1.3408289073373452,1.6195412449454216,0.5210623120304486,1.6195412449454216,0.02491359587030915,0,0,0,nan,0.20000000000002008,11622.794549774379,586.6653276854373,1,
4,10000.0,300.0,0.8,BASELINE,none,15.0,0,1427.6840929873288,41248343.74029961,1.3408289073373452,1.6195412449454216,0.5210623120304486,1.6195412449454216,0.02491359587030915,0,0,0,nan,0.20000000000002008,11622.794549774379,586.6653276854373,1,
5,10000.0,300.0,0.8,BASELINE,none,15.0,0,1427.6840929873288,41248343.74029961,1.3408289073373452,1.6195412449454216,0.5210623120304486,1.6195412449454216,0.02491359587030915,0,0,0,nan,0.20000000000002008,11622.794549774379,586.6653276854373,1,
6,10000.0,300.0,0.8,BASELINE,none,15.0,0,1427.6840929873288,41248343.74029961,1.3408289073373452,1.6195412449454216,0.5210623120304486,1.6195412449454216,0.02491359587030915,0,0,0,nan,0.20000000000002008,11622.794549774379,586.6653276854373,1,
7,10000.0,300.0,0.8,BASELINE,none,15.0,0,1427.6840929873288,41248343.74029961,1.3408289073373452,1.6195412449454216,0.5210623120304486,1.6195412449454216,0.02491359587030915,0,0,0,nan,0.20000000000002008,11622.794549774379,586.6653276854373,1,
8,10000.0,300.0,0.8,BASELINE,none,15.0,0,1427.6840929873288,41248343.74029961,1.3408289073373452,1.6195412449454216,0.5210623120304486,1.6195412449454216,0.02491359587030915,0,0,0,nan,0.20000000000002008,11622.794549774379,586.6653276854373,1,
9,10000.0,300.0,0.8,BASELINE,none,15.0,0,1427.6840929873288,41248343.74029961,1.3408289073373452,1.6195412449454216,0.5210623120304486,1.6195412449454216,0.02491359587030915,0,0,0,nan,0.20000000000002008,11622.794549774379,586.6653276854373,1,
10,10000.0,300.0,0.8,BASELINE,none,15.0,0,1427.6840929873288,41248343.74029961,1.3408289073373452,1.6195412449454216,0.5210623120304486,1.6195412449454216,0.02491359587030915,0,0,0,nan,0.20000000000002008,11622.794549774379,586.6653276854373,1,
11,10000.0,300.0,0.8,BASELINE,none,15.0,0,1427.6840929873288,41248343.74029961,1.3408289073373452,1.6195412449454216,0.5210623120304486,1.6195412449454216,0.02491359587030915,0,0,0,nan,0.20000000000002008,11622.794549774379,586.6653276854373,1,
12,10000.0,300.0,0.8,BASELINE,none,15.0,0,1427.6840929873288,41248343.74029961,1.3408289073373452,1.6195412449454216,0.5210623120304486,1.6195412449454216,0.02491359587030915,0,0,0,nan,0.20000000000002008,11622.794549774379,586.6653276854373,1,
13,10000.0,300.0,0.8,BASELINE,none,15.0,0,1427.6840929873288,41248343.74029961,1.3408289073373452,1.6195412449454216,0.5210623120304486,1.6195412449454216,0.02491359587030915,0,0,0,nan,0.20000000000002008,11622.794549774379,586.6653276854373,1,
14,10000.0,300.0,0.8,BASELINE,none,15.0,0,1427.6840929873288,41248343.74029961,1.3408289073373452,1.6195412449454216,0.5210623120304486,1.6195412449454216,0.02491359587030915,0,0,0,nan,0.20000000000002008,11622.794549774379,586.6653276854373,1,
15,10000.0,300.0,0.8,BASELINE,none,15.0,0,1427.6840929873288,41248343.74029961,1.3408289073373452,1.6195412449454216,0.5210623120304486,1.6195412449454216,0.02491359587030915,0,0,0,nan,0.20000000000002008,11622.794549774379,586.6653276854373,1,
16,10000.0,300.0,0.8,BASELINE,none,15.0,0,1427.6840929873288,41248343.74029961,1.3408289073373452,1.6195412449454216,0.5210623120304486,1.6195412449454216,0.02491359587030915,0,0,0,nan,0.20000000000002008,11622.794549774379,586.6653276854373,1,
17,10000.0,300.0,0.8,BASELINE,none,15.0,0,1427.6840929873288,41248343.74029961,1.3408289073373452,1.6195412449454216,0.5210623120304486,1.6195412449454216,0.02491359587030915,0,0,0,nan,0.20000000000002008,11622.794549774379,586.6653276854373,1,
18,10000.0,300.0,0.8,BASELINE,none,15.0,0,1427.6840929873288,41248343.74029961,1.3408289073373452,1.6195412449454216,0.5210623120304486,1.6195412449454216,0.02491359587030915,0,0,0,nan,0.20000000000002008,11622.794549774379,586.6653276854373,1,
19,10000.0,300.0,0.8,BASELINE,none,15.0,0,1427.6840929873288,41248343.74029961,1.3408289073373452,1.6195412449454216,0.5210623120304486,1.6195412449454216,0.02491359587030915,0,0,0,nan,0.20000000000002008,11622.794549774379,586.6653276854373,1,
0,10000.0,300.0,0.8,CLASSICAL_KAPPA,oracle,15.0,0,1421.6046044267714,40868817.42127333,1.3408289073373452,1.6195412449454216,0.5223485112978107,1.6195412449454216,0.02492128357496205,0,0,0,0.5166666666657882,0.011088114930509768,11616.715061213821,586.7307400987003,1,
1,10000.0,300.0,0.8,CLASSICAL_KAPPA,oracle,15.0,0,1421.6014214493334,40868785.84410432,1.3408289073373452,1.6195412449454216,0.5230679765372191,1.6195412449454216,0.024920304067934104,0,0,0,0.5333333333324539,0.01104663365023696,11616.711878236383,586.7308317432299,1,
2,10000.0,300.0,0.8,CLASSICAL_KAPPA,oracle,15.0,0,1421.580040242523,40868033.083625175,1.3408289073373452,1.6195412449454216,0.5221137754516002,1.6195412449454216,0.0249191381732719,0,0,0,0.5499999999991196,0.011073541013651553,11616.690497029573,586.7311776096876,1,
3,10000.0,300.0,0.8,CLASSICAL_KAPPA,oracle,15.0,0,1421.5707489028573,40867977.648196444,1.3408289073373452,1.6195412449454216,0.5213157379746653,1.6195412449454216,0.024919483551413633,0,0,0,0.48333333333245676,0.011088381026682066,11616.681205689907,586.7310529648544,1,
4,10000.0,300.0,0.8,CLASSICAL_KAPPA,oracle,15.0,0,1421.5709169656038,40868060.185510494,1.3408289073373452,1.6195412449454216,0.5216875192596927,1.6195412449454216,0.024920582664208404,0,0,0,0.5583333333324525,0.011009479298288195,11616.681373752654,586.7313824628621,1,
5,10000.0,300.0,0.8,CLASSICAL_KAPPA,oracle,15.0,0,1421.5952055938542,40869838.54165782,1.3408289073373452,1.6195412449454216,0.5217855350161409,1.6195412449454216,0.024920386381957278,0,0,0,0.5833333333324511,0.011052622594422105,11616.705662380904,586.7309384938552,1,
6,10000.0,300.0,0.8,CLASSICAL_KAPPA,oracle,15.0,0,1421.550784457475,40867882.36392691,1.3408289073373452,1.6195412449454216,0.5230439801924737,1.6195412449454216,0.024918133524707925,0,0,0,0.5416666666657868,0.010995336931298021,11616.661241244525,586.7319109783597,1,
7,10000.0,300.0,0.8,CLASSICAL_KAPPA,oracle,15.0,0,1421.6169315576553,40870021.822753355,1.3408289073373452,1.6195412449454216,0.5221039451499916,1.6195412449454216,0.0249210698830316,0,0,0,0.5333333333324539,0.01096209568083975,11616.727388344705,586.7305641794628,1,
8,10000.0,300.0,0.8,CLASSICAL_KAPPA,oracle,15.0,0,1421.5991187691689,40869317.94925316,1.3408289073373452,1.6195412449454216,0.5218527856311396,1.6195412449454216,0.02492068821941791,0,0,0,0.5999999999991168,0.011090354643989093,11616.709575556219,586.7307103973149,1,
9,10000.0,300.0,0.8,CLASSICAL_KAPPA,oracle,15.0,0,1421.6109323613346,40869028.88305749,1.3408289073373452,1.6195412449454216,0.5220171640349962,1.6195412449454216,0.02492103646731251,0,0,0,0.5249999999991211,0.011245464579816683,11616.721389148384,586.7306630060641,1,
10,10000.0,300.0,0.8,CLASSICAL_KAPPA,oracle,15.0,0,1421.6112600378692,40870042.57876259,1.3408289073373452,1.6195412449454216,0.5227632959500912,1.6195412449454216,0.024920136237395578,0,0,0,0.46666666666579104,0.010892812354971844,11616.721716824919,586.730617599174,1,
11,10000.0,300.0,0.8,CLASSICAL_KAPPA,oracle,15.0,0,1421.5914600379765,40868778.91785926,1.3408289073373452,1.6195412449454216,0.5219357613117873,1.6195412449454216,0.02491908487416951,0,0,0,0.4916666666657896,0.011026653514560926,11616.701916825026,586.7309635669887,1,
12,10000.0,300.0,0.8,CLASSICAL_KAPPA,oracle,15.0,0,1421.6200334951282,40869787.6727618,1.3408289073373452,1.6195412449454216,0.5229740532668217,1.6195412449454216,0.024920292682060658,0,0,0,0.5333333333324539,0.010989891457304382,11616.730490282178,586.7305411539771,1,
13,10000.0,300.0,0.8,CLASSICAL_KAPPA,oracle,15.0,0,1421.5896614603698,40868446.15124295,1.3408289073373452,1.6195412449454216,0.5235367983066428,1.6195412449454216,0.024919148914375643,0,0,0,0.5666666666657854,0.011098831598410444,11616.70011824742,586.730990513413,1,
14,10000.0,300.0,0.8,CLASSICAL_KAPPA,oracle,15.0,0,1421.5966531820595,40869912.850622185,1.3408289073373452,1.6195412449454216,0.523217178826053,1.6195412449454216,0.02492001274697227,0,0,0,0.5166666666657882,0.011051814425222559,11616.70710996911,586.7311266539034,1,
15,10000.0,300.0,0.8,CLASSICAL_KAPPA,oracle,15.0,0,1421.5720525085926,40867717.13030799,1.3408289073373452,1.6195412449454216,0.5219907153855932,1.6195412449454216,0.024919259700807533,0,0,0,0.5416666666657868,0.011069857843941154,11616.682509295642,586.731260025909,1,
16,10000.0,300.0,0.8,CLASSICAL_KAPPA,oracle,15.0,0,1421.5951623655856,40868258.16148544,1.3408289073373452,1.6195412449454216,0.5227968565560608,1.6195412449454216,0.02492036556728626,0,0,0,0.5416666666657868,0.011066483755552615,11616.705619152635,586.730874764077,1,
17,10000.0,300.0,0.8,CLASSICAL_KAPPA,oracle,15.0,0,1421.5796016603708,40867825.08354991,1.3408289073373452,1.6195412449454216,0.5217820044695708,1.6195412449454216,0.02491927514404186,0,0,0,0.4916666666657896,0.011041562482754104,11616.69005844742,586.7310972119581,1,
18,10000.0,300.0,0.8,CLASSICAL_KAPPA,oracle,15.0,0,1421.6231689415872,40869928.87783385,1.3408289073373452,1.6195412449454216,0.5229579517546078,1.6195412449454216,0.024920699666838263,0,0,0,0.4999999999991225,0.011138122614865404,11616.733625728637,586.7306526978311,1,
19,10000.0,300.0,0.8,CLASSICAL_KAPPA,oracle,15.0,0,1421.5665481202304,40868095.00725449,1.3408289073373452,1.6195412449454216,0.5215327374930818,1.6195412449454216,0.02491946184402175,0,0,0,0.4333333333324596,0.010952901625974487,11616.67700490728,586.7312789131472,1,
0,10000.0,300.0,0.8,TECS_MRAC,none,15.0,0,1446.983358077705,44993218.40707719,3.891747289974233,2.7732172016619634,0.46804130897511337,2.7732172016619634,0.025506180228117556,0,0,0,nan,0.20000000000002008,11642.093814864755,586.670611709494,1,
1,10000.0,300.0,0.8,TECS_MRAC,none,15.0,0,1446.983358077705,44993218.40707719,3.891747289974233,2.7732172016619634,0.46804130897511337,2.7732172016619634,0.025506180228117556,0,0,0,nan,0.20000000000002008,11642.093814864755,586.670611709494,1,
2,10000.0,300.0,0.8,TECS_MRAC,none,15.0,0,1446.983358077705,44993218.40707719,3.891747289974233,2.7732172016619634,0.46804130897511337,2.7732172016619634,0.025506180228117556,0,0,0,nan,0.20000000000002008,11642.093814864755,586.670611709494,1,
3,10000.0,300.0,0.8,TECS_MRAC,none,15.0,0,1446.983358077705,44993218.40707719,3.891747289974233,2.7732172016619634,0.46804130897511337,2.7732172016619634,0.025506180228117556,0,0,0,nan,0.20000000000002008,11642.093814864755,586.670611709494,1,
4,10000.0,300.0,0.8,TECS_MRAC,none,15.0,0,1446.983358077705,44993218.40707719,3.891747289974233,2.7732172016619634,0.46804130897511337,2.7732172016619634,0.025506180228117556,0,0,0,nan,0.20000000000002008,11642.093814864755,586.670611709494,1,
5,10000.0,300.0,0.8,TECS_MRAC,none,15.0,0,1446.983358077705,44993218.40707719,3.891747289974233,2.7732172016619634,0.46804130897511337,2.7732172016619634,0.025506180228117556,0,0,0,nan,0.20000000000002008,11642.093814864755,586.670611709494,1,
6,10000.0,300.0,0.8,TECS_MRAC,none,15.0,0,1446.983358077705,44993218.40707719,3.891747289974233,2.7732172016619634,0.46804130897511337,2.7732172016619634,0.025506180228117556,0,0,0,nan,0.20000000000002008,11642.093814864755,586.670611709494,1,
7,10000.0,300.0,0.8,TECS_MRAC,none,15.0,0,1446.983358077705,44993218.40707719,3.891747289974233,2.7732172016619634,0.46804130897511337,2.7732172016619634,0.025506180228117556,0,0,0,nan,0.20000000000002008,11642.093814864755,586.670611709494,1,
8,10000.0,300.0,0.8,TECS_MRAC,none,15.0,0,1446.983358077705,44993218.40707719,3.891747289974233,2.7732172016619634,0.46804130897511337,2.7732172016619634,0.025506180228117556,0,0,0,nan,0.20000000000002008,11642.093814864755,586.670611709494,1,
9,10000.0,300.0,0.8,TECS_MRAC,none,15.0,0,1446.983358077705,44993218.40707719,3.891747289974233,2.7732172016619634,0.46804130897511337,2.7732172016619634,0.025506180228117556,0,0,0,nan,0.20000000000002008,11642.093814864755,586.670611709494,1,
10,10000.0,300.0,0.8,TECS_MRAC,none,15.0,0,1446.983358077705,44993218.40707719,3.891747289974233,2.7732172016619634,0.46804130897511337,2.7732172016619634,0.025506180228117556,0,0,0,nan,0.20000000000002008,11642.093814864755,586.670611709494,1,
11,10000.0,300.0,0.8,TECS_MRAC,none,15.0,0,1446.983358077705,44993218.40707719,3.891747289974233,2.7732172016619634,0.46804130897511337,2.7732172016619634,0.025506180228117556,0,0,0,nan,0.20000000000002008,11642.093814864755,586.670611709494,1,
12,10000.0,300.0,0.8,TECS_MRAC,none,15.0,0,1446.983358077705,44993218.40707719,3.891747289974233,2.7732172016619634,0.46804130897511337,2.7732172016619634,0.025506180228117556,0,0,0,nan,0.20000000000002008,11642.093814864755,586.670611709494,1,
13,10000.0,300.0,0.8,TECS_MRAC,none,15.0,0,1446.983358077705,44993218.40707719,3.891747289974233,2.7732172016619634,0.46804130897511337,2.7732172016619634,0.025506180228117556,0,0,0,nan,0.20000000000002008,11642.093814864755,586.670611709494,1,
14,10000.0,300.0,0.8,TECS_MRAC,none,15.0,0,1446.983358077705,44993218.40707719,3.891747289974233,2.7732172016619634,0.46804130897511337,2.7732172016619634,0.025506180228117556,0,0,0,nan,0.20000000000002008,11642.093814864755,586.670611709494,1,
15,10000.0,300.0,0.8,TECS_MRAC,none,15.0,0,1446.983358077705,44993218.40707719,3.891747289974233,2.7732172016619634,0.46804130897511337,2.7732172016619634,0.025506180228117556,0,0,0,nan,0.20000000000002008,11642.093814864755,586.670611709494,1,
16,10000.0,300.0,0.8,TECS_MRAC,none,15.0,0,1446.983358077705,44993218.40707719,3.891747289974233,2.7732172016619634,0.46804130897511337,2.7732172016619634,0.025506180228117556,0,0,0,nan,0.20000000000002008,11642.093814864755,586.670611709494,1,
17,10000.0,300.0,0.8,TECS_MRAC,none,15.0,0,1446.983358077705,44993218.40707719,3.891747289974233,2.7732172016619634,0.46804130897511337,2.7732172016619634,0.025506180228117556,0,0,0,nan,0.20000000000002008,11642.093814864755,586.670611709494,1,
18,10000.0,300.0,0.8,TECS_MRAC,none,15.0,0,1446.983358077705,44993218.40707719,3.891747289974233,2.7732172016619634,0.46804130897511337,2.7732172016619634,0.025506180228117556,0,0,0,nan,0.20000000000002008,11642.093814864755,586.670611709494,1,
19,10000.0,300.0,0.8,TECS_MRAC,none,15.0,0,1446.983358077705,44993218.40707719,3.891747289974233,2.7732172016619634,0.46804130897511337,2.7732172016619634,0.025506180228117556,0,0,0,nan,0.20000000000002008,11642.093814864755,586.670611709494,1,
0,10000.0,300.0,0.8,HYBRID,oracle,15.0,0,1441.1441883407533,44632029.66474085,3.891747289974233,2.7732172016619634,0.4689030381043386,2.7732172016619634,0.025516575234762497,0,0,0,0.5166666666657882,0.011088114930509768,11636.254645127803,586.7353590471904,1,
1,10000.0,300.0,0.8,HYBRID,oracle,15.0,0,1441.1018827967346,44631072.6889431,3.891747289974233,2.7732172016619634,0.46959416529864295,2.7732172016619634,0.025514585824228282,0,0,0,0.5333333333324539,0.01104663365023696,11636.212339583784,586.7362280974454,1,
2,10000.0,300.0,0.8,HYBRID,oracle,15.0,0,1441.1288105770946,44632011.47254817,3.891747289974233,2.7732172016619634,0.4685779602713659,2.7732172016619634,0.025515264968014317,0,0,0,0.5499999999991196,0.011073541013651553,11636.239267364144,586.7357189860385,1,
3,10000.0,300.0,0.8,HYBRID,oracle,15.0,0,1441.1180398836732,44632506.221074216,3.891747289974233,2.7732172016619634,0.46774708167177337,2.7732172016619634,0.025515534935281137,0,0,0,0.48333333333245676,0.011088381026682066,11636.228496670723,586.7357729944056,1,
4,10000.0,300.0,0.8,HYBRID,oracle,15.0,0,1441.1266521774232,44632148.84556011,3.891747289974233,2.7732172016619634,0.46813579697465063,2.7732172016619634,0.025516902085684027,0,0,0,0.5583333333324525,0.011009479298288195,11636.237108964473,586.7358323766191,1,
5,10000.0,300.0,0.8,HYBRID,oracle,15.0,0,1441.1212127394974,44632323.51901213,3.891747289974233,2.7732172016619634,0.46845496760270333,2.7732172016619634,0.025515152637498862,0,0,0,0.5833333333324511,0.011052622594422105,11636.231669526547,586.7357876190987,1,
6,10000.0,300.0,0.8,HYBRID,oracle,15.0,0,1441.1199733950198,44632604.32786112,3.891747289974233,2.7732172016619634,0.4694691581177982,2.7732172016619634,0.02551499789025599,0,0,0,0.5416666666657868,0.010995336931298021,11636.23043018207,586.7361971514839,1,
7,10000.0,300.0,0.8,HYBRID,oracle,15.0,0,1441.1010802015662,44631440.36166741,3.891747289974233,2.7732172016619634,0.46853318192788246,2.7732172016619634,0.025514561740131673,0,0,0,0.5333333333324539,0.01096209568083975,11636.211536988616,586.7361879997162,1,
8,10000.0,300.0,0.8,HYBRID,oracle,15.0,0,1441.0963149368763,44631932.78193092,3.891747289974233,2.7732172016619634,0.4683182380672731,2.7732172016619634,0.025514900148816376,0,0,0,0.5999999999991168,0.011090354643989093,11636.206771723926,586.7362153116272,1,
9,10000.0,300.0,0.8,HYBRID,oracle,15.0,0,1441.1214323304594,44632206.571676634,3.891747289974233,2.7732172016619634,0.46846529872269005,2.7732172016619634,0.025516059608497264,0,0,0,0.5249999999991211,0.011245464579816683,11636.23188911751,586.7359569439474,1,
10,10000.0,300.0,0.8,HYBRID,oracle,15.0,0,1441.1381091997027,44632080.26279585,3.891747289974233,2.7732172016619634,0.4692405290128371,2.7732172016619634,0.025515209544113994,0,0,0,0.46666666666579104,0.010892812354971844,11636.248565986753,586.735359550351,1,
11,10000.0,300.0,0.8,HYBRID,oracle,15.0,0,1441.1660662293434,44633853.93139961,3.891747289974233,2.7732172016619634,0.4685315933534592,2.7732172016619634,0.02551637501202519,0,0,0,0.4916666666657896,0.011026653514560926,11636.276523016393,586.7351475088958,1,
12,10000.0,300.0,0.8,HYBRID,oracle,15.0,0,1441.1005180217326,44631152.97392529,3.891747289974233,2.7732172016619634,0.46947034206936333,2.7732172016619634,0.025513758532491413,0,0,0,0.5333333333324539,0.010989891457304382,11636.210974808782,586.7361489194352,1,
13,10000.0,300.0,0.8,HYBRID,oracle,15.0,0,1441.1286514811218,44632912.59726353,3.891747289974233,2.7732172016619634,0.4699526891234046,2.7732172016619634,0.02551533640758888,0,0,0,0.5666666666657854,0.011098831598410444,11636.239108268172,586.7359018668906,1,
14,10000.0,300.0,0.8,HYBRID,oracle,15.0,0,1441.123881522566,44632917.55177648,3.891747289974233,2.7732172016619634,0.46977623014543934,2.7732172016619634,0.025515278758965323,0,0,0,0.5166666666657882,0.011051814425222559,11636.234338309616,586.7360161662846,1,
15,10000.0,300.0,0.8,HYBRID,oracle,15.0,0,1441.1493131145835,44632883.84029905,3.891747289974233,2.7732172016619634,0.46853923556427846,2.7732172016619634,0.02551693936559239,0,0,0,0.5416666666657868,0.011069857843941154,11636.259769901633,586.7354377212799,1,
16,10000.0,300.0,0.8,HYBRID,oracle,15.0,0,1441.1578498519957,44633223.71379328,3.891747289974233,2.7732172016619634,0.46927740906797005,2.7732172016619634,0.0255174065460133,0,0,0,0.5416666666657868,0.011066483755552615,11636.268306639045,586.7353422505321,1,
17,10000.0,300.0,0.8,HYBRID,oracle,15.0,0,1441.1728785410523,44634019.208806545,3.891747289974233,2.7732172016619634,0.46834566586229276,2.7732172016619634,0.02551744171312743,0,0,0,0.4916666666657896,0.011041562482754104,11636.283335328102,586.7350551938474,1,
18,10000.0,300.0,0.8,HYBRID,oracle,15.0,0,1441.1338371820748,44632237.92811886,3.891747289974233,2.7732172016619634,0.4694347331361813,2.7732172016619634,0.025515159111751062,0,0,0,0.4999999999991225,0.011138122614865404,11636.244293969125,586.7358129441417,1,
19,10000.0,300.0,0.8,HYBRID,oracle,15.0,0,1441.1223803646863,44632128.03280176,3.891747289974233,2.7732172016619634,0.46799002857605615,2.7732172016619634,0.025515599639883303,0,0,0,0.4333333333324596,0.010952901625974487,11636.232837151736,586.7357359365714,1,
0,10000.0,300.0,0.8,FULL_STACK,oracle,15.0,0,1469.9938537664711,47071122.43752027,3.891747289974233,2.7732172016619634,0.458452123398004,2.7732172016619634,0.025691599251311897,5325,0,0,0.5166666666657882,0.011088114930509768,11665.104310553521,586.4770790325395,1,
1,10000.0,300.0,0.8,FULL_STACK,oracle,15.0,0,1470.0467969179153,47071514.053248614,3.891747289974233,2.7732172016619634,0.4564284969692462,2.7732172016619634,0.025700119916929904,5328,0,0,0.5333333333324539,0.01104663365023696,11665.157253704965,586.4757900747696,1,
2,10000.0,300.0,0.8,FULL_STACK,oracle,15.0,0,1469.9652007296681,47070247.66849569,3.891747289974233,2.7732172016619634,0.4578603872159481,2.7732172016619634,0.02570324492838354,5329,0,0,0.5499999999991196,0.011073541013651553,11665.075657516718,586.4774364835995,1,
3,10000.0,300.0,0.8,FULL_STACK,oracle,15.0,0,1469.9918160997331,47071750.09163174,3.891747289974233,2.7732172016619634,0.4610300566695,2.7732172016619634,0.02569675334585918,5330,0,0,0.48333333333245676,0.011088381026682066,11665.102272886783,586.4780417483786,1,
4,10000.0,300.0,0.8,FULL_STACK,oracle,15.0,0,1469.9899998754263,47070198.926247075,3.891747289974233,2.7732172016619634,0.45969141634876737,2.7732172016619634,0.02570094194058017,5328,0,0,0.5583333333324525,0.011009479298288195,11665.100456662476,586.4769727815236,1,
5,10000.0,300.0,0.8,FULL_STACK,oracle,15.0,0,1469.9779143370688,47067368.29909687,3.891747289974233,2.7732172016619634,0.460172641851001,2.7732172016619634,0.025706313434322805,5327,0,0,0.5833333333324511,0.011052622594422105,11665.088371124119,586.4775676526377,1,
6,10000.0,300.0,0.8,FULL_STACK,oracle,15.0,0,1470.0054871477187,47069527.8337255,3.891747289974233,2.7732172016619634,0.45610059060454294,2.7732172016619634,0.025704324902001564,5330,0,0,0.5416666666657868,0.010995336931298021,11665.115943934768,586.4760661057128,1,
7,10000.0,300.0,0.8,FULL_STACK,oracle,15.0,0,1470.028176061809,47073258.46297289,3.891747289974233,2.7732172016619634,0.45900862665115477,2.7732172016619634,0.025702169177809556,5328,0,0,0.5333333333324539,0.01096209568083975,11665.138632848859,586.4768999582675,1,
8,10000.0,300.0,0.8,FULL_STACK,oracle,15.0,0,1470.031870443374,47070436.215070374,3.891747289974233,2.7732172016619634,0.4603386570335283,2.7732172016619634,0.025704303011497016,5321,0,0,0.5999999999991168,0.011090354643989093,11665.142327230424,586.4770233561123,1,
9,10000.0,300.0,0.8,FULL_STACK,oracle,15.0,0,1469.9532971978188,47068318.639253706,3.891747289974233,2.7732172016619634,0.45909650887727066,2.7732172016619634,0.02569682164827998,5328,0,0,0.5249999999991211,0.011245464579816683,11665.063753984869,586.4774575254091,1,
10,10000.0,300.0,0.8,FULL_STACK,oracle,15.0,0,1470.0239023715258,47074543.28276996,3.891747289974233,2.7732172016619634,0.4569270728092975,2.7732172016619634,0.02569654649908519,5330,0,0,0.46666666666579104,0.010892812354971844,11665.134359158576,586.4773581415008,1,
11,10000.0,300.0,0.8,FULL_STACK,oracle,15.0,0,1469.9345267526805,47069751.81076934,3.891747289974233,2.7732172016619634,0.45994281650318547,2.7732172016619634,0.025692284168757608,5325,0,0,0.4916666666657896,0.011026653514560926,11665.04498353973,586.4783300913857,1,
12,10000.0,300.0,0.8,FULL_STACK,oracle,15.0,0,1469.9295095428824,47069097.88375391,3.891747289974233,2.7732172016619634,0.45678754051551274,2.7732172016619634,0.02570328162425792,5331,0,0,0.5333333333324539,0.010989891457304382,11665.039966329932,586.4784213832254,1,
13,10000.0,300.0,0.8,FULL_STACK,oracle,15.0,0,1469.9955142065883,47068735.7956753,3.891747289974233,2.7732172016619634,0.4543934522859146,2.7732172016619634,0.025710916164631944,5330,0,0,0.5666666666657854,0.011098831598410444,11665.105970993638,586.4766667317778,1,
14,10000.0,300.0,0.8,FULL_STACK,oracle,15.0,0,1469.998371642083,47069878.88890038,3.891747289974233,2.7732172016619634,0.4536320882926254,2.7732172016619634,0.02569763994364882,5327,0,0,0.5166666666657882,0.011051814425222559,11665.108828429133,586.4767504014674,1,
15,10000.0,300.0,0.8,FULL_STACK,oracle,15.0,0,1469.9508370049298,47070056.69264461,3.891747289974233,2.7732172016619634,0.4588710634930748,2.7732172016619634,0.02569996820051658,5327,0,0,0.5416666666657868,0.011069857843941154,11665.06129379198,586.4778740561035,1,
16,10000.0,300.0,0.8,FULL_STACK,oracle,15.0,0,1470.015753608197,47072895.70852486,3.891747289974233,2.7732172016619634,0.4573255284058211,2.7732172016619634,0.02569757795483282,5325,0,0,0.5416666666657868,0.011066483755552615,11665.126210395247,586.4768055404385,1,
17,10000.0,300.0,0.8,FULL_STACK,oracle,15.0,0,1469.9148750975728,47068444.53367199,3.891747289974233,2.7732172016619634,0.4593616548184349,2.7732172016619634,0.025690689497153633,5329,0,0,0.4916666666657896,0.011041562482754104,11665.025331884623,586.4784563976536,1,
18,10000.0,300.0,0.8,FULL_STACK,oracle,15.0,0,1469.9527913071215,47072212.69841895,3.891747289974233,2.7732172016619634,0.45654126762650266,2.7732172016619634,0.025703443354780173,5331,0,0,0.4999999999991225,0.011138122614865404,11665.063248094171,586.4776401879811,1,
19,10000.0,300.0,0.8,FULL_STACK,oracle,15.0,0,1469.9928033836186,47072541.50107433,3.891747289974233,2.7732172016619634,0.4607237813950772,2.7732172016619634,0.025685329575732083,5325,0,0,0.4333333333324596,0.010952901625974487,11665.103260170668,586.4777299933055,1,
0,10000.0,300.0,0.6,BASELINE,none,15.0,0,1437.8115580566227,41882571.3051211,1.3408289073373452,1.6195412449454216,0.5190619203807343,1.6195412449454216,0.04045310471960483,0,0,0,nan,0.40000000000004016,11632.922014843673,586.5563833027211,1,
1,10000.0,300.0,0.6,BASELINE,none,15.0,0,1437.8115580566227,41882571.3051211,1.3408289073373452,1.6195412449454216,0.5190619203807343,1.6195412449454216,0.04045310471960483,0,0,0,nan,0.40000000000004016,11632.922014843673,586.5563833027211,1,
2,10000.0,300.0,0.6,BASELINE,none,15.0,0,1437.8115580566227,41882571.3051211,1.3408289073373452,1.6195412449454216,0.5190619203807343,1.6195412449454216,0.04045310471960483,0,0,0,nan,0.40000000000004016,11632.922014843673,586.5563833027211,1,
3,10000.0,300.0,0.6,BASELINE,none,15.0,0,1437.8115580566227,41882571.3051211,1.3408289073373452,1.6195412449454216,0.5190619203807343,1.6195412449454216,0.04045310471960483,0,0,0,nan,0.40000000000004016,11632.922014843673,586.5563833027211,1,
4,10000.0,300.0,0.6,BASELINE,none,15.0,0,1437.8115580566227,41882571.3051211,1.3408289073373452,1.6195412449454216,0.5190619203807343,1.6195412449454216,0.04045310471960483,0,0,0,nan,0.40000000000004016,11632.922014843673,586.5563833027211,1,
5,10000.0,300.0,0.6,BASELINE,none,15.0,0,1437.8115580566227,41882571.3051211,1.3408289073373452,1.6195412449454216,0.5190619203807343,1.6195412449454216,0.04045310471960483,0,0,0,nan,0.40000000000004016,11632.922014843673,586.5563833027211,1,
6,10000.0,300.0,0.6,BASELINE,none,15.0,0,1437.8115580566227,41882571.3051211,1.3408289073373452,1.6195412449454216,0.5190619203807343,1.6195412449454216,0.04045310471960483,0,0,0,nan,0.40000000000004016,11632.922014843673,586.5563833027211,1,
7,10000.0,300.0,0.6,BASELINE,none,15.0,0,1437.8115580566227,41882571.3051211,1.3408289073373452,1.6195412449454216,0.5190619203807343,1.6195412449454216,0.04045310471960483,0,0,0,nan,0.40000000000004016,11632.922014843673,586.5563833027211,1,
8,10000.0,300.0,0.6,BASELINE,none,15.0,0,1437.8115580566227,41882571.3051211,1.3408289073373452,1.6195412449454216,0.5190619203807343,1.6195412449454216,0.04045310471960483,0,0,0,nan,0.40000000000004016,11632.922014843673,586.5563833027211,1,
9,10000.0,300.0,0.6,BASELINE,none,15.0,0,1437.8115580566227,41882571.3051211,1.3408289073373452,1.6195412449454216,0.5190619203807343,1.6195412449454216,0.04045310471960483,0,0,0,nan,0.40000000000004016,11632.922014843673,586.5563833027211,1,
10,10000.0,300.0,0.6,BASELINE,none,15.0,0,1437.8115580566227,41882571.3051211,1.3408289073373452,1.6195412449454216,0.5190619203807343,1.6195412449454216,0.04045310471960483,0,0,0,nan,0.40000000000004016,11632.922014843673,586.5563833027211,1,
11,10000.0,300.0,0.6,BASELINE,none,15.0,0,1437.8115580566227,41882571.3051211,1.3408289073373452,1.6195412449454216,0.5190619203807343,1.6195412449454216,0.04045310471960483,0,0,0,nan,0.40000000000004016,11632.922014843673,586.5563833027211,1,
12,10000.0,300.0,0.6,BASELINE,none,15.0,0,1437.8115580566227,41882571.3051211,1.3408289073373452,1.6195412449454216,0.5190619203807343,1.6195412449454216,0.04045310471960483,0,0,0,nan,0.40000000000004016,11632.922014843673,586.5563833027211,1,
13,10000.0,300.0,0.6,BASELINE,none,15.0,0,1437.8115580566227,41882571.3051211,1.3408289073373452,1.6195412449454216,0.5190619203807343,1.6195412449454216,0.04045310471960483,0,0,0,nan,0.40000000000004016,11632.922014843673,586.5563833027211,1,
14,10000.0,300.0,0.6,BASELINE,none,15.0,0,1437.8115580566227,41882571.3051211,1.3408289073373452,1.6195412449454216,0.5190619203807343,1.6195412449454216,0.04045310471960483,0,0,0,nan,0.40000000000004016,11632.922014843673,586.5563833027211,1,
15,10000.0,300.0,0.6,BASELINE,none,15.0,0,1437.8115580566227,41882571.3051211,1.3408289073373452,1.6195412449454216,0.5190619203807343,1.6195412449454216,0.04045310471960483,0,0,0,nan,0.40000000000004016,11632.922014843673,586.5563833027211,1,
16,10000.0,300.0,0.6,BASELINE,none,15.0,0,1437.8115580566227,41882571.3051211,1.3408289073373452,1.6195412449454216,0.5190619203807343,1.6195412449454216,0.04045310471960483,0,0,0,nan,0.40000000000004016,11632.922014843673,586.5563833027211,1,
17,10000.0,300.0,0.6,BASELINE,none,15.0,0,1437.8115580566227,41882571.3051211,1.3408289073373452,1.6195412449454216,0.5190619203807343,1.6195412449454216,0.04045310471960483,0,0,0,nan,0.40000000000004016,11632.922014843673,586.5563833027211,1,
18,10000.0,300.0,0.6,BASELINE,none,15.0,0,1437.8115580566227,41882571.3051211,1.3408289073373452,1.6195412449454216,0.5190619203807343,1.6195412449454216,0.04045310471960483,0,0,0,nan,0.40000000000004016,11632.922014843673,586.5563833027211,1,
19,10000.0,300.0,0.6,BASELINE,none,15.0,0,1437.8115580566227,41882571.3051211,1.3408289073373452,1.6195412449454216,0.5190619203807343,1.6195412449454216,0.04045310471960483,0,0,0,nan,0.40000000000004016,11632.922014843673,586.5563833027211,1,
0,10000.0,300.0,0.6,CLASSICAL_KAPPA,oracle,15.0,0,1421.6229753419757,40868429.94401785,1.3408289073373452,1.6195412449454216,0.5224157433968469,1.6195412449454216,0.04047452578807965,0,0,0,0.3083333333324667,0.014402354110956058,11616.733432129025,586.7305453496701,1,
1,10000.0,300.0,0.6,CLASSICAL_KAPPA,oracle,15.0,0,1421.590289413929,40866469.04537526,1.3408289073373452,1.6195412449454216,0.523446510734915,1.6195412449454216,0.04047009372962028,0,0,0,0.2083333333324724,0.014359552276315593,11616.700746200979,586.7309835108904,1,
2,10000.0,300.0,0.6,CLASSICAL_KAPPA,oracle,15.0,0,1421.6039088070393,40867589.879463404,1.3408289073373452,1.6195412449454216,0.5219773691347595,1.6195412449454216,0.04047102444479051,0,0,0,0.24166666666580383,0.014387293803513774,11616.714365594089,586.7308600169548,1,
3,10000.0,300.0,0.6,CLASSICAL_KAPPA,oracle,15.0,0,1421.6532250270247,40868972.746934615,1.3408289073373452,1.6195412449454216,0.5208943788688529,1.6195412449454216,0.04047417127819118,0,0,0,0.3083333333324667,0.01440342582062199,11616.763681814075,586.7296111117571,1,
4,10000.0,300.0,0.6,CLASSICAL_KAPPA,oracle,15.0,0,1421.6048883236945,40868015.02372755,1.3408289073373452,1.6195412449454216,0.521436345729556,1.6195412449454216,0.04047481916927793,0,0,0,0.2499999999991367,0.014321489243786862,11616.715345110744,586.7309294257997,1,
5,10000.0,300.0,0.6,CLASSICAL_KAPPA,oracle,15.0,0,1421.6277531422675,40868946.265825994,1.3408289073373452,1.6195412449454216,0.5216593038832693,1.6195412449454216,0.040473098366430045,0,0,0,0.25833333333246955,0.014365437206828953,11616.738209929317,586.7303086614196,1,
6,10000.0,300.0,0.6,CLASSICAL_KAPPA,oracle,15.0,0,1421.6521260999143,40869053.96201425,1.3408289073373452,1.6195412449454216,0.523250585152071,1.6195412449454216,0.040473279993281056,0,0,0,0.29999999999913385,0.01431360315034153,11616.762582886964,586.7302353680626,1,
7,10000.0,300.0,0.6,CLASSICAL_KAPPA,oracle,15.0,0,1421.614662308246,40867786.931530066,1.3408289073373452,1.6195412449454216,0.5220953927215353,1.6195412449454216,0.0404720690867114,0,0,0,0.2249999999991381,0.014272812398394409,11616.725119095296,586.7304947844258,1,
8,10000.0,300.0,0.6,CLASSICAL_KAPPA,oracle,15.0,0,1421.620736900717,40868833.79103086,1.3408289073373452,1.6195412449454216,0.5216917677273144,1.6195412449454216,0.0404741636121383,0,0,0,0.24166666666580383,0.014403397502170661,11616.731193687767,586.7303493461873,1,
9,10000.0,300.0,0.6,CLASSICAL_KAPPA,oracle,15.0,0,1421.6186905242503,40868059.04244051,1.3408289073373452,1.6195412449454216,0.5219517470054051,1.6195412449454216,0.040473388792193865,0,0,0,0.2666666666658024,0.014559207281728765,11616.7291473113,586.7306237198403,1,
10,10000.0,300.0,0.6,CLASSICAL_KAPPA,oracle,15.0,0,1421.5944210402668,40866397.98225528,1.3408289073373452,1.6195412449454216,0.5228561129664794,1.6195412449454216,0.040468676792868585,0,0,0,0.2666666666658024,0.014194681303697748,11616.704877827317,586.73057916817,1,
11,10000.0,300.0,0.6,CLASSICAL_KAPPA,oracle,15.0,0,1421.6785741746426,40868431.33410396,1.3408289073373452,1.6195412449454216,0.5218653473209437,1.6195412449454216,0.04047256622996962,0,0,0,0.27499999999913527,0.014342698374304264,11616.789030961692,586.7292186093508,1,
12,10000.0,300.0,0.6,CLASSICAL_KAPPA,oracle,15.0,0,1421.637720324099,40867332.131370194,1.3408289073373452,1.6195412449454216,0.5231264145375394,1.6195412449454216,0.04047068817560217,0,0,0,0.2499999999991367,0.014304458589593833,11616.748177111149,586.7299308787905,1,
13,10000.0,300.0,0.6,CLASSICAL_KAPPA,oracle,15.0,0,1421.624643266201,40868571.76855533,1.3408289073373452,1.6195412449454216,0.5234207347479254,1.6195412449454216,0.04047196384398389,0,0,0,0.28333333333246813,0.014410952971227617,11616.73510005325,586.7305135961907,1,
14,10000.0,300.0,0.6,CLASSICAL_KAPPA,oracle,15.0,0,1421.5709594935179,40866406.920001455,1.3408289073373452,1.6195412449454216,0.523093800293194,1.6195412449454216,0.04046775010677405,0,0,0,0.27499999999913527,0.01436829543021962,11616.681416280568,586.7313225182949,1,
15,10000.0,300.0,0.6,CLASSICAL_KAPPA,oracle,15.0,0,1421.6566436775029,40868516.26547756,1.3408289073373452,1.6195412449454216,0.5219426180869683,1.6195412449454216,0.04047425026392598,0,0,0,0.2499999999991367,0.014381863450344626,11616.767100464553,586.7298582009834,1,
16,10000.0,300.0,0.6,CLASSICAL_KAPPA,oracle,15.0,0,1421.6017189696431,40866822.43474172,1.3408289073373452,1.6195412449454216,0.5229710313344096,1.6195412449454216,0.04047226609138846,0,0,0,0.2499999999991367,0.014382612638437943,11616.712175756693,586.7307852744469,1,
17,10000.0,300.0,0.6,CLASSICAL_KAPPA,oracle,15.0,0,1421.6654545553029,40868784.56606551,1.3408289073373452,1.6195412449454216,0.5217946484907355,1.6195412449454216,0.040475226277488084,0,0,0,0.2249999999991381,0.01435121102206251,11616.775911342353,586.7296259085742,1,
18,10000.0,300.0,0.6,CLASSICAL_KAPPA,oracle,15.0,0,1421.6399334296584,40867619.04234864,1.3408289073373452,1.6195412449454216,0.5234002081216673,1.6195412449454216,0.04047150243733084,0,0,0,0.3083333333324667,0.014454364164019708,11616.750390216708,586.7301944911787,1,
19,10000.0,300.0,0.6,CLASSICAL_KAPPA,oracle,15.0,0,1421.6115870960057,40867307.181772895,1.3408289073373452,1.6195412449454216,0.5212935134279492,1.6195412449454216,0.04047255630635391,0,0,0,0.24166666666580383,0.01426763801607805,11616.722043883055,586.730394231442,1,
0,10000.0,300.0,0.6,TECS_MRAC,none,15.0,0,1456.7625194229186,45596317.65130039,3.891747289974233,2.7732172016619634,0.46720456373421854,2.7732172016619634,0.04077119873185554,0,0,0,nan,0.40000000000004016,11651.872976209968,586.5615956221014,1,
1,10000.0,300.0,0.6,TECS_MRAC,none,15.0,0,1456.7625194229186,45596317.65130039,3.891747289974233,2.7732172016619634,0.46720456373421854,2.7732172016619634,0.04077119873185554,0,0,0,nan,0.40000000000004016,11651.872976209968,586.5615956221014,1,
2,10000.0,300.0,0.6,TECS_MRAC,none,15.0,0,1456.7625194229186,45596317.65130039,3.891747289974233,2.7732172016619634,0.46720456373421854,2.7732172016619634,0.04077119873185554,0,0,0,nan,0.40000000000004016,11651.872976209968,586.5615956221014,1,
3,10000.0,300.0,0.6,TECS_MRAC,none,15.0,0,1456.7625194229186,45596317.65130039,3.891747289974233,2.7732172016619634,0.46720456373421854,2.7732172016619634,0.04077119873185554,0,0,0,nan,0.40000000000004016,11651.872976209968,586.5615956221014,1,
4,10000.0,300.0,0.6,TECS_MRAC,none,15.0,0,1456.7625194229186,45596317.65130039,3.891747289974233,2.7732172016619634,0.46720456373421854,2.7732172016619634,0.04077119873185554,0,0,0,nan,0.40000000000004016,11651.872976209968,586.5615956221014,1,
5,10000.0,300.0,0.6,TECS_MRAC,none,15.0,0,1456.7625194229186,45596317.65130039,3.891747289974233,2.7732172016619634,0.46720456373421854,2.7732172016619634,0.04077119873185554,0,0,0,nan,0.40000000000004016,11651.872976209968,586.5615956221014,1,
6,10000.0,300.0,0.6,TECS_MRAC,none,15.0,0,1456.7625194229186,45596317.65130039,3.891747289974233,2.7732172016619634,0.46720456373421854,2.7732172016619634,0.04077119873185554,0,0,0,nan,0.40000000000004016,11651.872976209968,586.5615956221014,1,
7,10000.0,300.0,0.6,TECS_MRAC,none,15.0,0,1456.7625194229186,45596317.65130039,3.891747289974233,2.7732172016619634,0.46720456373421854,2.7732172016619634,0.04077119873185554,0,0,0,nan,0.40000000000004016,11651.872976209968,586.5615956221014,1,
8,10000.0,300.0,0.6,TECS_MRAC,none,15.0,0,1456.7625194229186,45596317.65130039,3.891747289974233,2.7732172016619634,0.46720456373421854,2.7732172016619634,0.04077119873185554,0,0,0,nan,0.40000000000004016,11651.872976209968,586.5615956221014,1,
9,10000.0,300.0,0.6,TECS_MRAC,none,15.0,0,1456.7625194229186,45596317.65130039,3.891747289974233,2.7732172016619634,0.46720456373421854,2.7732172016619634,0.04077119873185554,0,0,0,nan,0.40000000000004016,11651.872976209968,586.5615956221014,1,
10,10000.0,300.0,0.6,TECS_MRAC,none,15.0,0,1456.7625194229186,45596317.65130039,3.891747289974233,2.7732172016619634,0.46720456373421854,2.7732172016619634,0.04077119873185554,0,0,0,nan,0.40000000000004016,11651.872976209968,586.5615956221014,1,
11,10000.0,300.0,0.6,TECS_MRAC,none,15.0,0,1456.7625194229186,45596317.65130039,3.891747289974233,2.7732172016619634,0.46720456373421854,2.7732172016619634,0.04077119873185554,0,0,0,nan,0.40000000000004016,11651.872976209968,586.5615956221014,1,
12,10000.0,300.0,0.6,TECS_MRAC,none,15.0,0,1456.7625194229186,45596317.65130039,3.891747289974233,2.7732172016619634,0.46720456373421854,2.7732172016619634,0.04077119873185554,0,0,0,nan,0.40000000000004016,11651.872976209968,586.5615956221014,1,
13,10000.0,300.0,0.6,TECS_MRAC,none,15.0,0,1456.7625194229186,45596317.65130039,3.891747289974233,2.7732172016619634,0.46720456373421854,2.7732172016619634,0.04077119873185554,0,0,0,nan,0.40000000000004016,11651.872976209968,586.5615956221014,1,
14,10000.0,300.0,0.6,TECS_MRAC,none,15.0,0,1456.7625194229186,45596317.65130039,3.891747289974233,2.7732172016619634,0.46720456373421854,2.7732172016619634,0.04077119873185554,0,0,0,nan,0.40000000000004016,11651.872976209968,586.5615956221014,1,
15,10000.0,300.0,0.6,TECS_MRAC,none,15.0,0,1456.7625194229186,45596317.65130039,3.891747289974233,2.7732172016619634,0.46720456373421854,2.7732172016619634,0.04077119873185554,0,0,0,nan,0.40000000000004016,11651.872976209968,586.5615956221014,1,
16,10000.0,300.0,0.6,TECS_MRAC,none,15.0,0,1456.7625194229186,45596317.65130039,3.891747289974233,2.7732172016619634,0.46720456373421854,2.7732172016619634,0.04077119873185554,0,0,0,nan,0.40000000000004016,11651.872976209968,586.5615956221014,1,
17,10000.0,300.0,0.6,TECS_MRAC,none,15.0,0,1456.7625194229186,45596317.65130039,3.891747289974233,2.7732172016619634,0.46720456373421854,2.7732172016619634,0.04077119873185554,0,0,0,nan,0.40000000000004016,11651.872976209968,586.5615956221014,1,
18,10000.0,300.0,0.6,TECS_MRAC,none,15.0,0,1456.7625194229186,45596317.65130039,3.891747289974233,2.7732172016619634,0.46720456373421854,2.7732172016619634,0.04077119873185554,0,0,0,nan,0.40000000000004016,11651.872976209968,586.5615956221014,1,
19,10000.0,300.0,0.6,TECS_MRAC,none,15.0,0,1456.7625194229186,45596317.65130039,3.891747289974233,2.7732172016619634,0.46720456373421854,2.7732172016619634,0.04077119873185554,0,0,0,nan,0.40000000000004016,11651.872976209968,586.5615956221014,1,
0,10000.0,300.0,0.6,HYBRID,oracle,15.0,0,1441.1402116417885,44631206.313272715,3.891747289974233,2.7732172016619634,0.4689403619420019,2.7732172016619634,0.040803370798130185,0,0,0,0.3083333333324667,0.014402354110956058,11636.250668428838,586.7356721268229,1,
1,10000.0,300.0,0.6,HYBRID,oracle,15.0,0,1441.1405104137957,44631249.74655779,3.891747289974233,2.7732172016619634,0.46980721377880574,2.7732172016619634,0.04080210219146562,0,0,0,0.2083333333324724,0.014359552276315593,11636.250967200845,586.7357370142066,1,
2,10000.0,300.0,0.6,HYBRID,oracle,15.0,0,1441.1631623320282,44631043.3610217,3.891747289974233,2.7732172016619634,0.4685534787075722,2.7732172016619634,0.04080189881730771,0,0,0,0.24166666666580383,0.014387293803513774,11636.273619119078,586.7351892017302,1,
3,10000.0,300.0,0.6,HYBRID,oracle,15.0,0,1441.1720617115498,44631941.36500398,3.891747289974233,2.7732172016619634,0.4673734401862572,2.7732172016619634,0.04080392875781126,0,0,0,0.3083333333324667,0.01440342582062199,11636.2825184986,586.7347176458253,1,
4,10000.0,300.0,0.6,HYBRID,oracle,15.0,0,1441.187258593738,44632782.36965573,3.891747289974233,2.7732172016619634,0.46809965221685884,2.7732172016619634,0.040808182941417206,0,0,0,0.2499999999991367,0.014321489243786862,11636.297715380788,586.7349082440791,1,
5,10000.0,300.0,0.6,HYBRID,oracle,15.0,0,1441.124981366098,44630694.53666489,3.891747289974233,2.7732172016619634,0.4682406870888529,2.7732172016619634,0.040800115981775485,0,0,0,0.25833333333246955,0.014365437206828953,11636.235438153148,586.7357344779394,1,
6,10000.0,300.0,0.6,HYBRID,oracle,15.0,0,1441.1534922011197,44631217.92169422,3.891747289974233,2.7732172016619634,0.46992789084029324,2.7732172016619634,0.040801498110507,0,0,0,0.29999999999913385,0.01431360315034153,11636.26394898817,586.735604877525,1,
7,10000.0,300.0,0.6,HYBRID,oracle,15.0,0,1441.110674150288,44629995.01967459,3.891747289974233,2.7732172016619634,0.46855668037289644,2.7732172016619634,0.04079907260241949,0,0,0,0.2249999999991381,0.014272812398394409,11636.221130937338,586.7360063346058,1,
8,10000.0,300.0,0.6,HYBRID,oracle,15.0,0,1441.176627997309,44632733.15221009,3.891747289974233,2.7732172016619634,0.4680655329173871,2.7732172016619634,0.040804180912039134,0,0,0,0.24166666666580383,0.014403397502170661,11636.287084784359,586.7348410399965,1,
9,10000.0,300.0,0.6,HYBRID,oracle,15.0,0,1441.1267288438976,44629872.28401062,3.891747289974233,2.7732172016619634,0.4684588481874543,2.7732172016619634,0.0408016743243177,0,0,0,0.2666666666658024,0.014559207281728765,11636.237185630947,586.7357699156377,1,
10,10000.0,300.0,0.6,HYBRID,oracle,15.0,0,1441.1333438940346,44629343.63552128,3.891747289974233,2.7732172016619634,0.4692757353930745,2.7732172016619634,0.04079868567596108,0,0,0,0.2666666666658024,0.014194681303697748,11636.243800681084,586.7352427802895,1,
11,10000.0,300.0,0.6,HYBRID,oracle,15.0,0,1441.1604201830924,44630659.91389218,3.891747289974233,2.7732172016619634,0.46840936712959497,2.7732172016619634,0.04080042619935396,0,0,0,0.27499999999913527,0.014342698374304264,11636.270876970142,586.735068338895,1,
12,10000.0,300.0,0.6,HYBRID,oracle,15.0,0,1441.1512078903615,44630868.79021104,3.891747289974233,2.7732172016619634,0.46968488455948615,2.7732172016619634,0.04080022141508895,0,0,0,0.2499999999991367,0.014304458589593833,11636.261664677411,586.7353059583161,1,
13,10000.0,300.0,0.6,HYBRID,oracle,15.0,0,1441.128938086331,44631085.26014905,3.891747289974233,2.7732172016619634,0.46989776452665255,2.7732172016619634,0.04079994325053176,0,0,0,0.28333333333246813,0.014410952971227617,11636.23939487338,586.7359488676921,1,
14,10000.0,300.0,0.6,HYBRID,oracle,15.0,0,1441.1630794778466,44631847.24838044,3.891747289974233,2.7732172016619634,0.4695761229914738,2.7732172016619634,0.04080162308546056,0,0,0,0.27499999999913527,0.01436829543021962,11636.273536264896,586.7352832778026,1,
15,10000.0,300.0,0.6,HYBRID,oracle,15.0,0,1441.1341107450426,44630084.32137942,3.891747289974233,2.7732172016619634,0.468519980879476,2.7732172016619634,0.04080133528403297,0,0,0,0.2499999999991367,0.014381863450344626,11636.244567532092,586.7356884081261,1,
16,10000.0,300.0,0.6,HYBRID,oracle,15.0,0,1441.1454722061753,44631130.055764854,3.891747289974233,2.7732172016619634,0.46953242419604596,2.7732172016619634,0.04080321607647147,0,0,0,0.2499999999991367,0.014382612638437943,11636.255928993225,586.735595014324,1,
17,10000.0,300.0,0.6,HYBRID,oracle,15.0,0,1441.1857345625758,44631321.575451985,3.891747289974233,2.7732172016619634,0.4683016271330053,2.7732172016619634,0.04080402826986612,0,0,0,0.2249999999991381,0.01435121102206251,11636.296191349626,586.7346247649771,1,
18,10000.0,300.0,0.6,HYBRID,oracle,15.0,0,1441.194116577506,44632128.61231036,3.891747289974233,2.7732172016619634,0.4697330064627955,2.7732172016619634,0.04080371093243862,0,0,0,0.3083333333324667,0.014454364164019708,11636.304573364556,586.7347963931184,1,
19,10000.0,300.0,0.6,HYBRID,oracle,15.0,0,1441.1126419492066,44629725.833289735,3.891747289974233,2.7732172016619634,0.46800030869120185,2.7732172016619634,0.0408006787045004,0,0,0,0.24166666666580383,0.01426763801607805,11636.223098736256,586.7358077553631,1,
0,10000.0,300.0,0.6,FULL_STACK,oracle,15.0,0,1484.3971889466047,48313795.49566459,3.891747289974233,2.7732172016619634,0.4544633571858647,2.7732172016619634,0.041106968518338456,5360,0,0,0.3083333333324667,0.014402354110956058,11679.507645733654,586.3481386622102,1,
1,10000.0,300.0,0.6,FULL_STACK,oracle,15.0,0,1484.4143713973463,48315781.71441264,3.891747289974233,2.7732172016619634,0.4543795853006021,2.7732172016619634,0.041093904998770595,5365,0,0,0.2083333333324724,0.014359552276315593,11679.524828184396,586.3477940517763,1,
2,10000.0,300.0,0.6,FULL_STACK,oracle,15.0,0,1484.4000449888408,48315828.497965634,3.891747289974233,2.7732172016619634,0.4544592709280882,2.7732172016619634,0.04109835738276372,5363,0,0,0.24166666666580383,0.014387293803513774,11679.51050177589,586.348183386597,1,
3,10000.0,300.0,0.6,FULL_STACK,oracle,15.0,0,1484.4186637848616,48314356.968709186,3.891747289974233,2.7732172016619634,0.4544261902011119,2.7732172016619634,0.04111071786177796,5362,0,0,0.3083333333324667,0.01440342582062199,11679.529120571911,586.3477700048755,1,
4,10000.0,300.0,0.6,FULL_STACK,oracle,15.0,0,1484.3783728964627,48314615.146286815,3.891747289974233,2.7732172016619634,0.45439007957558375,2.7732172016619634,0.04109942898616126,5364,0,0,0.2499999999991367,0.014321489243786862,11679.488829683512,586.348530125153,1,
5,10000.0,300.0,0.6,FULL_STACK,oracle,15.0,0,1484.3979621045291,48316199.927172504,3.891747289974233,2.7732172016619634,0.4544450544293067,2.7732172016619634,0.041102930001946036,5365,0,0,0.25833333333246955,0.014365437206828953,11679.508418891579,586.3483905216873,1,
6,10000.0,300.0,0.6,FULL_STACK,oracle,15.0,0,1484.4301587752998,48315502.29556371,3.891747289974233,2.7732172016619634,0.45437264198596705,2.7732172016619634,0.041110388358843626,5363,0,0,0.29999999999913385,0.01431360315034153,11679.54061556235,586.3476462357446,1,
7,10000.0,300.0,0.6,FULL_STACK,oracle,15.0,0,1484.3945167772472,48316081.8541642,3.891747289974233,2.7732172016619634,0.45432955056670526,2.7732172016619634,0.04110151110312191,5367,0,0,0.2249999999991381,0.014272812398394409,11679.504973564297,586.3482721975774,1,
8,10000.0,300.0,0.6,FULL_STACK,oracle,15.0,0,1484.4183392226696,48316415.20903908,3.891747289974233,2.7732172016619634,0.45453070944622054,2.7732172016619634,0.04110356964965882,5364,0,0,0.24166666666580383,0.014403397502170661,11679.52879600972,586.3479149035966,1,
9,10000.0,300.0,0.6,FULL_STACK,oracle,15.0,0,1484.3851186223328,48314202.061259285,3.891747289974233,2.7732172016619634,0.4544062292099738,2.7732172016619634,0.04110749790655665,5366,0,0,0.2666666666658024,0.014559207281728765,11679.495575409383,586.3483430723483,1,
10,10000.0,300.0,0.6,FULL_STACK,oracle,15.0,0,1484.3738384731114,48314113.214752935,3.891747289974233,2.7732172016619634,0.45437508353114026,2.7732172016619634,0.04110308601003749,5364,0,0,0.2666666666658024,0.014194681303697748,11679.484295260161,586.3485635600048,1,
11,10000.0,300.0,0.6,FULL_STACK,oracle,15.0,0,1484.4126741364598,48314505.22732262,3.891747289974233,2.7732172016619634,0.4544385526130216,2.7732172016619634,0.041106901932475605,5363,0,0,0.27499999999913527,0.014342698374304264,11679.52313092351,586.3478185019784,1,
12,10000.0,300.0,0.6,FULL_STACK,oracle,15.0,0,1484.3671570643783,48314087.92078968,3.891747289974233,2.7732172016619634,0.45444238529034336,2.7732172016619634,0.04110087837869677,5365,0,0,0.2499999999991367,0.014304458589593833,11679.477613851428,586.3486630592961,1,
13,10000.0,300.0,0.6,FULL_STACK,oracle,15.0,0,1484.4130673632026,48314484.22375276,3.891747289974233,2.7732172016619634,0.45424748977783325,2.7732172016619634,0.04110894834827706,5364,0,0,0.28333333333246813,0.014410952971227617,11679.523524150252,586.3477687771918,1,
14,10000.0,300.0,0.6,FULL_STACK,oracle,15.0,0,1484.4198095090687,48315529.511978194,3.891747289974233,2.7732172016619634,0.4543278532273067,2.7732172016619634,0.041105967033376205,5362,0,0,0.27499999999913527,0.01436829543021962,11679.530266296118,586.3478035776317,1,
15,10000.0,300.0,0.6,FULL_STACK,oracle,15.0,0,1484.4133827127516,48315620.845476314,3.891747289974233,2.7732172016619634,0.45443073802998113,2.7732172016619634,0.04110168996803558,5363,0,0,0.2499999999991367,0.014381863450344626,11679.523839499801,586.34794185213,1,
16,10000.0,300.0,0.6,FULL_STACK,oracle,15.0,0,1484.4145552702248,48316728.48290752,3.891747289974233,2.7732172016619634,0.45436387517197824,2.7732172016619634,0.041101626632629965,5363,0,0,0.2499999999991367,0.014382612638437943,11679.525012057275,586.3480974863861,1,
17,10000.0,300.0,0.6,FULL_STACK,oracle,15.0,0,1484.3969190455973,48315149.681523815,3.891747289974233,2.7732172016619634,0.45422024085391977,2.7732172016619634,0.04110095136072139,5368,0,0,0.2249999999991381,0.01435121102206251,11679.507375832647,586.3481240906599,1,
18,10000.0,300.0,0.6,FULL_STACK,oracle,15.0,0,1484.4177597388625,48315298.33182766,3.891747289974233,2.7732172016619634,0.4544466017891088,2.7732172016619634,0.04111179524233088,5362,0,0,0.3083333333324667,0.014454364164019708,11679.528216525912,586.3478819597533,1,
19,10000.0,300.0,0.6,FULL_STACK,oracle,15.0,0,1484.4338580854237,48316587.36361628,3.891747289974233,2.7732172016619634,0.4543641661287478,2.7732172016619634,0.04110709132622159,5367,0,0,0.24166666666580383,0.01426763801607805,11679.544314872473,586.3475456967498,1,
0,10000.0,300.0,0.5,BASELINE,none,15.0,0,1445.8870186805725,42394079.83700711,1.3408289073373452,1.6195412449454216,0.5174000005300424,1.6195412449454216,0.05608576362658069,0,0,0,nan,0.5,11640.997475467622,586.4699140872323,1,
1,10000.0,300.0,0.5,BASELINE,none,15.0,0,1445.8870186805725,42394079.83700711,1.3408289073373452,1.6195412449454216,0.5174000005300424,1.6195412449454216,0.05608576362658069,0,0,0,nan,0.5,11640.997475467622,586.4699140872323,1,
2,10000.0,300.0,0.5,BASELINE,none,15.0,0,1445.8870186805725,42394079.83700711,1.3408289073373452,1.6195412449454216,0.5174000005300424,1.6195412449454216,0.05608576362658069,0,0,0,nan,0.5,11640.997475467622,586.4699140872323,1,
3,10000.0,300.0,0.5,BASELINE,none,15.0,0,1445.8870186805725,42394079.83700711,1.3408289073373452,1.6195412449454216,0.5174000005300424,1.6195412449454216,0.05608576362658069,0,0,0,nan,0.5,11640.997475467622,586.4699140872323,1,
4,10000.0,300.0,0.5,BASELINE,none,15.0,0,1445.8870186805725,42394079.83700711,1.3408289073373452,1.6195412449454216,0.5174000005300424,1.6195412449454216,0.05608576362658069,0,0,0,nan,0.5,11640.997475467622,586.4699140872323,1,
5,10000.0,300.0,0.5,BASELINE,none,15.0,0,1445.8870186805725,42394079.83700711,1.3408289073373452,1.6195412449454216,0.5174000005300424,1.6195412449454216,0.05608576362658069,0,0,0,nan,0.5,11640.997475467622,586.4699140872323,1,
6,10000.0,300.0,0.5,BASELINE,none,15.0,0,1445.8870186805725,42394079.83700711,1.3408289073373452,1.6195412449454216,0.5174000005300424,1.6195412449454216,0.05608576362658069,0,0,0,nan,0.5,11640.997475467622,586.4699140872323,1,
7,10000.0,300.0,0.5,BASELINE,none,15.0,0,1445.8870186805725,42394079.83700711,1.3408289073373452,1.6195412449454216,0.5174000005300424,1.6195412449454216,0.05608576362658069,0,0,0,nan,0.5,11640.997475467622,586.4699140872323,1,
8,10000.0,300.0,0.5,BASELINE,none,15.0,0,1445.8870186805725,42394079.83700711,1.3408289073373452,1.6195412449454216,0.5174000005300424,1.6195412449454216,0.05608576362658069,0,0,0,nan,0.5,11640.997475467622,586.4699140872323,1,
9,10000.0,300.0,0.5,BASELINE,none,15.0,0,1445.8870186805725,42394079.83700711,1.3408289073373452,1.6195412449454216,0.5174000005300424,1.6195412449454216,0.05608576362658069,0,0,0,nan,0.5,11640.997475467622,586.4699140872323,1,
10,10000.0,300.0,0.5,BASELINE,none,15.0,0,1445.8870186805725,42394079.83700711,1.3408289073373452,1.6195412449454216,0.5174000005300424,1.6195412449454216,0.05608576362658069,0,0,0,nan,0.5,11640.997475467622,586.4699140872323,1,
11,10000.0,300.0,0.5,BASELINE,none,15.0,0,1445.8870186805725,42394079.83700711,1.3408289073373452,1.6195412449454216,0.5174000005300424,1.6195412449454216,0.05608576362658069,0,0,0,nan,0.5,11640.997475467622,586.4699140872323,1,
12,10000.0,300.0,0.5,BASELINE,none,15.0,0,1445.8870186805725,42394079.83700711,1.3408289073373452,1.6195412449454216,0.5174000005300424,1.6195412449454216,0.05608576362658069,0,0,0,nan,0.5,11640.997475467622,586.4699140872323,1,
13,10000.0,300.0,0.5,BASELINE,none,15.0,0,1445.8870186805725,42394079.83700711,1.3408289073373452,1.6195412449454216,0.5174000005300424,1.6195412449454216,0.05608576362658069,0,0,0,nan,0.5,11640.997475467622,586.4699140872323,1,
14,10000.0,300.0,0.5,BASELINE,none,15.0,0,1445.8870186805725,42394079.83700711,1.3408289073373452,1.6195412449454216,0.5174000005300424,1.6195412449454216,0.05608576362658069,0,0,0,nan,0.5,11640.997475467622,586.4699140872323,1,
15,10000.0,300.0,0.5,BASELINE,none,15.0,0,1445.8870186805725,42394079.83700711,1.3408289073373452,1.6195412449454216,0.5174000005300424,1.6195412449454216,0.05608576362658069,0,0,0,nan,0.5,11640.997475467622,586.4699140872323,1,
16,10000.0,300.0,0.5,BASELINE,none,15.0,0,1445.8870186805725,42394079.83700711,1.3408289073373452,1.6195412449454216,0.5174000005300424,1.6195412449454216,0.05608576362658069,0,0,0,nan,0.5,11640.997475467622,586.4699140872323,1,
17,10000.0,300.0,0.5,BASELINE,none,15.0,0,1445.8870186805725,42394079.83700711,1.3408289073373452,1.6195412449454216,0.5174000005300424,1.6195412449454216,0.05608576362658069,0,0,0,nan,0.5,11640.997475467622,586.4699140872323,1,
18,10000.0,300.0,0.5,BASELINE,none,15.0,0,1445.8870186805725,42394079.83700711,1.3408289073373452,1.6195412449454216,0.5174000005300424,1.6195412449454216,0.05608576362658069,0,0,0,nan,0.5,11640.997475467622,586.4699140872323,1,
19,10000.0,300.0,0.5,BASELINE,none,15.0,0,1445.8870186805725,42394079.83700711,1.3408289073373452,1.6195412449454216,0.5174000005300424,1.6195412449454216,0.05608576362658069,0,0,0,nan,0.5,11640.997475467622,586.4699140872323,1,
0,10000.0,300.0,0.5,CLASSICAL_KAPPA,oracle,15.0,0,1421.645974561572,40866451.09356431,1.3408289073373452,1.6195412449454216,0.5223236573365819,1.6195412449454216,0.05612334538402474,0,0,0,0.2249999999991381,0.01605924530480046,11616.756431348622,586.7298852573757,1,
1,10000.0,300.0,0.5,CLASSICAL_KAPPA,oracle,15.0,0,1421.604600276798,40866350.57391124,1.3408289073373452,1.6195412449454216,0.5236957277870492,1.6195412449454216,0.056118149758072645,0,0,0,0.2083333333324724,0.016016134771018205,11616.715057063848,586.7309084171619,1,
2,10000.0,300.0,0.5,CLASSICAL_KAPPA,oracle,15.0,0,1421.660400353372,40867888.517306186,1.3408289073373452,1.6195412449454216,0.5219296067573833,1.6195412449454216,0.056121824978260744,0,0,0,0.23333333333247097,0.01604469949592791,11616.770857140422,586.7298806086616,1,
3,10000.0,300.0,0.5,CLASSICAL_KAPPA,oracle,15.0,0,1421.6560502499342,40867790.11446351,1.3408289073373452,1.6195412449454216,0.5205009922187418,1.6195412449454216,0.05612289547782566,0,0,0,0.23333333333247097,0.01606206630960338,11616.766507036984,586.7294842270557,1,
4,10000.0,300.0,0.5,CLASSICAL_KAPPA,oracle,15.0,0,1421.6718497797847,40867622.069710195,1.3408289073373452,1.6195412449454216,0.5211549558850678,1.6195412449454216,0.05612851520397756,0,0,0,0.21666666666580525,0.015978989773696342,11616.782306566834,586.729546150553,1,
5,10000.0,300.0,0.5,CLASSICAL_KAPPA,oracle,15.0,0,1421.6322475075722,40868483.664855845,1.3408289073373452,1.6195412449454216,0.5215464592678064,1.6195412449454216,0.056120933966795176,0,0,0,0.2249999999991381,0.01602216878650465,11616.742704294622,586.730285335038,1,
6,10000.0,300.0,0.5,CLASSICAL_KAPPA,oracle,15.0,0,1421.5910163149238,40865665.554019414,1.3408289073373452,1.6195412449454216,0.523580927156094,1.6195412449454216,0.056114488249087456,0,0,0,0.2083333333324724,0.015971455278603604,11616.701473101974,586.7312467846056,1,
7,10000.0,300.0,0.5,CLASSICAL_KAPPA,oracle,15.0,0,1421.661249589175,40867971.10779836,1.3408289073373452,1.6195412449454216,0.5220327290316691,1.6195412449454216,0.05612317568113022,0,0,0,0.2249999999991381,0.015929471474216684,11616.771706376225,586.7296686012954,1,
8,10000.0,300.0,0.5,CLASSICAL_KAPPA,oracle,15.0,0,1421.6063878498971,40866152.93846883,1.3408289073373452,1.6195412449454216,0.5214237221709376,1.6195412449454216,0.05611850429027399,0,0,0,0.19166666666580667,0.01605967129773139,11616.716844636947,586.7303852624365,1,
9,10000.0,300.0,0.5,CLASSICAL_KAPPA,oracle,15.0,0,1421.6404411159456,40867297.6831551,1.3408289073373452,1.6195412449454216,0.5219377168625279,1.6195412449454216,0.05612425346310508,0,0,0,0.23333333333247097,0.016216451956713514,11616.750897902995,586.7302139897624,1,
10,10000.0,300.0,0.5,CLASSICAL_KAPPA,oracle,15.0,0,1421.6036211811006,40866162.61123732,1.3408289073373452,1.6195412449454216,0.5228981819002708,1.6195412449454216,0.0561154876085661,0,0,0,0.21666666666580525,0.015849011405404234,11616.71407796815,586.7305128153968,1,
11,10000.0,300.0,0.5,CLASSICAL_KAPPA,oracle,15.0,0,1421.6347574479878,40867325.300955206,1.3408289073373452,1.6195412449454216,0.5217483139148479,1.6195412449454216,0.056116052467486605,0,0,0,0.2083333333324724,0.016000721465002005,11616.745214235038,586.7302278386608,1,
12,10000.0,300.0,0.5,CLASSICAL_KAPPA,oracle,15.0,0,1421.6366554312408,40866734.839725256,1.3408289073373452,1.6195412449454216,0.5233626267767721,1.6195412449454216,0.056117188178071056,0,0,0,0.23333333333247097,0.015962242500461164,11616.74711221829,586.7300565543205,1,
13,10000.0,300.0,0.5,CLASSICAL_KAPPA,oracle,15.0,0,1421.6122284531593,40866928.64484369,1.3408289073373452,1.6195412449454216,0.5233798743930708,1.6195412449454216,0.056117588086282005,0,0,0,0.2249999999991381,0.0160698595208309,11616.72268524021,586.7306981208515,1,
14,10000.0,300.0,0.5,CLASSICAL_KAPPA,oracle,15.0,0,1421.6189294569194,40867005.275459945,1.3408289073373452,1.6195412449454216,0.5230164137918633,1.6195412449454216,0.056117664386720625,0,0,0,0.23333333333247097,0.016024290779210602,11616.72938624397,586.7305826477414,1,
15,10000.0,300.0,0.5,CLASSICAL_KAPPA,oracle,15.0,0,1421.665625989437,40868373.14164849,1.3408289073373452,1.6195412449454216,0.5219303431533109,1.6195412449454216,0.05612543795333481,0,0,0,0.23333333333247097,0.016037715663493393,11616.776082776487,586.7297883396398,1,
16,10000.0,300.0,0.5,CLASSICAL_KAPPA,oracle,15.0,0,1421.5831832140684,40865469.79049896,1.3408289073373452,1.6195412449454216,0.5231270819027797,1.6195412449454216,0.056118390858268835,0,0,0,0.23333333333247097,0.016040590102517807,11616.693640001118,586.7312188809559,1,
17,10000.0,300.0,0.5,CLASSICAL_KAPPA,oracle,15.0,0,1421.7087044008076,40868839.186774015,1.3408289073373452,1.6195412449454216,0.5216451191174303,1.6195412449454216,0.05612686144277399,0,0,0,0.2249999999991381,0.016007176118481455,11616.819161187857,586.7288552473223,1,
18,10000.0,300.0,0.5,CLASSICAL_KAPPA,oracle,15.0,0,1421.6398486830294,40866215.25367553,1.3408289073373452,1.6195412449454216,0.5235547262583811,1.6195412449454216,0.05611780057799541,0,0,0,0.24166666666580383,0.01611198894904794,11616.75030547008,586.7302128482066,1,
19,10000.0,300.0,0.5,CLASSICAL_KAPPA,oracle,15.0,0,1421.6649749837816,40867348.3285161,1.3408289073373452,1.6195412449454216,0.5210978734603189,1.6195412449454216,0.05612383711694056,0,0,0,0.2249999999991381,0.015925122528085218,11616.775431770831,586.7293872179785,1,
0,10000.0,300.0,0.5,TECS_MRAC,none,15.0,0,1464.5453892201185,46080580.01597391,3.891747289974233,2.7732172016619634,0.46626780039691945,2.7732172016619634,0.05612225101937784,0,0,0,nan,0.5,11659.655846007168,586.4750637223033,1,
1,10000.0,300.0,0.5,TECS_MRAC,none,15.0,0,1464.5453892201185,46080580.01597391,3.891747289974233,2.7732172016619634,0.46626780039691945,2.7732172016619634,0.05612225101937784,0,0,0,nan,0.5,11659.655846007168,586.4750637223033,1,
2,10000.0,300.0,0.5,TECS_MRAC,none,15.0,0,1464.5453892201185,46080580.01597391,3.891747289974233,2.7732172016619634,0.46626780039691945,2.7732172016619634,0.05612225101937784,0,0,0,nan,0.5,11659.655846007168,586.4750637223033,1,
3,10000.0,300.0,0.5,TECS_MRAC,none,15.0,0,1464.5453892201185,46080580.01597391,3.891747289974233,2.7732172016619634,0.46626780039691945,2.7732172016619634,0.05612225101937784,0,0,0,nan,0.5,11659.655846007168,586.4750637223033,1,
4,10000.0,300.0,0.5,TECS_MRAC,none,15.0,0,1464.5453892201185,46080580.01597391,3.891747289974233,2.7732172016619634,0.46626780039691945,2.7732172016619634,0.05612225101937784,0,0,0,nan,0.5,11659.655846007168,586.4750637223033,1,
5,10000.0,300.0,0.5,TECS_MRAC,none,15.0,0,1464.5453892201185,46080580.01597391,3.891747289974233,2.7732172016619634,0.46626780039691945,2.7732172016619634,0.05612225101937784,0,0,0,nan,0.5,11659.655846007168,586.4750637223033,1,
6,10000.0,300.0,0.5,TECS_MRAC,none,15.0,0,1464.5453892201185,46080580.01597391,3.891747289974233,2.7732172016619634,0.46626780039691945,2.7732172016619634,0.05612225101937784,0,0,0,nan,0.5,11659.655846007168,586.4750637223033,1,
7,10000.0,300.0,0.5,TECS_MRAC,none,15.0,0,1464.5453892201185,46080580.01597391,3.891747289974233,2.7732172016619634,0.46626780039691945,2.7732172016619634,0.05612225101937784,0,0,0,nan,0.5,11659.655846007168,586.4750637223033,1,
8,10000.0,300.0,0.5,TECS_MRAC,none,15.0,0,1464.5453892201185,46080580.01597391,3.891747289974233,2.7732172016619634,0.46626780039691945,2.7732172016619634,0.05612225101937784,0,0,0,nan,0.5,11659.655846007168,586.4750637223033,1,
9,10000.0,300.0,0.5,TECS_MRAC,none,15.0,0,1464.5453892201185,46080580.01597391,3.891747289974233,2.7732172016619634,0.46626780039691945,2.7732172016619634,0.05612225101937784,0,0,0,nan,0.5,11659.655846007168,586.4750637223033,1,
10,10000.0,300.0,0.5,TECS_MRAC,none,15.0,0,1464.5453892201185,46080580.01597391,3.891747289974233,2.7732172016619634,0.46626780039691945,2.7732172016619634,0.05612225101937784,0,0,0,nan,0.5,11659.655846007168,586.4750637223033,1,
11,10000.0,300.0,0.5,TECS_MRAC,none,15.0,0,1464.5453892201185,46080580.01597391,3.891747289974233,2.7732172016619634,0.46626780039691945,2.7732172016619634,0.05612225101937784,0,0,0,nan,0.5,11659.655846007168,586.4750637223033,1,
12,10000.0,300.0,0.5,TECS_MRAC,none,15.0,0,1464.5453892201185,46080580.01597391,3.891747289974233,2.7732172016619634,0.46626780039691945,2.7732172016619634,0.05612225101937784,0,0,0,nan,0.5,11659.655846007168,586.4750637223033,1,
13,10000.0,300.0,0.5,TECS_MRAC,none,15.0,0,1464.5453892201185,46080580.01597391,3.891747289974233,2.7732172016619634,0.46626780039691945,2.7732172016619634,0.05612225101937784,0,0,0,nan,0.5,11659.655846007168,586.4750637223033,1,
14,10000.0,300.0,0.5,TECS_MRAC,none,15.0,0,1464.5453892201185,46080580.01597391,3.891747289974233,2.7732172016619634,0.46626780039691945,2.7732172016619634,0.05612225101937784,0,0,0,nan,0.5,11659.655846007168,586.4750637223033,1,
15,10000.0,300.0,0.5,TECS_MRAC,none,15.0,0,1464.5453892201185,46080580.01597391,3.891747289974233,2.7732172016619634,0.46626780039691945,2.7732172016619634,0.05612225101937784,0,0,0,nan,0.5,11659.655846007168,586.4750637223033,1,
16,10000.0,300.0,0.5,TECS_MRAC,none,15.0,0,1464.5453892201185,46080580.01597391,3.891747289974233,2.7732172016619634,0.46626780039691945,2.7732172016619634,0.05612225101937784,0,0,0,nan,0.5,11659.655846007168,586.4750637223033,1,
17,10000.0,300.0,0.5,TECS_MRAC,none,15.0,0,1464.5453892201185,46080580.01597391,3.891747289974233,2.7732172016619634,0.46626780039691945,2.7732172016619634,0.05612225101937784,0,0,0,nan,0.5,11659.655846007168,586.4750637223033,1,
18,10000.0,300.0,0.5,TECS_MRAC,none,15.0,0,1464.5453892201185,46080580.01597391,3.891747289974233,2.7732172016619634,0.46626780039691945,2.7732172016619634,0.05612225101937784,0,0,0,nan,0.5,11659.655846007168,586.4750637223033,1,
19,10000.0,300.0,0.5,TECS_MRAC,none,15.0,0,1464.5453892201185,46080580.01597391,3.891747289974233,2.7732172016619634,0.46626780039691945,2.7732172016619634,0.05612225101937784,0,0,0,nan,0.5,11659.655846007168,586.4750637223033,1,
0,10000.0,300.0,0.5,HYBRID,oracle,15.0,0,1441.1531486697495,44628637.27847054,3.891747289974233,2.7732172016619634,0.46899850804200505,2.7732172016619634,0.05618388528895303,0,0,0,0.2249999999991381,0.01605924530480046,11636.2636054568,586.7351900772652,1,
1,10000.0,300.0,0.5,HYBRID,oracle,15.0,0,1441.1423666253686,44629369.36957553,3.891747289974233,2.7732172016619634,0.470165235095392,2.7732172016619634,0.056181960265419814,0,0,0,0.2083333333324724,0.016016134771018205,11636.252823412418,586.7356468143568,1,
2,10000.0,300.0,0.5,HYBRID,oracle,15.0,0,1441.207812666893,44631198.50393711,3.891747289974233,2.7732172016619634,0.46840017476920826,2.7732172016619634,0.05618638193733635,0,0,0,0.23333333333247097,0.01604469949592791,11636.318269453943,586.7344748037782,1,
3,10000.0,300.0,0.5,HYBRID,oracle,15.0,0,1441.1573679558933,44628919.44444579,3.891747289974233,2.7732172016619634,0.46715762445477216,2.7732172016619634,0.056182321159928814,0,0,0,0.23333333333247097,0.01606206630960338,11636.267824742943,586.7346901367581,1,
4,10000.0,300.0,0.5,HYBRID,oracle,15.0,0,1441.153464589268,44629729.67126592,3.891747289974233,2.7732172016619634,0.46776641114669976,2.7732172016619634,0.05618695871676407,0,0,0,0.21666666666580525,0.015978989773696342,11636.263921376318,586.7354239953364,1,
5,10000.0,300.0,0.5,HYBRID,oracle,15.0,0,1441.1650769896805,44630649.39672838,3.891747289974233,2.7732172016619634,0.4682906917938124,2.7732172016619634,0.05618306583000887,0,0,0,0.2249999999991381,0.01602216878650465,11636.27553377673,586.7350131330734,1,
6,10000.0,300.0,0.5,HYBRID,oracle,15.0,0,1441.1783473417163,44631587.25629966,3.891747289974233,2.7732172016619634,0.4700013085667435,2.7732172016619634,0.05618329513216287,0,0,0,0.2083333333324724,0.015971455278603604,11636.288804128766,586.7354377007665,1,
7,10000.0,300.0,0.5,HYBRID,oracle,15.0,0,1441.1941299811006,44630918.028349094,3.891747289974233,2.7732172016619634,0.46862641476702727,2.7732172016619634,0.05618628413088585,0,0,0,0.2249999999991381,0.015929471474216684,11636.30458676815,586.7345366097082,1,
8,10000.0,300.0,0.5,HYBRID,oracle,15.0,0,1441.144478827715,44629092.5899738,3.891747289974233,2.7732172016619634,0.46807242322806075,2.7732172016619634,0.05618121549397148,0,0,0,0.19166666666580667,0.01605967129773139,11636.254935614765,586.7350948371993,1,
9,10000.0,300.0,0.5,HYBRID,oracle,15.0,0,1441.1734442152083,44630265.81322075,3.891747289974233,2.7732172016619634,0.4684239896372382,2.7732172016619634,0.05618672822453208,0,0,0,0.23333333333247097,0.016216451956713514,11636.283901002258,586.7350552595643,1,
10,10000.0,300.0,0.5,HYBRID,oracle,15.0,0,1441.1357663497329,44628045.06166729,3.891747289974233,2.7732172016619634,0.469345655221999,2.7732172016619634,0.05617745110261021,0,0,0,0.21666666666580525,0.015849011405404234,11636.246223136783,586.7351995263726,1,
11,10000.0,300.0,0.5,HYBRID,oracle,15.0,0,1441.1617800556123,44629902.5228384,3.891747289974233,2.7732172016619634,0.46822267558327474,2.7732172016619634,0.056178947890695094,0,0,0,0.2083333333324724,0.016000721465002005,11636.272236842662,586.7351524142915,1,
12,10000.0,300.0,0.5,HYBRID,oracle,15.0,0,1441.1673286743462,44628777.307156004,3.891747289974233,2.7732172016619634,0.4699183780966712,2.7732172016619634,0.056179521991978024,0,0,0,0.23333333333247097,0.015962242500461164,11636.277785461396,586.7347790435108,1,
13,10000.0,300.0,0.5,HYBRID,oracle,15.0,0,1441.1623979918659,44630811.18941426,3.891747289974233,2.7732172016619634,0.46975084002773565,2.7732172016619634,0.056182499439894965,0,0,0,0.2249999999991381,0.0160698595208309,11636.272854778916,586.735378454035,1,
14,10000.0,300.0,0.5,HYBRID,oracle,15.0,0,1441.1650626920164,44630307.96685822,3.891747289974233,2.7732172016619634,0.4695213908834654,2.7732172016619634,0.05618140247475059,0,0,0,0.23333333333247097,0.016024290779210602,11636.275519479066,586.735232157265,1,
15,10000.0,300.0,0.5,HYBRID,oracle,15.0,0,1441.189923323691,44630074.80869831,3.891747289974233,2.7732172016619634,0.46834676450233437,2.7732172016619634,0.056185502679691156,0,0,0,0.23333333333247097,0.016037715663493393,11636.30038011074,586.73465027715,1,
16,10000.0,300.0,0.5,HYBRID,oracle,15.0,0,1441.1631925143301,44629192.11364246,3.891747289974233,2.7732172016619634,0.4695547250814819,2.7732172016619634,0.05618429471412171,0,0,0,0.23333333333247097,0.016040590102517807,11636.27364930138,586.7351527375314,1,
17,10000.0,300.0,0.5,HYBRID,oracle,15.0,0,1441.1808685585856,44630167.59484543,3.891747289974233,2.7732172016619634,0.468221533991651,2.7732172016619634,0.05618409566798799,0,0,0,0.2249999999991381,0.016007176118481455,11636.291325345635,586.7347795428785,1,
18,10000.0,300.0,0.5,HYBRID,oracle,15.0,0,1441.1912426948547,44630031.942154154,3.891747289974233,2.7732172016619634,0.4700126952635337,2.7732172016619634,0.05618279744946862,0,0,0,0.24166666666580383,0.01611198894904794,11636.301699481905,586.7348046668841,1,
19,10000.0,300.0,0.5,HYBRID,oracle,15.0,0,1441.1979169473052,44631263.06630573,3.891747289974233,2.7732172016619634,0.4677048195090123,2.7732172016619634,0.05618756750183871,0,0,0,0.2249999999991381,0.015925122528085218,11636.308373734355,586.7343976970928,1,
0,10000.0,300.0,0.5,FULL_STACK,oracle,15.0,0,1486.2230834774673,48473177.435809985,3.891747289974233,2.7732172016619634,0.45422335861474655,2.7732172016619634,0.056632638324653574,5373,0,0,0.2249999999991381,0.01605924530480046,11681.333540264517,586.3317498961133,1,
1,10000.0,300.0,0.5,FULL_STACK,oracle,15.0,0,1486.1903544701636,48473195.54415804,3.891747289974233,2.7732172016619634,0.4552716608631107,2.7732172016619634,0.05662083104572948,5371,0,0,0.2083333333324724,0.016016134771018205,11681.300811257213,586.3324906864244,1,
2,10000.0,300.0,0.5,FULL_STACK,oracle,15.0,0,1486.2363254129887,48472929.84671694,3.891747289974233,2.7732172016619634,0.4535973329480063,2.7732172016619634,0.056629439866612986,5371,0,0,0.23333333333247097,0.01604469949592791,11681.346782200038,586.331457928052,1,
3,10000.0,300.0,0.5,FULL_STACK,oracle,15.0,0,1486.204437084496,48471604.17693336,3.891747289974233,2.7732172016619634,0.4522785760130323,2.7732172016619634,0.05662849709973214,5371,0,0,0.23333333333247097,0.01606206630960338,11681.314893871546,586.3314628519148,1,
4,10000.0,300.0,0.5,FULL_STACK,oracle,15.0,0,1486.1972683817148,48471488.78162139,3.891747289974233,2.7732172016619634,0.4529889416590023,2.7732172016619634,0.05662846759721733,5372,0,0,0.21666666666580525,0.015978989773696342,11681.307725168765,586.3320539785656,1,
5,10000.0,300.0,0.5,FULL_STACK,oracle,15.0,0,1486.2050821073353,48472385.68895292,3.891747289974233,2.7732172016619634,0.4533733918152628,2.7732172016619634,0.05662567336884859,5373,0,0,0.2249999999991381,0.01602216878650465,11681.315538894385,586.3317223409507,1,
6,10000.0,300.0,0.5,FULL_STACK,oracle,15.0,0,1486.220177281648,48473812.160953335,3.891747289974233,2.7732172016619634,0.4551968163198195,2.7732172016619634,0.05662167953057935,5372,0,0,0.2083333333324724,0.015971455278603604,11681.330634068698,586.3321115222323,1,
7,10000.0,300.0,0.5,FULL_STACK,oracle,15.0,0,1486.1890932396054,48471881.545914784,3.891747289974233,2.7732172016619634,0.4538040157034989,2.7732172016619634,0.056625145209210304,5373,0,0,0.2249999999991381,0.015929471474216684,11681.299550026655,586.3321004182548,1,
8,10000.0,300.0,0.5,FULL_STACK,oracle,15.0,0,1486.208177022636,48472829.46518612,3.891747289974233,2.7732172016619634,0.4532768524344498,2.7732172016619634,0.056615719180276886,5370,0,0,0.19166666666580667,0.01605967129773139,11681.318633809686,586.3316289495073,1,
9,10000.0,300.0,0.5,FULL_STACK,oracle,15.0,0,1486.1822435930371,48471081.506543614,3.891747289974233,2.7732172016619634,0.45356977334772997,2.7732172016619634,0.0566289040674125,5371,0,0,0.23333333333247097,0.016216451956713514,11681.292700380087,586.3323494474279,1,
10,10000.0,300.0,0.5,FULL_STACK,oracle,15.0,0,1486.150443252176,48471099.15131563,3.891747289974233,2.7732172016619634,0.45458375259585015,2.7732172016619634,0.056616099785532115,5370,0,0,0.21666666666580525,0.015849011405404234,11681.260900039226,586.3327021002602,1,
11,10000.0,300.0,0.5,FULL_STACK,oracle,15.0,0,1486.2231052741408,48472249.72347404,3.891747289974233,2.7732172016619634,0.45345109463899286,2.7732172016619634,0.05662038548892718,5373,0,0,0.2083333333324724,0.016000721465002005,11681.33356206119,586.3314240334594,1,
12,10000.0,300.0,0.5,FULL_STACK,oracle,15.0,0,1486.214341595769,48471816.51534586,3.891747289974233,2.7732172016619634,0.4550370027385665,2.7732172016619634,0.05662479133595532,5370,0,0,0.23333333333247097,0.015962242500461164,11681.324798382819,586.3316258307948,1,
13,10000.0,300.0,0.5,FULL_STACK,oracle,15.0,0,1486.2022906169295,48473403.79421731,3.891747289974233,2.7732172016619634,0.45498017950609554,2.7732172016619634,0.05662429585947382,5370,0,0,0.2249999999991381,0.0160698595208309,11681.31274740398,586.3322318271319,1,
14,10000.0,300.0,0.5,FULL_STACK,oracle,15.0,0,1486.1811958998442,48471704.9382093,3.891747289974233,2.7732172016619634,0.45469566317092613,2.7732172016619634,0.056623041779400585,5370,0,0,0.23333333333247097,0.016024290779210602,11681.291652686894,586.3324677899816,1,
15,10000.0,300.0,0.5,FULL_STACK,oracle,15.0,0,1486.2486941814423,48472349.87562745,3.891747289974233,2.7732172016619634,0.4535696444099627,2.7732172016619634,0.056633176176851374,5371,0,0,0.23333333333247097,0.016037715663493393,11681.359150968492,586.3311076367769,1,
16,10000.0,300.0,0.5,FULL_STACK,oracle,15.0,0,1486.2055493295193,48471504.66629021,3.891747289974233,2.7732172016619634,0.4548243868604997,2.7732172016619634,0.056629829931243596,5369,0,0,0.23333333333247097,0.016040590102517807,11681.316006116569,586.3319556891278,1,
17,10000.0,300.0,0.5,FULL_STACK,oracle,15.0,0,1486.2286501154304,48472805.988233835,3.891747289974233,2.7732172016619634,0.45342161973513595,2.7732172016619634,0.05662848289328195,5371,0,0,0.2249999999991381,0.016007176118481455,11681.33910690248,586.3315123012595,1,
18,10000.0,300.0,0.5,FULL_STACK,oracle,15.0,0,1486.2159592285752,48470791.913313374,3.891747289974233,2.7732172016619634,0.4551960394454375,2.7732172016619634,0.056627276922068474,5370,0,0,0.24166666666580383,0.01611198894904794,11681.326416015625,586.3316914101349,1,
19,10000.0,300.0,0.5,FULL_STACK,oracle,15.0,0,1486.1997283250093,48472120.21851471,3.891747289974233,2.7732172016619634,0.4528284667487085,2.7732172016619634,0.05662832112289921,5372,0,0,0.2249999999991381,0.015925122528085218,11681.31018511206,586.3318152656254,1,
0,15000.0,400.0,1.0,BASELINE,none,1000000000.0,0,571.060782648623,6893631.842530919,0.5626567344364675,0.38452467214230635,-0.057587010645151024,0.38452467214230635,0.0029939324875713474,0,0,0,nan,nan,15664.291694704443,560.8866386566232,1,
1,15000.0,400.0,1.0,BASELINE,none,1000000000.0,0,571.060782648623,6893631.842530919,0.5626567344364675,0.38452467214230635,-0.057587010645151024,0.38452467214230635,0.0029939324875713474,0,0,0,nan,nan,15664.291694704443,560.8866386566232,1,
2,15000.0,400.0,1.0,BASELINE,none,1000000000.0,0,571.060782648623,6893631.842530919,0.5626567344364675,0.38452467214230635,-0.057587010645151024,0.38452467214230635,0.0029939324875713474,0,0,0,nan,nan,15664.291694704443,560.8866386566232,1,
3,15000.0,400.0,1.0,BASELINE,none,1000000000.0,0,571.060782648623,6893631.842530919,0.5626567344364675,0.38452467214230635,-0.057587010645151024,0.38452467214230635,0.0029939324875713474,0,0,0,nan,nan,15664.291694704443,560.8866386566232,1,
4,15000.0,400.0,1.0,BASELINE,none,1000000000.0,0,571.060782648623,6893631.842530919,0.5626567344364675,0.38452467214230635,-0.057587010645151024,0.38452467214230635,0.0029939324875713474,0,0,0,nan,nan,15664.291694704443,560.8866386566232,1,
5,15000.0,400.0,1.0,BASELINE,none,1000000000.0,0,571.060782648623,6893631.842530919,0.5626567344364675,0.38452467214230635,-0.057587010645151024,0.38452467214230635,0.0029939324875713474,0,0,0,nan,nan,15664.291694704443,560.8866386566232,1,
6,15000.0,400.0,1.0,BASELINE,none,1000000000.0,0,571.060782648623,6893631.842530919,0.5626567344364675,0.38452467214230635,-0.057587010645151024,0.38452467214230635,0.0029939324875713474,0,0,0,nan,nan,15664.291694704443,560.8866386566232,1,
7,15000.0,400.0,1.0,BASELINE,none,1000000000.0,0,571.060782648623,6893631.842530919,0.5626567344364675,0.38452467214230635,-0.057587010645151024,0.38452467214230635,0.0029939324875713474,0,0,0,nan,nan,15664.291694704443,560.8866386566232,1,
8,15000.0,400.0,1.0,BASELINE,none,1000000000.0,0,571.060782648623,6893631.842530919,0.5626567344364675,0.38452467214230635,-0.057587010645151024,0.38452467214230635,0.0029939324875713474,0,0,0,nan,nan,15664.291694704443,560.8866386566232,1,
9,15000.0,400.0,1.0,BASELINE,none,1000000000.0,0,571.060782648623,6893631.842530919,0.5626567344364675,0.38452467214230635,-0.057587010645151024,0.38452467214230635,0.0029939324875713474,0,0,0,nan,nan,15664.291694704443,560.8866386566232,1,
10,15000.0,400.0,1.0,BASELINE,none,1000000000.0,0,571.060782648623,6893631.842530919,0.5626567344364675,0.38452467214230635,-0.057587010645151024,0.38452467214230635,0.0029939324875713474,0,0,0,nan,nan,15664.291694704443,560.8866386566232,1,
11,15000.0,400.0,1.0,BASELINE,none,1000000000.0,0,571.060782648623,6893631.842530919,0.5626567344364675,0.38452467214230635,-0.057587010645151024,0.38452467214230635,0.0029939324875713474,0,0,0,nan,nan,15664.291694704443,560.8866386566232,1,
12,15000.0,400.0,1.0,BASELINE,none,1000000000.0,0,571.060782648623,6893631.842530919,0.5626567344364675,0.38452467214230635,-0.057587010645151024,0.38452467214230635,0.0029939324875713474,0,0,0,nan,nan,15664.291694704443,560.8866386566232,1,
13,15000.0,400.0,1.0,BASELINE,none,1000000000.0,0,571.060782648623,6893631.842530919,0.5626567344364675,0.38452467214230635,-0.057587010645151024,0.38452467214230635,0.0029939324875713474,0,0,0,nan,nan,15664.291694704443,560.8866386566232,1,
14,15000.0,400.0,1.0,BASELINE,none,1000000000.0,0,571.060782648623,6893631.842530919,0.5626567344364675,0.38452467214230635,-0.057587010645151024,0.38452467214230635,0.0029939324875713474,0,0,0,nan,nan,15664.291694704443,560.8866386566232,1,
15,15000.0,400.0,1.0,BASELINE,none,1000000000.0,0,571.060782648623,6893631.842530919,0.5626567344364675,0.38452467214230635,-0.057587010645151024,0.38452467214230635,0.0029939324875713474,0,0,0,nan,nan,15664.291694704443,560.8866386566232,1,
16,15000.0,400.0,1.0,BASELINE,none,1000000000.0,0,571.060782648623,6893631.842530919,0.5626567344364675,0.38452467214230635,-0.057587010645151024,0.38452467214230635,0.0029939324875713474,0,0,0,nan,nan,15664.291694704443,560.8866386566232,1,
17,15000.0,400.0,1.0,BASELINE,none,1000000000.0,0,571.060782648623,6893631.842530919,0.5626567344364675,0.38452467214230635,-0.057587010645151024,0.38452467214230635,0.0029939324875713474,0,0,0,nan,nan,15664.291694704443,560.8866386566232,1,
18,15000.0,400.0,1.0,BASELINE,none,1000000000.0,0,571.060782648623,6893631.842530919,0.5626567344364675,0.38452467214230635,-0.057587010645151024,0.38452467214230635,0.0029939324875713474,0,0,0,nan,nan,15664.291694704443,560.8866386566232,1,
19,15000.0,400.0,1.0,BASELINE,none,1000000000.0,0,571.060782648623,6893631.842530919,0.5626567344364675,0.38452467214230635,-0.057587010645151024,0.38452467214230635,0.0029939324875713474,0,0,0,nan,nan,15664.291694704443,560.8866386566232,1,
0,15000.0,400.0,1.0,CLASSICAL_KAPPA,oracle,1000000000.0,0,571.060782648623,6893631.842530919,0.5626567344364675,0.38452467214230635,-0.057587010645151024,0.38452467214230635,0.0029939324875713474,0,0,0,nan,nan,15664.291694704443,560.8866386566232,1,
1,15000.0,400.0,1.0,CLASSICAL_KAPPA,oracle,1000000000.0,0,571.060782648623,6893631.842530919,0.5626567344364675,0.38452467214230635,-0.057587010645151024,0.38452467214230635,0.0029939324875713474,0,0,0,nan,nan,15664.291694704443,560.8866386566232,1,
2,15000.0,400.0,1.0,CLASSICAL_KAPPA,oracle,1000000000.0,0,571.060782648623,6893631.842530919,0.5626567344364675,0.38452467214230635,-0.057587010645151024,0.38452467214230635,0.0029939324875713474,0,0,0,nan,nan,15664.291694704443,560.8866386566232,1,
3,15000.0,400.0,1.0,CLASSICAL_KAPPA,oracle,1000000000.0,0,571.060782648623,6893631.842530919,0.5626567344364675,0.38452467214230635,-0.057587010645151024,0.38452467214230635,0.0029939324875713474,0,0,0,nan,nan,15664.291694704443,560.8866386566232,1,
4,15000.0,400.0,1.0,CLASSICAL_KAPPA,oracle,1000000000.0,0,571.060782648623,6893631.842530919,0.5626567344364675,0.38452467214230635,-0.057587010645151024,0.38452467214230635,0.0029939324875713474,0,0,0,nan,nan,15664.291694704443,560.8866386566232,1,
5,15000.0,400.0,1.0,CLASSICAL_KAPPA,oracle,1000000000.0,0,571.060782648623,6893631.842530919,0.5626567344364675,0.38452467214230635,-0.057587010645151024,0.38452467214230635,0.0029939324875713474,0,0,0,nan,nan,15664.291694704443,560.8866386566232,1,
6,15000.0,400.0,1.0,CLASSICAL_KAPPA,oracle,1000000000.0,0,571.060782648623,6893631.842530919,0.5626567344364675,0.38452467214230635,-0.057587010645151024,0.38452467214230635,0.0029939324875713474,0,0,0,nan,nan,15664.291694704443,560.8866386566232,1,
7,15000.0,400.0,1.0,CLASSICAL_KAPPA,oracle,1000000000.0,0,571.060782648623,6893631.842530919,0.5626567344364675,0.38452467214230635,-0.057587010645151024,0.38452467214230635,0.0029939324875713474,0,0,0,nan,nan,15664.291694704443,560.8866386566232,1,
8,15000.0,400.0,1.0,CLASSICAL_KAPPA,oracle,1000000000.0,0,571.060782648623,6893631.842530919,0.5626567344364675,0.38452467214230635,-0.057587010645151024,0.38452467214230635,0.0029939324875713474,0,0,0,nan,nan,15664.291694704443,560.8866386566232,1,
9,15000.0,400.0,1.0,CLASSICAL_KAPPA,oracle,1000000000.0,0,571.060782648623,6893631.842530919,0.5626567344364675,0.38452467214230635,-0.057587010645151024,0.38452467214230635,0.0029939324875713474,0,0,0,nan,nan,15664.291694704443,560.8866386566232,1,
10,15000.0,400.0,1.0,CLASSICAL_KAPPA,oracle,1000000000.0,0,571.060782648623,6893631.842530919,0.5626567344364675,0.38452467214230635,-0.057587010645151024,0.38452467214230635,0.0029939324875713474,0,0,0,nan,nan,15664.291694704443,560.8866386566232,1,
11,15000.0,400.0,1.0,CLASSICAL_KAPPA,oracle,1000000000.0,0,571.060782648623,6893631.842530919,0.5626567344364675,0.38452467214230635,-0.057587010645151024,0.38452467214230635,0.0029939324875713474,0,0,0,nan,nan,15664.291694704443,560.8866386566232,1,
12,15000.0,400.0,1.0,CLASSICAL_KAPPA,oracle,1000000000.0,0,571.060782648623,6893631.842530919,0.5626567344364675,0.38452467214230635,-0.057587010645151024,0.38452467214230635,0.0029939324875713474,0,0,0,nan,nan,15664.291694704443,560.8866386566232,1,
13,15000.0,400.0,1.0,CLASSICAL_KAPPA,oracle,1000000000.0,0,571.060782648623,6893631.842530919,0.5626567344364675,0.38452467214230635,-0.057587010645151024,0.38452467214230635,0.0029939324875713474,0,0,0,nan,nan,15664.291694704443,560.8866386566232,1,
14,15000.0,400.0,1.0,CLASSICAL_KAPPA,oracle,1000000000.0,0,571.060782648623,6893631.842530919,0.5626567344364675,0.38452467214230635,-0.057587010645151024,0.38452467214230635,0.0029939324875713474,0,0,0,nan,nan,15664.291694704443,560.8866386566232,1,
15,15000.0,400.0,1.0,CLASSICAL_KAPPA,oracle,1000000000.0,0,571.060782648623,6893631.842530919,0.5626567344364675,0.38452467214230635,-0.057587010645151024,0.38452467214230635,0.0029939324875713474,0,0,0,nan,nan,15664.291694704443,560.8866386566232,1,
16,15000.0,400.0,1.0,CLASSICAL_KAPPA,oracle,1000000000.0,0,571.060782648623,6893631.842530919,0.5626567344364675,0.38452467214230635,-0.057587010645151024,0.38452467214230635,0.0029939324875713474,0,0,0,nan,nan,15664.291694704443,560.8866386566232,1,
17,15000.0,400.0,1.0,CLASSICAL_KAPPA,oracle,1000000000.0,0,571.060782648623,6893631.842530919,0.5626567344364675,0.38452467214230635,-0.057587010645151024,0.38452467214230635,0.0029939324875713474,0,0,0,nan,nan,15664.291694704443,560.8866386566232,1,
18,15000.0,400.0,1.0,CLASSICAL_KAPPA,oracle,1000000000.0,0,571.060782648623,6893631.842530919,0.5626567344364675,0.38452467214230635,-0.057587010645151024,0.38452467214230635,0.0029939324875713474,0,0,0,nan,nan,15664.291694704443,560.8866386566232,1,
19,15000.0,400.0,1.0,CLASSICAL_KAPPA,oracle,1000000000.0,0,571.060782648623,6893631.842530919,0.5626567344364675,0.38452467214230635,-0.057587010645151024,0.38452467214230635,0.0029939324875713474,0,0,0,nan,nan,15664.291694704443,560.8866386566232,1,
0,15000.0,400.0,1.0,TECS_MRAC,none,1000000000.0,0,565.0050869993865,6942993.694612593,0.15907895606801742,0.4181366156043766,-0.07351141874416312,0.4181366156043766,0.0030433125064778595,0,0,0,nan,nan,15658.235999055207,561.0101701166975,1,
1,15000.0,400.0,1.0,TECS_MRAC,none,1000000000.0,0,565.0050869993865,6942993.694612593,0.15907895606801742,0.4181366156043766,-0.07351141874416312,0.4181366156043766,0.0030433125064778595,0,0,0,nan,nan,15658.235999055207,561.0101701166975,1,
2,15000.0,400.0,1.0,TECS_MRAC,none,1000000000.0,0,565.0050869993865,6942993.694612593,0.15907895606801742,0.4181366156043766,-0.07351141874416312,0.4181366156043766,0.0030433125064778595,0,0,0,nan,nan,15658.235999055207,561.0101701166975,1,
3,15000.0,400.0,1.0,TECS_MRAC,none,1000000000.0,0,565.0050869993865,6942993.694612593,0.15907895606801742,0.4181366156043766,-0.07351141874416312,0.4181366156043766,0.0030433125064778595,0,0,0,nan,nan,15658.235999055207,561.0101701166975,1,
4,15000.0,400.0,1.0,TECS_MRAC,none,1000000000.0,0,565.0050869993865,6942993.694612593,0.15907895606801742,0.4181366156043766,-0.07351141874416312,0.4181366156043766,0.0030433125064778595,0,0,0,nan,nan,15658.235999055207,561.0101701166975,1,
5,15000.0,400.0,1.0,TECS_MRAC,none,1000000000.0,0,565.0050869993865,6942993.694612593,0.15907895606801742,0.4181366156043766,-0.07351141874416312,0.4181366156043766,0.0030433125064778595,0,0,0,nan,nan,15658.235999055207,561.0101701166975,1,
6,15000.0,400.0,1.0,TECS_MRAC,none,1000000000.0,0,565.0050869993865,6942993.694612593,0.15907895606801742,0.4181366156043766,-0.07351141874416312,0.4181366156043766,0.0030433125064778595,0,0,0,nan,nan,15658.235999055207,561.0101701166975,1,
7,15000.0,400.0,1.0,TECS_MRAC,none,1000000000.0,0,565.0050869993865,6942993.694612593,0.15907895606801742,0.4181366156043766,-0.07351141874416312,0.4181366156043766,0.0030433125064778595,0,0,0,nan,nan,15658.235999055207,561.0101701166975,1,
8,15000.0,400.0,1.0,TECS_MRAC,none,1000000000.0,0,565.0050869993865,6942993.694612593,0.15907895606801742,0.4181366156043766,-0.07351141874416312,0.4181366156043766,0.0030433125064778595,0,0,0,nan,nan,15658.235999055207,561.0101701166975,1,
9,15000.0,400.0,1.0,TECS_MRAC,none,1000000000.0,0,565.0050869993865,6942993.694612593,0.15907895606801742,0.4181366156043766,-0.07351141874416312,0.4181366156043766,0.0030433125064778595,0,0,0,nan,nan,15658.235999055207,561.0101701166975,1,
10,15000.0,400.0,1.0,TECS_MRAC,none,1000000000.0,0,565.0050869993865,6942993.694612593,0.15907895606801742,0.4181366156043766,-0.07351141874416312,0.4181366156043766,0.0030433125064778595,0,0,0,nan,nan,15658.235999055207,561.0101701166975,1,
11,15000.0,400.0,1.0,TECS_MRAC,none,1000000000.0,0,565.0050869993865,6942993.694612593,0.15907895606801742,0.4181366156043766,-0.07351141874416312,0.4181366156043766,0.0030433125064778595,0,0,0,nan,nan,15658.235999055207,561.0101701166975,1,
12,15000.0,400.0,1.0,TECS_MRAC,none,1000000000.0,0,565.0050869993865,6942993.694612593,0.15907895606801742,0.4181366156043766,-0.07351141874416312,0.4181366156043766,0.0030433125064778595,0,0,0,nan,nan,15658.235999055207,561.0101701166975,1,
13,15000.0,400.0,1.0,TECS_MRAC,none,1000000000.0,0,565.0050869993865,6942993.694612593,0.15907895606801742,0.4181366156043766,-0.07351141874416312,0.4181366156043766,0.0030433125064778595,0,0,0,nan,nan,15658.235999055207,561.0101701166975,1,
14,15000.0,400.0,1.0,TECS_MRAC,none,1000000000.0,0,565.0050869993865,6942993.694612593,0.15907895606801742,0.4181366156043766,-0.07351141874416312,0.4181366156043766,0.0030433125064778595,0,0,0,nan,nan,15658.235999055207,561.0101701166975,1,
15,15000.0,400.0,1.0,TECS_MRAC,none,1000000000.0,0,565.0050869993865,6942993.694612593,0.15907895606801742,0.4181366156043766,-0.07351141874416312,0.4181366156043766,0.0030433125064778595,0,0,0,nan,nan,15658.235999055207,561.0101701166975,1,
16,15000.0,400.0,1.0,TECS_MRAC,none,1000000000.0,0,565.0050869993865,6942993.694612593,0.15907895606801742,0.4181366156043766,-0.07351141874416312,0.4181366156043766,0.0030433125064778595,0,0,0,nan,nan,15658.235999055207,561.0101701166975,1,
17,15000.0,400.0,1.0,TECS_MRAC,none,1000000000.0,0,565.0050869993865,6942993.694612593,0.15907895606801742,0.4181366156043766,-0.07351141874416312,0.4181366156043766,0.0030433125064778595,0,0,0,nan,nan,15658.235999055207,561.0101701166975,1,
18,15000.0,400.0,1.0,TECS_MRAC,none,1000000000.0,0,565.0050869993865,6942993.694612593,0.15907895606801742,0.4181366156043766,-0.07351141874416312,0.4181366156043766,0.0030433125064778595,0,0,0,nan,nan,15658.235999055207,561.0101701166975,1,
19,15000.0,400.0,1.0,TECS_MRAC,none,1000000000.0,0,565.0050869993865,6942993.694612593,0.15907895606801742,0.4181366156043766,-0.07351141874416312,0.4181366156043766,0.0030433125064778595,0,0,0,nan,nan,15658.235999055207,561.0101701166975,1,
0,15000.0,400.0,1.0,HYBRID,oracle,1000000000.0,0,565.0050869993865,6942993.694612593,0.15907895606801742,0.4181366156043766,-0.07351141874416312,0.4181366156043766,0.0030433125064778595,0,0,0,nan,nan,15658.235999055207,561.0101701166975,1,
1,15000.0,400.0,1.0,HYBRID,oracle,1000000000.0,0,565.0050869993865,6942993.694612593,0.15907895606801742,0.4181366156043766,-0.07351141874416312,0.4181366156043766,0.0030433125064778595,0,0,0,nan,nan,15658.235999055207,561.0101701166975,1,
2,15000.0,400.0,1.0,HYBRID,oracle,1000000000.0,0,565.0050869993865,6942993.694612593,0.15907895606801742,0.4181366156043766,-0.07351141874416312,0.4181366156043766,0.0030433125064778595,0,0,0,nan,nan,15658.235999055207,561.0101701166975,1,
3,15000.0,400.0,1.0,HYBRID,oracle,1000000000.0,0,565.0050869993865,6942993.694612593,0.15907895606801742,0.4181366156043766,-0.07351141874416312,0.4181366156043766,0.0030433125064778595,0,0,0,nan,nan,15658.235999055207,561.0101701166975,1,
4,15000.0,400.0,1.0,HYBRID,oracle,1000000000.0,0,565.0050869993865,6942993.694612593,0.15907895606801742,0.4181366156043766,-0.07351141874416312,0.4181366156043766,0.0030433125064778595,0,0,0,nan,nan,15658.235999055207,561.0101701166975,1,
5,15000.0,400.0,1.0,HYBRID,oracle,1000000000.0,0,565.0050869993865,6942993.694612593,0.15907895606801742,0.4181366156043766,-0.07351141874416312,0.4181366156043766,0.0030433125064778595,0,0,0,nan,nan,15658.235999055207,561.0101701166975,1,
6,15000.0,400.0,1.0,HYBRID,oracle,1000000000.0,0,565.0050869993865,6942993.694612593,0.15907895606801742,0.4181366156043766,-0.07351141874416312,0.4181366156043766,0.0030433125064778595,0,0,0,nan,nan,15658.235999055207,561.0101701166975,1,
7,15000.0,400.0,1.0,HYBRID,oracle,1000000000.0,0,565.0050869993865,6942993.694612593,0.15907895606801742,0.4181366156043766,-0.07351141874416312,0.4181366156043766,0.0030433125064778595,0,0,0,nan,nan,15658.235999055207,561.0101701166975,1,
8,15000.0,400.0,1.0,HYBRID,oracle,1000000000.0,0,565.0050869993865,6942993.694612593,0.15907895606801742,0.4181366156043766,-0.07351141874416312,0.4181366156043766,0.0030433125064778595,0,0,0,nan,nan,15658.235999055207,561.0101701166975,1,
9,15000.0,400.0,1.0,HYBRID,oracle,1000000000.0,0,565.0050869993865,6942993.694612593,0.15907895606801742,0.4181366156043766,-0.07351141874416312,0.4181366156043766,0.0030433125064778595,0,0,0,nan,nan,15658.235999055207,561.0101701166975,1,
10,15000.0,400.0,1.0,HYBRID,oracle,1000000000.0,0,565.0050869993865,6942993.694612593,0.15907895606801742,0.4181366156043766,-0.07351141874416312,0.4181366156043766,0.0030433125064778595,0,0,0,nan,nan,15658.235999055207,561.0101701166975,1,
11,15000.0,400.0,1.0,HYBRID,oracle,1000000000.0,0,565.0050869993865,6942993.694612593,0.15907895606801742,0.4181366156043766,-0.07351141874416312,0.4181366156043766,0.0030433125064778595,0,0,0,nan,nan,15658.235999055207,561.0101701166975,1,
12,15000.0,400.0,1.0,HYBRID,oracle,1000000000.0,0,565.0050869993865,6942993.694612593,0.15907895606801742,0.4181366156043766,-0.07351141874416312,0.4181366156043766,0.0030433125064778595,0,0,0,nan,nan,15658.235999055207,561.0101701166975,1,
13,15000.0,400.0,1.0,HYBRID,oracle,1000000000.0,0,565.0050869993865,6942993.694612593,0.15907895606801742,0.4181366156043766,-0.07351141874416312,0.4181366156043766,0.0030433125064778595,0,0,0,nan,nan,15658.235999055207,561.0101701166975,1,
14,15000.0,400.0,1.0,HYBRID,oracle,1000000000.0,0,565.0050869993865,6942993.694612593,0.15907895606801742,0.4181366156043766,-0.07351141874416312,0.4181366156043766,0.0030433125064778595,0,0,0,nan,nan,15658.235999055207,561.0101701166975,1,
15,15000.0,400.0,1.0,HYBRID,oracle,1000000000.0,0,565.0050869993865,6942993.694612593,0.15907895606801742,0.4181366156043766,-0.07351141874416312,0.4181366156043766,0.0030433125064778595,0,0,0,nan,nan,15658.235999055207,561.0101701166975,1,
16,15000.0,400.0,1.0,HYBRID,oracle,1000000000.0,0,565.0050869993865,6942993.694612593,0.15907895606801742,0.4181366156043766,-0.07351141874416312,0.4181366156043766,0.0030433125064778595,0,0,0,nan,nan,15658.235999055207,561.0101701166975,1,
17,15000.0,400.0,1.0,HYBRID,oracle,1000000000.0,0,565.0050869993865,6942993.694612593,0.15907895606801742,0.4181366156043766,-0.07351141874416312,0.4181366156043766,0.0030433125064778595,0,0,0,nan,nan,15658.235999055207,561.0101701166975,1,
18,15000.0,400.0,1.0,HYBRID,oracle,1000000000.0,0,565.0050869993865,6942993.694612593,0.15907895606801742,0.4181366156043766,-0.07351141874416312,0.4181366156043766,0.0030433125064778595,0,0,0,nan,nan,15658.235999055207,561.0101701166975,1,
19,15000.0,400.0,1.0,HYBRID,oracle,1000000000.0,0,565.0050869993865,6942993.694612593,0.15907895606801742,0.4181366156043766,-0.07351141874416312,0.4181366156043766,0.0030433125064778595,0,0,0,nan,nan,15658.235999055207,561.0101701166975,1,
0,15000.0,400.0,1.0,FULL_STACK,oracle,1000000000.0,0,565.0050869993865,6942993.694612593,0.15907895606801742,0.4181366156043766,-0.07351141874416312,0.4181366156043766,0.0030433125064778595,0,0,0,nan,nan,15658.235999055207,561.0101701166975,1,
1,15000.0,400.0,1.0,FULL_STACK,oracle,1000000000.0,0,565.0050869993865,6942993.694612593,0.15907895606801742,0.4181366156043766,-0.07351141874416312,0.4181366156043766,0.0030433125064778595,0,0,0,nan,nan,15658.235999055207,561.0101701166975,1,
2,15000.0,400.0,1.0,FULL_STACK,oracle,1000000000.0,0,565.0050869993865,6942993.694612593,0.15907895606801742,0.4181366156043766,-0.07351141874416312,0.4181366156043766,0.0030433125064778595,0,0,0,nan,nan,15658.235999055207,561.0101701166975,1,
3,15000.0,400.0,1.0,FULL_STACK,oracle,1000000000.0,0,565.0050869993865,6942993.694612593,0.15907895606801742,0.4181366156043766,-0.07351141874416312,0.4181366156043766,0.0030433125064778595,0,0,0,nan,nan,15658.235999055207,561.0101701166975,1,
4,15000.0,400.0,1.0,FULL_STACK,oracle,1000000000.0,0,565.0050869993865,6942993.694612593,0.15907895606801742,0.4181366156043766,-0.07351141874416312,0.4181366156043766,0.0030433125064778595,0,0,0,nan,nan,15658.235999055207,561.0101701166975,1,
5,15000.0,400.0,1.0,FULL_STACK,oracle,1000000000.0,0,565.0050869993865,6942993.694612593,0.15907895606801742,0.4181366156043766,-0.07351141874416312,0.4181366156043766,0.0030433125064778595,0,0,0,nan,nan,15658.235999055207,561.0101701166975,1,
6,15000.0,400.0,1.0,FULL_STACK,oracle,1000000000.0,0,565.0050869993865,6942993.694612593,0.15907895606801742,0.4181366156043766,-0.07351141874416312,0.4181366156043766,0.0030433125064778595,0,0,0,nan,nan,15658.235999055207,561.0101701166975,1,
7,15000.0,400.0,1.0,FULL_STACK,oracle,1000000000.0,0,565.0050869993865,6942993.694612593,0.15907895606801742,0.4181366156043766,-0.07351141874416312,0.4181366156043766,0.0030433125064778595,0,0,0,nan,nan,15658.235999055207,561.0101701166975,1,
8,15000.0,400.0,1.0,FULL_STACK,oracle,1000000000.0,0,565.0050869993865,6942993.694612593,0.15907895606801742,0.4181366156043766,-0.07351141874416312,0.4181366156043766,0.0030433125064778595,0,0,0,nan,nan,15658.235999055207,561.0101701166975,1,
9,15000.0,400.0,1.0,FULL_STACK,oracle,1000000000.0,0,565.0050869993865,6942993.694612593,0.15907895606801742,0.4181366156043766,-0.07351141874416312,0.4181366156043766,0.0030433125064778595,0,0,0,nan,nan,15658.235999055207,561.0101701166975,1,
10,15000.0,400.0,1.0,FULL_STACK,oracle,1000000000.0,0,565.0050869993865,6942993.694612593,0.15907895606801742,0.4181366156043766,-0.07351141874416312,0.4181366156043766,0.0030433125064778595,0,0,0,nan,nan,15658.235999055207,561.0101701166975,1,
11,15000.0,400.0,1.0,FULL_STACK,oracle,1000000000.0,0,565.0050869993865,6942993.694612593,0.15907895606801742,0.4181366156043766,-0.07351141874416312,0.4181366156043766,0.0030433125064778595,0,0,0,nan,nan,15658.235999055207,561.0101701166975,1,
12,15000.0,400.0,1.0,FULL_STACK,oracle,1000000000.0,0,565.0050869993865,6942993.694612593,0.15907895606801742,0.4181366156043766,-0.07351141874416312,0.4181366156043766,0.0030433125064778595,0,0,0,nan,nan,15658.235999055207,561.0101701166975,1,
13,15000.0,400.0,1.0,FULL_STACK,oracle,1000000000.0,0,565.0050869993865,6942993.694612593,0.15907895606801742,0.4181366156043766,-0.07351141874416312,0.4181366156043766,0.0030433125064778595,0,0,0,nan,nan,15658.235999055207,561.0101701166975,1,
14,15000.0,400.0,1.0,FULL_STACK,oracle,1000000000.0,0,565.0050869993865,6942993.694612593,0.15907895606801742,0.4181366156043766,-0.07351141874416312,0.4181366156043766,0.0030433125064778595,0,0,0,nan,nan,15658.235999055207,561.0101701166975,1,
15,15000.0,400.0,1.0,FULL_STACK,oracle,1000000000.0,0,565.0050869993865,6942993.694612593,0.15907895606801742,0.4181366156043766,-0.07351141874416312,0.4181366156043766,0.0030433125064778595,0,0,0,nan,nan,15658.235999055207,561.0101701166975,1,
16,15000.0,400.0,1.0,FULL_STACK,oracle,1000000000.0,0,565.0050869993865,6942993.694612593,0.15907895606801742,0.4181366156043766,-0.07351141874416312,0.4181366156043766,0.0030433125064778595,0,0,0,nan,nan,15658.235999055207,561.0101701166975,1,
17,15000.0,400.0,1.0,FULL_STACK,oracle,1000000000.0,0,565.0050869993865,6942993.694612593,0.15907895606801742,0.4181366156043766,-0.07351141874416312,0.4181366156043766,0.0030433125064778595,0,0,0,nan,nan,15658.235999055207,561.0101701166975,1,
18,15000.0,400.0,1.0,FULL_STACK,oracle,1000000000.0,0,565.0050869993865,6942993.694612593,0.15907895606801742,0.4181366156043766,-0.07351141874416312,0.4181366156043766,0.0030433125064778595,0,0,0,nan,nan,15658.235999055207,561.0101701166975,1,
19,15000.0,400.0,1.0,FULL_STACK,oracle,1000000000.0,0,565.0050869993865,6942993.694612593,0.15907895606801742,0.4181366156043766,-0.07351141874416312,0.4181366156043766,0.0030433125064778595,0,0,0,nan,nan,15658.235999055207,561.0101701166975,1,
0,15000.0,400.0,0.8,BASELINE,none,15.0,0,573.4905584529042,6959614.161262509,0.5626567344364675,0.38452467214230635,-0.05782713390479744,0.38452467214230635,0.004189145663186629,0,0,0,nan,0.20000000000002008,15666.721470508724,560.8612849429707,1,
1,15000.0,400.0,0.8,BASELINE,none,15.0,0,573.4905584529042,6959614.161262509,0.5626567344364675,0.38452467214230635,-0.05782713390479744,0.38452467214230635,0.004189145663186629,0,0,0,nan,0.20000000000002008,15666.721470508724,560.8612849429707,1,
2,15000.0,400.0,0.8,BASELINE,none,15.0,0,573.4905584529042,6959614.161262509,0.5626567344364675,0.38452467214230635,-0.05782713390479744,0.38452467214230635,0.004189145663186629,0,0,0,nan,0.20000000000002008,15666.721470508724,560.8612849429707,1,
3,15000.0,400.0,0.8,BASELINE,none,15.0,0,573.4905584529042,6959614.161262509,0.5626567344364675,0.38452467214230635,-0.05782713390479744,0.38452467214230635,0.004189145663186629,0,0,0,nan,0.20000000000002008,15666.721470508724,560.8612849429707,1,
4,15000.0,400.0,0.8,BASELINE,none,15.0,0,573.4905584529042,6959614.161262509,0.5626567344364675,0.38452467214230635,-0.05782713390479744,0.38452467214230635,0.004189145663186629,0,0,0,nan,0.20000000000002008,15666.721470508724,560.8612849429707,1,
5,15000.0,400.0,0.8,BASELINE,none,15.0,0,573.4905584529042,6959614.161262509,0.5626567344364675,0.38452467214230635,-0.05782713390479744,0.38452467214230635,0.004189145663186629,0,0,0,nan,0.20000000000002008,15666.721470508724,560.8612849429707,1,
6,15000.0,400.0,0.8,BASELINE,none,15.0,0,573.4905584529042,6959614.161262509,0.5626567344364675,0.38452467214230635,-0.05782713390479744,0.38452467214230635,0.004189145663186629,0,0,0,nan,0.20000000000002008,15666.721470508724,560.8612849429707,1,
7,15000.0,400.0,0.8,BASELINE,none,15.0,0,573.4905584529042,6959614.161262509,0.5626567344364675,0.38452467214230635,-0.05782713390479744,0.38452467214230635,0.004189145663186629,0,0,0,nan,0.20000000000002008,15666.721470508724,560.8612849429707,1,
8,15000.0,400.0,0.8,BASELINE,none,15.0,0,573.4905584529042,6959614.161262509,0.5626567344364675,0.38452467214230635,-0.05782713390479744,0.38452467214230635,0.004189145663186629,0,0,0,nan,0.20000000000002008,15666.721470508724,560.8612849429707,1,
9,15000.0,400.0,0.8,BASELINE,none,15.0,0,573.4905584529042,6959614.161262509,0.5626567344364675,0.38452467214230635,-0.05782713390479744,0.38452467214230635,0.004189145663186629,0,0,0,nan,0.20000000000002008,15666.721470508724,560.8612849429707,1,
10,15000.0,400.0,0.8,BASELINE,none,15.0,0,573.4905584529042,6959614.161262509,0.5626567344364675,0.38452467214230635,-0.05782713390479744,0.38452467214230635,0.004189145663186629,0,0,0,nan,0.20000000000002008,15666.721470508724,560.8612849429707,1,
11,15000.0,400.0,0.8,BASELINE,none,15.0,0,573.4905584529042,6959614.161262509,0.5626567344364675,0.38452467214230635,-0.05782713390479744,0.38452467214230635,0.004189145663186629,0,0,0,nan,0.20000000000002008,15666.721470508724,560.8612849429707,1,
12,15000.0,400.0,0.8,BASELINE,none,15.0,0,573.4905584529042,6959614.161262509,0.5626567344364675,0.38452467214230635,-0.05782713390479744,0.38452467214230635,0.004189145663186629,0,0,0,nan,0.20000000000002008,15666.721470508724,560.8612849429707,1,
13,15000.0,400.0,0.8,BASELINE,none,15.0,0,573.4905584529042,6959614.161262509,0.5626567344364675,0.38452467214230635,-0.05782713390479744,0.38452467214230635,0.004189145663186629,0,0,0,nan,0.20000000000002008,15666.721470508724,560.8612849429707,1,
14,15000.0,400.0,0.8,BASELINE,none,15.0,0,573.4905584529042,6959614.161262509,0.5626567344364675,0.38452467214230635,-0.05782713390479744,0.38452467214230635,0.004189145663186629,0,0,0,nan,0.20000000000002008,15666.721470508724,560.8612849429707,1,
15,15000.0,400.0,0.8,BASELINE,none,15.0,0,573.4905584529042,6959614.161262509,0.5626567344364675,0.38452467214230635,-0.05782713390479744,0.38452467214230635,0.004189145663186629,0,0,0,nan,0.20000000000002008,15666.721470508724,560.8612849429707,1,
16,15000.0,400.0,0.8,BASELINE,none,15.0,0,573.4905584529042,6959614.161262509,0.5626567344364675,0.38452467214230635,-0.05782713390479744,0.38452467214230635,0.004189145663186629,0,0,0,nan,0.20000000000002008,15666.721470508724,560.8612849429707,1,
17,15000.0,400.0,0.8,BASELINE,none,15.0,0,573.4905584529042,6959614.161262509,0.5626567344364675,0.38452467214230635,-0.05782713390479744,0.38452467214230635,0.004189145663186629,0,0,0,nan,0.20000000000002008,15666.721470508724,560.8612849429707,1,
18,15000.0,400.0,0.8,BASELINE,none,15.0,0,573.4905584529042,6959614.161262509,0.5626567344364675,0.38452467214230635,-0.05782713390479744,0.38452467214230635,0.004189145663186629,0,0,0,nan,0.20000000000002008,15666.721470508724,560.8612849429707,1,
19,15000.0,400.0,0.8,BASELINE,none,15.0,0,573.4905584529042,6959614.161262509,0.5626567344364675,0.38452467214230635,-0.05782713390479744,0.38452467214230635,0.004189145663186629,0,0,0,nan,0.20000000000002008,15666.721470508724,560.8612849429707,1,
0,15000.0,400.0,0.8,CLASSICAL_KAPPA,oracle,15.0,0,571.0737486034632,6893854.33301323,0.5626567344364675,0.38452467214230635,-0.057553760855521545,0.38452467214230635,0.004197119239391173,0,0,0,0.5166666666657882,0.011088114930509768,15664.304660659283,560.8864078201971,1,
1,15000.0,400.0,0.8,CLASSICAL_KAPPA,oracle,15.0,0,571.0690853074193,6893575.093444791,0.5626567344364675,0.38452467214230635,-0.05725997937629131,0.38452467214230635,0.004196721309361007,0,0,0,0.5333333333324539,0.01104663365023696,15664.29999736324,560.8864045565081,1,
2,15000.0,400.0,0.8,CLASSICAL_KAPPA,oracle,15.0,0,571.0502492785454,6893405.353256597,0.5626567344364675,0.38452467214230635,-0.05766341952816121,0.38452467214230635,0.004196639601505663,0,0,0,0.5499999999991196,0.011073541013651553,15664.281161334366,560.8867690178212,1,
3,15000.0,400.0,0.8,CLASSICAL_KAPPA,oracle,15.0,0,571.0621071308851,6893804.770805417,0.5626567344364675,0.38452467214230635,-0.05805721420250734,0.38452467214230635,0.004196908610406203,0,0,0,0.48333333333245676,0.011088381026682066,15664.293019186705,560.8865399811277,1,
4,15000.0,400.0,0.8,CLASSICAL_KAPPA,oracle,15.0,0,571.0842352695763,6893732.0167174265,0.5626567344364675,0.38452467214230635,-0.05784528864659046,0.38452467214230635,0.004197263006613704,0,0,0,0.5583333333324525,0.011009479298288195,15664.315147325397,560.8861470753318,1,
5,15000.0,400.0,0.8,CLASSICAL_KAPPA,oracle,15.0,0,571.0605574436486,6893725.472794848,0.5626567344364675,0.38452467214230635,-0.057845480222236796,0.38452467214230635,0.004196721656907288,0,0,0,0.5833333333324511,0.011052622594422105,15664.291469499469,560.8865596332902,1,
6,15000.0,400.0,0.8,CLASSICAL_KAPPA,oracle,15.0,0,571.0570033416152,6893527.734851622,0.5626567344364675,0.38452467214230635,-0.05725671420891615,0.38452467214230635,0.004196810459602934,0,0,0,0.5416666666657868,0.010995336931298021,15664.287915397435,560.886709990735,1,
7,15000.0,400.0,0.8,CLASSICAL_KAPPA,oracle,15.0,0,571.0635677985847,6893738.063844214,0.5626567344364675,0.38452467214230635,-0.0575681291562563,0.38452467214230635,0.0041969035554275235,0,0,0,0.5333333333324539,0.01096209568083975,15664.294479854405,560.8865875273868,1,
8,15000.0,400.0,0.8,CLASSICAL_KAPPA,oracle,15.0,0,571.0626744925976,6893551.589404639,0.5626567344364675,0.38452467214230635,-0.05780979743761974,0.38452467214230635,0.004196806934607835,0,0,0,0.5999999999991168,0.011090354643989093,15664.293586548418,560.8864276124351,1,
9,15000.0,400.0,0.8,CLASSICAL_KAPPA,oracle,15.0,0,571.0631787963212,6893824.649927774,0.5626567344364675,0.38452467214230635,-0.05770048972679366,0.38452467214230635,0.00419684701528795,0,0,0,0.5249999999991211,0.011245464579816683,15664.294090852141,560.8866606380234,1,
10,15000.0,400.0,0.8,CLASSICAL_KAPPA,oracle,15.0,0,571.0591622963548,6893865.687623553,0.5626567344364675,0.38452467214230635,-0.057418957202787585,0.38452467214230635,0.004196553935273957,0,0,0,0.46666666666579104,0.010892812354971844,15664.290074352175,560.8866756152619,1,
11,15000.0,400.0,0.8,CLASSICAL_KAPPA,oracle,15.0,0,571.0810734182596,6894262.955807911,0.5626567344364675,0.38452467214230635,-0.057784150635037085,0.38452467214230635,0.004196951723551689,0,0,0,0.4916666666657896,0.011026653514560926,15664.31198547408,560.8864460080193,1,
12,15000.0,400.0,0.8,CLASSICAL_KAPPA,oracle,15.0,0,571.0830915272236,6893761.401006483,0.5626567344364675,0.38452467214230635,-0.05734890555633209,0.38452467214230635,0.004196964351846039,0,0,0,0.5333333333324539,0.010989891457304382,15664.314003583044,560.8861340364683,1,
13,15000.0,400.0,0.8,CLASSICAL_KAPPA,oracle,15.0,0,571.0577424541116,6893651.445109255,0.5626567344364675,0.38452467214230635,-0.05715258397426318,0.38452467214230635,0.00419660048225577,0,0,0,0.5666666666657854,0.011098831598410444,15664.288654509932,560.8866723255942,1,
14,15000.0,400.0,0.8,CLASSICAL_KAPPA,oracle,15.0,0,571.0885919332504,6894255.809815361,0.5626567344364675,0.38452467214230635,-0.05726571078712166,0.38452467214230635,0.0041972061140993465,0,0,0,0.5166666666657882,0.011051814425222559,15664.31950398907,560.8862479870761,1,
15,15000.0,400.0,0.8,CLASSICAL_KAPPA,oracle,15.0,0,571.0948632881045,6894068.792508712,0.5626567344364675,0.38452467214230635,-0.05773199605873399,0.38452467214230635,0.0041974458851567155,0,0,0,0.5416666666657868,0.011069857843941154,15664.325775343925,560.8860621365711,1,
16,15000.0,400.0,0.8,CLASSICAL_KAPPA,oracle,15.0,0,571.025073453784,6893049.10389773,0.5626567344364675,0.38452467214230635,-0.05736304177604109,0.38452467214230635,0.004196400669484338,0,0,0,0.5416666666657868,0.011066483755552615,15664.255985509604,560.8871440991202,1,
17,15000.0,400.0,0.8,CLASSICAL_KAPPA,oracle,15.0,0,571.1019093804061,6894082.260105706,0.5626567344364675,0.38452467214230635,-0.05775776752195978,0.38452467214230635,0.004197366476271553,0,0,0,0.4916666666657896,0.011041562482754104,15664.332821436226,560.8858830644751,1,
18,15000.0,400.0,0.8,CLASSICAL_KAPPA,oracle,15.0,0,571.0686695277691,6893821.139788627,0.5626567344364675,0.38452467214230635,-0.05730784522583935,0.38452467214230635,0.004196809391473516,0,0,0,0.4999999999991225,0.011138122614865404,15664.29958158359,560.8865688181933,1,
19,15000.0,400.0,0.8,CLASSICAL_KAPPA,oracle,15.0,0,571.0674954988062,6894030.447834944,0.5626567344364675,0.38452467214230635,-0.05786025402850033,0.38452467214230635,0.004197031827984106,0,0,0,0.4333333333324596,0.010952901625974487,15664.298407554626,560.8865896772335,1,
0,15000.0,400.0,0.8,TECS_MRAC,none,15.0,0,567.3119679056108,7004532.2097705975,0.15907895606801742,0.4181366156043766,-0.07354743340925507,0.4181366156043766,0.004238311684551586,0,0,0,nan,0.20000000000002008,15660.542879961431,560.9858206634559,1,
1,15000.0,400.0,0.8,TECS_MRAC,none,15.0,0,567.3119679056108,7004532.2097705975,0.15907895606801742,0.4181366156043766,-0.07354743340925507,0.4181366156043766,0.004238311684551586,0,0,0,nan,0.20000000000002008,15660.542879961431,560.9858206634559,1,
2,15000.0,400.0,0.8,TECS_MRAC,none,15.0,0,567.3119679056108,7004532.2097705975,0.15907895606801742,0.4181366156043766,-0.07354743340925507,0.4181366156043766,0.004238311684551586,0,0,0,nan,0.20000000000002008,15660.542879961431,560.9858206634559,1,
3,15000.0,400.0,0.8,TECS_MRAC,none,15.0,0,567.3119679056108,7004532.2097705975,0.15907895606801742,0.4181366156043766,-0.07354743340925507,0.4181366156043766,0.004238311684551586,0,0,0,nan,0.20000000000002008,15660.542879961431,560.9858206634559,1,
4,15000.0,400.0,0.8,TECS_MRAC,none,15.0,0,567.3119679056108,7004532.2097705975,0.15907895606801742,0.4181366156043766,-0.07354743340925507,0.4181366156043766,0.004238311684551586,0,0,0,nan,0.20000000000002008,15660.542879961431,560.9858206634559,1,
5,15000.0,400.0,0.8,TECS_MRAC,none,15.0,0,567.3119679056108,7004532.2097705975,0.15907895606801742,0.4181366156043766,-0.07354743340925507,0.4181366156043766,0.004238311684551586,0,0,0,nan,0.20000000000002008,15660.542879961431,560.9858206634559,1,
6,15000.0,400.0,0.8,TECS_MRAC,none,15.0,0,567.3119679056108,7004532.2097705975,0.15907895606801742,0.4181366156043766,-0.07354743340925507,0.4181366156043766,0.004238311684551586,0,0,0,nan,0.20000000000002008,15660.542879961431,560.9858206634559,1,
7,15000.0,400.0,0.8,TECS_MRAC,none,15.0,0,567.3119679056108,7004532.2097705975,0.15907895606801742,0.4181366156043766,-0.07354743340925507,0.4181366156043766,0.004238311684551586,0,0,0,nan,0.20000000000002008,15660.542879961431,560.9858206634559,1,
8,15000.0,400.0,0.8,TECS_MRAC,none,15.0,0,567.3119679056108,7004532.2097705975,0.15907895606801742,0.4181366156043766,-0.07354743340925507,0.4181366156043766,0.004238311684551586,0,0,0,nan,0.20000000000002008,15660.542879961431,560.9858206634559,1,
9,15000.0,400.0,0.8,TECS_MRAC,none,15.0,0,567.3119679056108,7004532.2097705975,0.15907895606801742,0.4181366156043766,-0.07354743340925507,0.4181366156043766,0.004238311684551586,0,0,0,nan,0.20000000000002008,15660.542879961431,560.9858206634559,1,
10,15000.0,400.0,0.8,TECS_MRAC,none,15.0,0,567.3119679056108,7004532.2097705975,0.15907895606801742,0.4181366156043766,-0.07354743340925507,0.4181366156043766,0.004238311684551586,0,0,0,nan,0.20000000000002008,15660.542879961431,560.9858206634559,1,
11,15000.0,400.0,0.8,TECS_MRAC,none,15.0,0,567.3119679056108,7004532.2097705975,0.15907895606801742,0.4181366156043766,-0.07354743340925507,0.4181366156043766,0.004238311684551586,0,0,0,nan,0.20000000000002008,15660.542879961431,560.9858206634559,1,
12,15000.0,400.0,0.8,TECS_MRAC,none,15.0,0,567.3119679056108,7004532.2097705975,0.15907895606801742,0.4181366156043766,-0.07354743340925507,0.4181366156043766,0.004238311684551586,0,0,0,nan,0.20000000000002008,15660.542879961431,560.9858206634559,1,
13,15000.0,400.0,0.8,TECS_MRAC,none,15.0,0,567.3119679056108,7004532.2097705975,0.15907895606801742,0.4181366156043766,-0.07354743340925507,0.4181366156043766,0.004238311684551586,0,0,0,nan,0.20000000000002008,15660.542879961431,560.9858206634559,1,
14,15000.0,400.0,0.8,TECS_MRAC,none,15.0,0,567.3119679056108,7004532.2097705975,0.15907895606801742,0.4181366156043766,-0.07354743340925507,0.4181366156043766,0.004238311684551586,0,0,0,nan,0.20000000000002008,15660.542879961431,560.9858206634559,1,
15,15000.0,400.0,0.8,TECS_MRAC,none,15.0,0,567.3119679056108,7004532.2097705975,0.15907895606801742,0.4181366156043766,-0.07354743340925507,0.4181366156043766,0.004238311684551586,0,0,0,nan,0.20000000000002008,15660.542879961431,560.9858206634559,1,
16,15000.0,400.0,0.8,TECS_MRAC,none,15.0,0,567.3119679056108,7004532.2097705975,0.15907895606801742,0.4181366156043766,-0.07354743340925507,0.4181366156043766,0.004238311684551586,0,0,0,nan,0.20000000000002008,15660.542879961431,560.9858206634559,1,
17,15000.0,400.0,0.8,TECS_MRAC,none,15.0,0,567.3119679056108,7004532.2097705975,0.15907895606801742,0.4181366156043766,-0.07354743340925507,0.4181366156043766,0.004238311684551586,0,0,0,nan,0.20000000000002008,15660.542879961431,560.9858206634559,1,
18,15000.0,400.0,0.8,TECS_MRAC,none,15.0,0,567.3119679056108,7004532.2097705975,0.15907895606801742,0.4181366156043766,-0.07354743340925507,0.4181366156043766,0.004238311684551586,0,0,0,nan,0.20000000000002008,15660.542879961431,560.9858206634559,1,
19,15000.0,400.0,0.8,TECS_MRAC,none,15.0,0,567.3119679056108,7004532.2097705975,0.15907895606801742,0.4181366156043766,-0.07354743340925507,0.4181366156043766,0.004238311684551586,0,0,0,nan,0.20000000000002008,15660.542879961431,560.9858206634559,1,
0,15000.0,400.0,0.8,HYBRID,oracle,15.0,0,564.988950368017,6942699.522606311,0.15907895606801742,0.4181366156043766,-0.07336287455257529,0.4181366156043766,0.004247120462314071,0,0,0,0.5166666666657882,0.011088114930509768,15658.219862423837,561.0103543359959,1,
1,15000.0,400.0,0.8,HYBRID,oracle,15.0,0,564.9875986427069,6942944.920235111,0.15907895606801742,0.4181366156043766,-0.0731269182335464,0.4181366156043766,0.004246932126632485,0,0,0,0.5333333333324539,0.01104663365023696,15658.218510698527,561.0105016304259,1,
2,15000.0,400.0,0.8,HYBRID,oracle,15.0,0,564.9654216840863,6942516.5820517875,0.15907895606801742,0.4181366156043766,-0.07352927165549732,0.4181366156043766,0.00424668774550473,0,0,0,0.5499999999991196,0.011073541013651553,15658.196333739907,561.0108133581592,1,
3,15000.0,400.0,0.8,HYBRID,oracle,15.0,0,564.9686529412866,6942553.232803706,0.15907895606801742,0.4181366156043766,-0.07387474710427995,0.4181366156043766,0.004246768372332289,0,0,0,0.48333333333245676,0.011088381026682066,15658.199564997107,561.0106219856481,1,
4,15000.0,400.0,0.8,HYBRID,oracle,15.0,0,565.0225630365312,6943490.899229834,0.15907895606801742,0.4181366156043766,-0.07369172640527304,0.4181366156043766,0.004247789564529527,0,0,0,0.5583333333324525,0.011009479298288195,15658.253475092351,561.0099781910166,1,
5,15000.0,400.0,0.8,HYBRID,oracle,15.0,0,564.9797698408365,6942723.218520403,0.15907895606801742,0.4181366156043766,-0.07357758245561825,0.4181366156043766,0.004246873775282346,0,0,0,0.5833333333324511,0.011052622594422105,15658.210681896657,561.0104761190232,1,
6,15000.0,400.0,0.8,HYBRID,oracle,15.0,0,565.0038075558841,6943163.942671856,0.15907895606801742,0.4181366156043766,-0.0731098783956038,0.4181366156043766,0.00424736146776844,0,0,0,0.5416666666657868,0.010995336931298021,15658.234719611704,561.010283649879,1,
7,15000.0,400.0,0.8,HYBRID,oracle,15.0,0,564.9691964387894,6942519.225827748,0.15907895606801742,0.4181366156043766,-0.07338483254859303,0.4181366156043766,0.004246982858948779,0,0,0,0.5333333333324539,0.01096209568083975,15658.20010849461,561.0106879695436,1,
8,15000.0,400.0,0.8,HYBRID,oracle,15.0,0,564.9970242977142,6942990.57197206,0.15907895606801742,0.4181366156043766,-0.07365459429622949,0.4181366156043766,0.004247207918622873,0,0,0,0.5999999999991168,0.011090354643989093,15658.227936353534,561.0102035239348,1,
9,15000.0,400.0,0.8,HYBRID,oracle,15.0,0,564.9908104799688,6942762.898940485,0.15907895606801742,0.4181366156043766,-0.07345313009065142,0.4181366156043766,0.0042471789015859655,0,0,0,0.5249999999991211,0.011245464579816683,15658.221722535789,561.0103507140349,1,
10,15000.0,400.0,0.8,HYBRID,oracle,15.0,0,564.9899464398623,6942877.504524766,0.15907895606801742,0.4181366156043766,-0.07324659545574785,0.4181366156043766,0.0042468854178548425,0,0,0,0.46666666666579104,0.010892812354971844,15658.220858495682,561.0103431120185,1,
11,15000.0,400.0,0.8,HYBRID,oracle,15.0,0,564.9660772457719,6942572.434338556,0.15907895606801742,0.4181366156043766,-0.07354477186289103,0.4181366156043766,0.004246705130440694,0,0,0,0.4916666666657896,0.011026653514560926,15658.196989301592,561.0107793384084,1,
12,15000.0,400.0,0.8,HYBRID,oracle,15.0,0,565.00573316589,6943086.95034914,0.15907895606801742,0.4181366156043766,-0.07312485000505621,0.4181366156043766,0.0042471265087945876,0,0,0,0.5333333333324539,0.010989891457304382,15658.23664522171,561.0101168943303,1,
13,15000.0,400.0,0.8,HYBRID,oracle,15.0,0,564.9974428005517,6943036.964314644,0.15907895606801742,0.4181366156043766,-0.07300569811382994,0.4181366156043766,0.004247147623653711,0,0,0,0.5666666666657854,0.011098831598410444,15658.228354856372,561.0102997979155,1,
14,15000.0,400.0,0.8,HYBRID,oracle,15.0,0,564.9847226962447,6942656.050791135,0.15907895606801742,0.4181366156043766,-0.07311296677550376,0.4181366156043766,0.004246969337312795,0,0,0,0.5166666666657882,0.011051814425222559,15658.215634752065,561.0104067122035,1,
15,15000.0,400.0,0.8,HYBRID,oracle,15.0,0,564.99377168715,6942922.595348218,0.15907895606801742,0.4181366156043766,-0.07351245573206605,0.4181366156043766,0.004247343672205517,0,0,0,0.5416666666657868,0.011069857843941154,15658.22468374297,561.0103588385243,1,
16,15000.0,400.0,0.8,HYBRID,oracle,15.0,0,564.9837105236948,6942721.156680912,0.15907895606801742,0.4181366156043766,-0.07327585532189367,0.4181366156043766,0.004247125871492725,0,0,0,0.5416666666657868,0.011066483755552615,15658.214622579515,561.0104823502397,1,
17,15000.0,400.0,0.8,HYBRID,oracle,15.0,0,565.0027592219412,6943046.583797729,0.15907895606801742,0.4181366156043766,-0.07352775053573711,0.4181366156043766,0.004247280509865426,0,0,0,0.4916666666657896,0.011041562482754104,15658.233671277761,561.0101920365048,1,
18,15000.0,400.0,0.8,HYBRID,oracle,15.0,0,564.9995866641402,6943178.392165152,0.15907895606801742,0.4181366156043766,-0.0731344698420293,0.4181366156043766,0.004247211264061114,0,0,0,0.4999999999991225,0.011138122614865404,15658.23049871996,561.0103890323621,1,
19,15000.0,400.0,0.8,HYBRID,oracle,15.0,0,565.0106097981334,6943055.932885843,0.15907895606801742,0.4181366156043766,-0.07370324064772418,0.4181366156043766,0.004247490748921503,0,0,0,0.4333333333324596,0.010952901625974487,15658.241521853954,561.009975829919,1,
0,15000.0,400.0,0.8,FULL_STACK,oracle,15.0,0,595.1429883800447,7973637.727119464,0.9465574268561379,0.4181366156043766,-0.08445897118960745,0.4181366156043766,0.004385471107959881,5325,0,0,0.5166666666657882,0.011088114930509768,15688.373900435865,560.7460467669773,1,
1,15000.0,400.0,0.8,FULL_STACK,oracle,15.0,0,595.2054567970335,7973730.876161617,1.0455050439981928,0.41988124034005886,-0.08693077580075853,0.41988124034005886,0.0043950561857738525,5328,0,0,0.5333333333324539,0.01104663365023696,15688.436368852854,560.7445058474771,1,
2,15000.0,400.0,0.8,FULL_STACK,oracle,15.0,0,595.0856628902256,7973175.594804091,1.0637419383567508,0.4202885206433709,-0.08671482758219798,0.4202885206433709,0.0043957929410381215,5329,0,0,0.5499999999991196,0.011073541013651553,15688.316574946046,560.7469107917887,1,
3,15000.0,400.0,0.8,FULL_STACK,oracle,15.0,0,595.1331674642861,7973825.350249119,1.0007340267074236,0.4181366156043766,-0.08401726071439071,0.4181366156043766,0.0043890180844403425,5330,0,0,0.48333333333245676,0.011088381026682066,15688.364079520106,560.747230725682,1,
4,15000.0,400.0,0.8,FULL_STACK,oracle,15.0,0,595.1329838857055,7973005.336454186,1.0839130416271778,0.4203490461148488,-0.08304996373782454,0.4203490461148488,0.00439328724522526,5328,0,0,0.5583333333324525,0.011009479298288195,15688.363895941526,560.7459507159032,1,
5,15000.0,400.0,0.8,FULL_STACK,oracle,15.0,0,595.1491016969085,7971830.687018393,1.0910892405358128,0.42073491764799364,-0.08537571494148054,0.42073491764799364,0.004400123245624549,5327,0,0,0.5833333333324511,0.011052622594422105,15688.380013752729,560.7460145435587,1,
6,15000.0,400.0,0.8,FULL_STACK,oracle,15.0,0,595.1531669721007,7972598.78012244,1.0667025081318975,0.42123088791262925,-0.08748325810082845,0.42123088791262925,0.004394994360660423,5330,0,0,0.5416666666657868,0.010995336931298021,15688.384079027921,560.7448483027531,1,
7,15000.0,400.0,0.8,FULL_STACK,oracle,15.0,0,595.1569159142673,7973888.87313672,1.027038399258868,0.41878017222058106,-0.08593725767150133,0.41878017222058106,0.004390605907666753,5328,0,0,0.5333333333324539,0.01096209568083975,15688.387827970088,560.746002362263,1,
8,15000.0,400.0,0.8,FULL_STACK,oracle,15.0,0,595.1878927499056,7973325.040765471,1.055320695160914,0.4181366156043766,-0.08373325778611002,0.4181366156043766,0.004397805294547319,5321,0,0,0.5999999999991168,0.011090354643989093,15688.418804805726,560.7458361880044,1,
9,15000.0,400.0,0.8,FULL_STACK,oracle,15.0,0,595.1563995592296,7973326.94737203,1.0098256104362109,0.4181366156043766,-0.08447884638893592,0.4181366156043766,0.0043928096655044685,5328,0,0,0.5249999999991211,0.011245464579816683,15688.38731161505,560.745475789133,1,
10,15000.0,400.0,0.8,FULL_STACK,oracle,15.0,0,595.1751577854156,7974855.3221754925,0.9298890048593031,0.4181366156043766,-0.08567193234107721,0.4181366156043766,0.004388003534494977,5330,0,0,0.46666666666579104,0.010892812354971844,15688.406069841236,560.7462241926112,1,
11,15000.0,400.0,0.8,FULL_STACK,oracle,15.0,0,595.1009973473847,7973254.46392524,0.8884642104216494,0.4181366156043766,-0.08650015255763056,0.4181366156043766,0.004384655956105184,5325,0,0,0.4916666666657896,0.011026653514560926,15688.331909403205,560.7469008300766,1,
12,15000.0,400.0,0.8,FULL_STACK,oracle,15.0,0,595.1375814862549,7973524.566431281,1.0509968978208684,0.42033347940287563,-0.08635196222514673,0.42033347940287563,0.004396933467329415,5331,0,0,0.5333333333324539,0.010989891457304382,15688.368493542075,560.7463631928282,1,
13,15000.0,400.0,0.8,FULL_STACK,oracle,15.0,0,595.168274436146,7972555.618313203,1.0965198610106068,0.421983229322863,-0.0891719537477542,0.421983229322863,0.004401406099494894,5330,0,0,0.5666666666657854,0.011098831598410444,15688.399186491966,560.7451453992093,1,
14,15000.0,400.0,0.8,FULL_STACK,oracle,15.0,0,595.1333006881177,7972573.107794658,1.0141629361127915,0.4181366156043766,-0.0899315010014159,0.4181366156043766,0.0043885762742531765,5327,0,0,0.5166666666657882,0.011051814425222559,15688.364212743938,560.7459343199664,1,
15,15000.0,400.0,0.8,FULL_STACK,oracle,15.0,0,595.1437979713082,7974004.358418985,1.062876957210499,0.4181366156043766,-0.08501183942104497,0.4181366156043766,0.004392339739072601,5327,0,0,0.5416666666657868,0.011069857843941154,15688.374710027128,560.7460567332445,1,
16,15000.0,400.0,0.8,FULL_STACK,oracle,15.0,0,595.1829340569675,7974502.70680475,0.9966986892224438,0.4181366156043766,-0.08560944944965299,0.4181366156043766,0.004391305355313639,5325,0,0,0.5416666666657868,0.011066483755552615,15688.413846112788,560.7454295632407,1,
17,15000.0,400.0,0.8,FULL_STACK,oracle,15.0,0,595.0822785310447,7972866.722955581,0.975483459806717,0.4181366156043766,-0.08446869352064587,0.4181366156043766,0.004387632881597533,5329,0,0,0.4916666666657896,0.011041562482754104,15688.313190586865,560.7470306751952,1,
18,15000.0,400.0,0.8,FULL_STACK,oracle,15.0,0,595.1264539994299,7974483.852933508,0.9921016172895504,0.4181366156043766,-0.08649779340814702,0.4181366156043766,0.004394559351622436,5331,0,0,0.4999999999991225,0.011138122614865404,15688.35736605525,560.746097506645,1,
19,15000.0,400.0,0.8,FULL_STACK,oracle,15.0,0,595.1526635251939,7974144.60106253,0.7273417785210206,0.4181366156043766,-0.08342650114251385,0.4181366156043766,0.0043807945604505665,5325,0,0,0.4333333333324596,0.010952901625974487,15688.383575581014,560.7464122040387,1,
0,15000.0,400.0,0.6,BASELINE,none,15.0,0,577.5341107025743,7070589.256484487,0.5626567344364675,0.38452467214230635,-0.0582235403962058,0.38452467214230635,0.006767540278271106,0,0,0,nan,0.40000000000004016,15670.765022758394,560.8193178934694,1,
1,15000.0,400.0,0.6,BASELINE,none,15.0,0,577.5341107025743,7070589.256484487,0.5626567344364675,0.38452467214230635,-0.0582235403962058,0.38452467214230635,0.006767540278271106,0,0,0,nan,0.40000000000004016,15670.765022758394,560.8193178934694,1,
2,15000.0,400.0,0.6,BASELINE,none,15.0,0,577.5341107025743,7070589.256484487,0.5626567344364675,0.38452467214230635,-0.0582235403962058,0.38452467214230635,0.006767540278271106,0,0,0,nan,0.40000000000004016,15670.765022758394,560.8193178934694,1,
3,15000.0,400.0,0.6,BASELINE,none,15.0,0,577.5341107025743,7070589.256484487,0.5626567344364675,0.38452467214230635,-0.0582235403962058,0.38452467214230635,0.006767540278271106,0,0,0,nan,0.40000000000004016,15670.765022758394,560.8193178934694,1,
4,15000.0,400.0,0.6,BASELINE,none,15.0,0,577.5341107025743,7070589.256484487,0.5626567344364675,0.38452467214230635,-0.0582235403962058,0.38452467214230635,0.006767540278271106,0,0,0,nan,0.40000000000004016,15670.765022758394,560.8193178934694,1,
5,15000.0,400.0,0.6,BASELINE,none,15.0,0,577.5341107025743,7070589.256484487,0.5626567344364675,0.38452467214230635,-0.0582235403962058,0.38452467214230635,0.006767540278271106,0,0,0,nan,0.40000000000004016,15670.765022758394,560.8193178934694,1,
6,15000.0,400.0,0.6,BASELINE,none,15.0,0,577.5341107025743,7070589.256484487,0.5626567344364675,0.38452467214230635,-0.0582235403962058,0.38452467214230635,0.006767540278271106,0,0,0,nan,0.40000000000004016,15670.765022758394,560.8193178934694,1,
7,15000.0,400.0,0.6,BASELINE,none,15.0,0,577.5341107025743,7070589.256484487,0.5626567344364675,0.38452467214230635,-0.0582235403962058,0.38452467214230635,0.006767540278271106,0,0,0,nan,0.40000000000004016,15670.765022758394,560.8193178934694,1,
8,15000.0,400.0,0.6,BASELINE,none,15.0,0,577.5341107025743,7070589.256484487,0.5626567344364675,0.38452467214230635,-0.0582235403962058,0.38452467214230635,0.006767540278271106,0,0,0,nan,0.40000000000004016,15670.765022758394,560.8193178934694,1,
9,15000.0,400.0,0.6,BASELINE,none,15.0,0,577.5341107025743,7070589.256484487,0.5626567344364675,0.38452467214230635,-0.0582235403962058,0.38452467214230635,0.006767540278271106,0,0,0,nan,0.40000000000004016,15670.765022758394,560.8193178934694,1,
10,15000.0,400.0,0.6,BASELINE,none,15.0,0,577.5341107025743,7070589.256484487,0.5626567344364675,0.38452467214230635,-0.0582235403962058,0.38452467214230635,0.006767540278271106,0,0,0,nan,0.40000000000004016,15670.765022758394,560.8193178934694,1,
11,15000.0,400.0,0.6,BASELINE,none,15.0,0,577.5341107025743,7070589.256484487,0.5626567344364675,0.38452467214230635,-0.0582235403962058,0.38452467214230635,0.006767540278271106,0,0,0,nan,0.40000000000004016,15670.765022758394,560.8193178934694,1,
12,15000.0,400.0,0.6,BASELINE,none,15.0,0,577.5341107025743,7070589.256484487,0.5626567344364675,0.38452467214230635,-0.0582235403962058,0.38452467214230635,0.006767540278271106,0,0,0,nan,0.40000000000004016,15670.765022758394,560.8193178934694,1,
13,15000.0,400.0,0.6,BASELINE,none,15.0,0,577.5341107025743,7070589.256484487,0.5626567344364675,0.38452467214230635,-0.0582235403962058,0.38452467214230635,0.006767540278271106,0,0,0,nan,0.40000000000004016,15670.765022758394,560.8193178934694,1,
14,15000.0,400.0,0.6,BASELINE,none,15.0,0,577.5341107025743,7070589.256484487,0.5626567344364675,0.38452467214230635,-0.0582235403962058,0.38452467214230635,0.006767540278271106,0,0,0,nan,0.40000000000004016,15670.765022758394,560.8193178934694,1,
15,15000.0,400.0,0.6,BASELINE,none,15.0,0,577.5341107025743,7070589.256484487,0.5626567344364675,0.38452467214230635,-0.0582235403962058,0.38452467214230635,0.006767540278271106,0,0,0,nan,0.40000000000004016,15670.765022758394,560.8193178934694,1,
16,15000.0,400.0,0.6,BASELINE,none,15.0,0,577.5341107025743,7070589.256484487,0.5626567344364675,0.38452467214230635,-0.0582235403962058,0.38452467214230635,0.006767540278271106,0,0,0,nan,0.40000000000004016,15670.765022758394,560.8193178934694,1,
17,15000.0,400.0,0.6,BASELINE,none,15.0,0,577.5341107025743,7070589.256484487,0.5626567344364675,0.38452467214230635,-0.0582235403962058,0.38452467214230635,0.006767540278271106,0,0,0,nan,0.40000000000004016,15670.765022758394,560.8193178934694,1,
18,15000.0,400.0,0.6,BASELINE,none,15.0,0,577.5341107025743,7070589.256484487,0.5626567344364675,0.38452467214230635,-0.0582235403962058,0.38452467214230635,0.006767540278271106,0,0,0,nan,0.40000000000004016,15670.765022758394,560.8193178934694,1,
19,15000.0,400.0,0.6,BASELINE,none,15.0,0,577.5341107025743,7070589.256484487,0.5626567344364675,0.38452467214230635,-0.0582235403962058,0.38452467214230635,0.006767540278271106,0,0,0,nan,0.40000000000004016,15670.765022758394,560.8193178934694,1,
0,15000.0,400.0,0.6,CLASSICAL_KAPPA,oracle,15.0,0,571.0672617480159,6893926.289385537,0.5626567344364675,0.38452467214230635,-0.05748586959620568,0.38452467214230635,0.006796339645536978,0,0,0,0.3083333333324667,0.014402354110956058,15664.298173803836,560.8864972798324,1,
1,15000.0,400.0,0.6,CLASSICAL_KAPPA,oracle,15.0,0,571.0593814887106,6894271.783738248,0.5626567344364675,0.38452467214230635,-0.057118073808484,0.38452467214230635,0.006795860503962097,0,0,0,0.2083333333324724,0.014359552276315593,15664.29029354453,560.8868682088877,1,
2,15000.0,400.0,0.6,CLASSICAL_KAPPA,oracle,15.0,0,571.079328302294,6894193.474725136,0.5626567344364675,0.38452467214230635,-0.0577460635369606,0.38452467214230635,0.006796624705987677,0,0,0,0.24166666666580383,0.014387293803513774,15664.310240358114,560.886371732343,1,
3,15000.0,400.0,0.6,CLASSICAL_KAPPA,oracle,15.0,0,571.0803124792874,6894040.784051601,0.5626567344364675,0.38452467214230635,-0.058223798569257953,0.38452467214230635,0.0067964306267492385,0,0,0,0.3083333333324667,0.01440342582062199,15664.311224535108,560.8861152292674,1,
4,15000.0,400.0,0.6,CLASSICAL_KAPPA,oracle,15.0,0,571.039377335459,6893726.2922777925,0.5626567344364675,0.38452467214230635,-0.05791755624875106,0.38452467214230635,0.006796032866112972,0,0,0,0.2499999999991367,0.014321489243786862,15664.27028939128,560.8870838294248,1,
5,15000.0,400.0,0.6,CLASSICAL_KAPPA,oracle,15.0,0,571.0642237700522,6894057.357933253,0.5626567344364675,0.38452467214230635,-0.0578541792320689,0.38452467214230635,0.00679600012836497,0,0,0,0.25833333333246955,0.014365437206828953,15664.295135825872,560.8865507988629,1,
6,15000.0,400.0,0.6,CLASSICAL_KAPPA,oracle,15.0,0,571.0603156089783,6894216.4550812645,0.5626567344364675,0.38452467214230635,-0.057127275934368775,0.38452467214230635,0.006796225210679481,0,0,0,0.29999999999913385,0.01431360315034153,15664.291227664798,560.8868893305431,1,
7,15000.0,400.0,0.6,CLASSICAL_KAPPA,oracle,15.0,0,571.0678439289331,6894025.984343545,0.5626567344364675,0.38452467214230635,-0.05756456610917243,0.38452467214230635,0.006796430604577508,0,0,0,0.2249999999991381,0.014272812398394409,15664.298755984753,560.8865275304852,1,
8,15000.0,400.0,0.6,CLASSICAL_KAPPA,oracle,15.0,0,571.0729381106794,6894307.071158153,0.5626567344364675,0.38452467214230635,-0.057896983386118386,0.38452467214230635,0.0067964272950820845,0,0,0,0.24166666666580383,0.014403397502170661,15664.3038501665,560.8864613881988,1,
9,15000.0,400.0,0.6,CLASSICAL_KAPPA,oracle,15.0,0,571.0600814633071,6894030.078473791,0.5626567344364675,0.38452467214230635,-0.05776353424522367,0.38452467214230635,0.0067961772741827456,0,0,0,0.2666666666658024,0.014559207281728765,15664.290993519127,560.8867551408656,1,
10,15000.0,400.0,0.6,CLASSICAL_KAPPA,oracle,15.0,0,571.0591083467007,6894036.859240864,0.5626567344364675,0.38452467214230635,-0.057414645107671025,0.38452467214230635,0.006795613814192154,0,0,0,0.2666666666658024,0.014194681303697748,15664.29002040252,560.8866671561979,1,
11,15000.0,400.0,0.6,CLASSICAL_KAPPA,oracle,15.0,0,571.070939488709,6894111.995190377,0.5626567344364675,0.38452467214230635,-0.05776888239929755,0.38452467214230635,0.0067962078765816435,0,0,0,0.27499999999913527,0.014342698374304264,15664.30185154453,560.8865267268914,1,
12,15000.0,400.0,0.6,CLASSICAL_KAPPA,oracle,15.0,0,571.0839673168957,6894126.314356105,0.5626567344364675,0.38452467214230635,-0.0572043595826205,0.38452467214230635,0.00679604499963486,0,0,0,0.2499999999991367,0.014304458589593833,15664.314879372716,560.8862027842941,1,
13,15000.0,400.0,0.6,CLASSICAL_KAPPA,oracle,15.0,0,571.026271160692,6893349.8699842375,0.5626567344364675,0.38452467214230635,-0.05719971435702598,0.38452467214230635,0.00679481084051692,0,0,0,0.28333333333246813,0.014410952971227617,15664.257183216512,560.8871764474076,1,
14,15000.0,400.0,0.6,CLASSICAL_KAPPA,oracle,15.0,0,571.0451500862837,6893829.206432518,0.5626567344364675,0.38452467214230635,-0.05728870784582221,0.38452467214230635,0.006795434708214104,0,0,0,0.27499999999913527,0.01436829543021962,15664.276062142104,560.8869523749735,1,
15,15000.0,400.0,0.6,CLASSICAL_KAPPA,oracle,15.0,0,571.0698905698955,6894087.532346127,0.5626567344364675,0.38452467214230635,-0.057723477331405176,0.38452467214230635,0.006796793409246269,0,0,0,0.2499999999991367,0.014381863450344626,15664.300802625716,560.8865728640093,1,
16,15000.0,400.0,0.6,CLASSICAL_KAPPA,oracle,15.0,0,571.0522498637438,6893715.06456462,0.5626567344364675,0.38452467214230635,-0.05726542243230834,0.38452467214230635,0.006796261253125618,0,0,0,0.2499999999991367,0.014382612638437943,15664.283161919564,560.8867590820101,1,
17,15000.0,400.0,0.6,CLASSICAL_KAPPA,oracle,15.0,0,571.0826853662729,6894433.095847846,0.5626567344364675,0.38452467214230635,-0.057780624806107364,0.38452467214230635,0.006796626648375925,0,0,0,0.2249999999991381,0.01435121102206251,15664.313597422093,560.8863962381614,1,
18,15000.0,400.0,0.6,CLASSICAL_KAPPA,oracle,15.0,0,571.0717975385487,6894030.187948822,0.5626567344364675,0.38452467214230635,-0.057184794822774714,0.38452467214230635,0.0067960102497158755,0,0,0,0.3083333333324667,0.014454364164019708,15664.302709594369,560.8865717670479,1,
19,15000.0,400.0,0.6,CLASSICAL_KAPPA,oracle,15.0,0,571.0656078159809,6893962.8619202515,0.5626567344364675,0.38452467214230635,-0.058010773568752734,0.38452467214230635,0.0067964169772297325,0,0,0,0.24166666666580383,0.01426763801607805,15664.296519871801,560.8865044286982,1,
0,15000.0,400.0,0.6,TECS_MRAC,none,15.0,0,571.244886405766,7108736.313695551,0.15907895606801742,0.4181366156043766,-0.07362253317355787,0.4181366156043766,0.006817585978282223,0,0,0,nan,0.40000000000004016,15664.475798461586,560.9437697027173,1,
1,15000.0,400.0,0.6,TECS_MRAC,none,15.0,0,571.244886405766,7108736.313695551,0.15907895606801742,0.4181366156043766,-0.07362253317355787,0.4181366156043766,0.006817585978282223,0,0,0,nan,0.40000000000004016,15664.475798461586,560.9437697027173,1,
2,15000.0,400.0,0.6,TECS_MRAC,none,15.0,0,571.244886405766,7108736.313695551,0.15907895606801742,0.4181366156043766,-0.07362253317355787,0.4181366156043766,0.006817585978282223,0,0,0,nan,0.40000000000004016,15664.475798461586,560.9437697027173,1,
3,15000.0,400.0,0.6,TECS_MRAC,none,15.0,0,571.244886405766,7108736.313695551,0.15907895606801742,0.4181366156043766,-0.07362253317355787,0.4181366156043766,0.006817585978282223,0,0,0,nan,0.40000000000004016,15664.475798461586,560.9437697027173,1,
4,15000.0,400.0,0.6,TECS_MRAC,none,15.0,0,571.244886405766,7108736.313695551,0.15907895606801742,0.4181366156043766,-0.07362253317355787,0.4181366156043766,0.006817585978282223,0,0,0,nan,0.40000000000004016,15664.475798461586,560.9437697027173,1,
5,15000.0,400.0,0.6,TECS_MRAC,none,15.0,0,571.244886405766,7108736.313695551,0.15907895606801742,0.4181366156043766,-0.07362253317355787,0.4181366156043766,0.006817585978282223,0,0,0,nan,0.40000000000004016,15664.475798461586,560.9437697027173,1,
6,15000.0,400.0,0.6,TECS_MRAC,none,15.0,0,571.244886405766,7108736.313695551,0.15907895606801742,0.4181366156043766,-0.07362253317355787,0.4181366156043766,0.006817585978282223,0,0,0,nan,0.40000000000004016,15664.475798461586,560.9437697027173,1,
7,15000.0,400.0,0.6,TECS_MRAC,none,15.0,0,571.244886405766,7108736.313695551,0.15907895606801742,0.4181366156043766,-0.07362253317355787,0.4181366156043766,0.006817585978282223,0,0,0,nan,0.40000000000004016,15664.475798461586,560.9437697027173,1,
8,15000.0,400.0,0.6,TECS_MRAC,none,15.0,0,571.244886405766,7108736.313695551,0.15907895606801742,0.4181366156043766,-0.07362253317355787,0.4181366156043766,0.006817585978282223,0,0,0,nan,0.40000000000004016,15664.475798461586,560.9437697027173,1,
9,15000.0,400.0,0.6,TECS_MRAC,none,15.0,0,571.244886405766,7108736.313695551,0.15907895606801742,0.4181366156043766,-0.07362253317355787,0.4181366156043766,0.006817585978282223,0,0,0,nan,0.40000000000004016,15664.475798461586,560.9437697027173,1,
10,15000.0,400.0,0.6,TECS_MRAC,none,15.0,0,571.244886405766,7108736.313695551,0.15907895606801742,0.4181366156043766,-0.07362253317355787,0.4181366156043766,0.006817585978282223,0,0,0,nan,0.40000000000004016,15664.475798461586,560.9437697027173,1,
11,15000.0,400.0,0.6,TECS_MRAC,none,15.0,0,571.244886405766,7108736.313695551,0.15907895606801742,0.4181366156043766,-0.07362253317355787,0.4181366156043766,0.006817585978282223,0,0,0,nan,0.40000000000004016,15664.475798461586,560.9437697027173,1,
12,15000.0,400.0,0.6,TECS_MRAC,none,15.0,0,571.244886405766,7108736.313695551,0.15907895606801742,0.4181366156043766,-0.07362253317355787,0.4181366156043766,0.006817585978282223,0,0,0,nan,0.40000000000004016,15664.475798461586,560.9437697027173,1,
13,15000.0,400.0,0.6,TECS_MRAC,none,15.0,0,571.244886405766,7108736.313695551,0.15907895606801742,0.4181366156043766,-0.07362253317355787,0.4181366156043766,0.006817585978282223,0,0,0,nan,0.40000000000004016,15664.475798461586,560.9437697027173,1,
14,15000.0,400.0,0.6,TECS_MRAC,none,15.0,0,571.244886405766,7108736.313695551,0.15907895606801742,0.4181366156043766,-0.07362253317355787,0.4181366156043766,0.006817585978282223,0,0,0,nan,0.40000000000004016,15664.475798461586,560.9437697027173,1,
15,15000.0,400.0,0.6,TECS_MRAC,none,15.0,0,571.244886405766,7108736.313695551,0.15907895606801742,0.4181366156043766,-0.07362253317355787,0.4181366156043766,0.006817585978282223,0,0,0,nan,0.40000000000004016,15664.475798461586,560.9437697027173,1,
16,15000.0,400.0,0.6,TECS_MRAC,none,15.0,0,571.244886405766,7108736.313695551,0.15907895606801742,0.4181366156043766,-0.07362253317355787,0.4181366156043766,0.006817585978282223,0,0,0,nan,0.40000000000004016,15664.475798461586,560.9437697027173,1,
17,15000.0,400.0,0.6,TECS_MRAC,none,15.0,0,571.244886405766,7108736.313695551,0.15907895606801742,0.4181366156043766,-0.07362253317355787,0.4181366156043766,0.006817585978282223,0,0,0,nan,0.40000000000004016,15664.475798461586,560.9437697027173,1,
18,15000.0,400.0,0.6,TECS_MRAC,none,15.0,0,571.244886405766,7108736.313695551,0.15907895606801742,0.4181366156043766,-0.07362253317355787,0.4181366156043766,0.006817585978282223,0,0,0,nan,0.40000000000004016,15664.475798461586,560.9437697027173,1,
19,15000.0,400.0,0.6,TECS_MRAC,none,15.0,0,571.244886405766,7108736.313695551,0.15907895606801742,0.4181366156043766,-0.07362253317355787,0.4181366156043766,0.006817585978282223,0,0,0,nan,0.40000000000004016,15664.475798461586,560.9437697027173,1,
0,15000.0,400.0,0.6,HYBRID,oracle,15.0,0,565.0004222467542,6943487.072057943,0.15907895606801742,0.4181366156043766,-0.07337226601479184,0.4181366156043766,0.006848774304294479,0,0,0,0.3083333333324667,0.014402354110956058,15658.231334302574,561.0103691762637,1,
1,15000.0,400.0,0.6,HYBRID,oracle,15.0,0,564.9993793033063,6943416.694500414,0.15907895606801742,0.4181366156043766,-0.07297532438859473,0.4181366156043766,0.0068485316267778654,0,0,0,0.2083333333324724,0.014359552276315593,15658.230291359127,561.0103800642636,1,
2,15000.0,400.0,0.6,HYBRID,oracle,15.0,0,565.0053972229362,6943142.177815965,0.15907895606801742,0.4181366156043766,-0.07352131636712905,0.4181366156043766,0.006848921584437785,0,0,0,0.24166666666580383,0.014387293803513774,15658.236309278756,561.0101172251672,1,
3,15000.0,400.0,0.6,HYBRID,oracle,15.0,0,564.9793935008347,6942880.722424532,0.15907895606801742,0.4181366156043766,-0.07409091866165118,0.4181366156043766,0.006848236208101609,0,0,0,0.3083333333324667,0.01440342582062199,15658.210305556655,561.0104141746457,1,
4,15000.0,400.0,0.6,HYBRID,oracle,15.0,0,564.9915563352406,6943116.102866364,0.15907895606801742,0.4181366156043766,-0.0737501642951952,0.4181366156043766,0.006849213957038916,0,0,0,0.2499999999991367,0.014321489243786862,15658.22246839106,561.0104161100703,1,
5,15000.0,400.0,0.6,HYBRID,oracle,15.0,0,564.985523801297,6943247.541406195,0.15907895606801742,0.4181366156043766,-0.07367720055858833,0.4181366156043766,0.006848210388879671,0,0,0,0.25833333333246955,0.014365437206828953,15658.216435857117,561.01048872505,1,
6,15000.0,400.0,0.6,HYBRID,oracle,15.0,0,564.9923364818096,6943006.003019864,0.15907895606801742,0.4181366156043766,-0.07296420228519525,0.4181366156043766,0.0068486831310282294,0,0,0,0.29999999999913385,0.01431360315034153,15658.22324853763,561.0104095061542,1,
7,15000.0,400.0,0.6,HYBRID,oracle,15.0,0,564.9720998294652,6942637.267876894,0.15907895606801742,0.4181366156043766,-0.07335388158556112,0.4181366156043766,0.006848425965557135,0,0,0,0.2249999999991381,0.014272812398394409,15658.203011885285,561.0105772247377,1,
8,15000.0,400.0,0.6,HYBRID,oracle,15.0,0,564.9973693229258,6943371.815585215,0.15907895606801742,0.4181366156043766,-0.07361733107516143,0.4181366156043766,0.006848819666044592,0,0,0,0.24166666666580383,0.014403397502170661,15658.228281378746,561.0102671049544,1,
9,15000.0,400.0,0.6,HYBRID,oracle,15.0,0,564.9648287035525,6942895.617012108,0.15907895606801742,0.4181366156043766,-0.07349560212203224,0.4181366156043766,0.006847926331709176,0,0,0,0.2666666666658024,0.014559207281728765,15658.195740759373,561.0109145205904,1,
10,15000.0,400.0,0.6,HYBRID,oracle,15.0,0,564.9748987182975,6942874.286669084,0.15907895606801742,0.4181366156043766,-0.07329824631054653,0.4181366156043766,0.006847647719365063,0,0,0,0.2666666666658024,0.014194681303697748,15658.205810774118,561.0105774096016,1,
11,15000.0,400.0,0.6,HYBRID,oracle,15.0,0,564.9916806071997,6942982.724150373,0.15907895606801742,0.4181366156043766,-0.07366921320436298,0.4181366156043766,0.006848344071288949,0,0,0,0.27499999999913527,0.014342698374304264,15658.22259266302,561.0103085051678,1,
12,15000.0,400.0,0.6,HYBRID,oracle,15.0,0,565.0051312223077,6943270.763417996,0.15907895606801742,0.4181366156043766,-0.07309197423065057,0.4181366156043766,0.00684831228194689,0,0,0,0.2499999999991367,0.014304458589593833,15658.236043278128,561.0101140283604,1,
13,15000.0,400.0,0.6,HYBRID,oracle,15.0,0,564.9923604279757,6943217.547037805,0.15907895606801742,0.4181366156043766,-0.0730973256541038,0.4181366156043766,0.006848392407344801,0,0,0,0.28333333333246813,0.014410952971227617,15658.223272483796,561.0104146062746,1,
14,15000.0,400.0,0.6,HYBRID,oracle,15.0,0,564.9940063245595,6943381.724772787,0.15907895606801742,0.4181366156043766,-0.07318370999592813,0.4181366156043766,0.00684861566782678,0,0,0,0.27499999999913527,0.01436829543021962,15658.22491838038,561.010419008743,1,
15,15000.0,400.0,0.6,HYBRID,oracle,15.0,0,564.9719476848841,6942853.226398245,0.15907895606801742,0.4181366156043766,-0.07353277217502543,0.4181366156043766,0.006848525219027199,0,0,0,0.2499999999991367,0.014381863450344626,15658.202859740704,561.0107451572146,1,
16,15000.0,400.0,0.6,HYBRID,oracle,15.0,0,564.9874446727335,6942863.1447781855,0.15907895606801742,0.4181366156043766,-0.07318105999842399,0.4181366156043766,0.006848756502691196,0,0,0,0.2499999999991367,0.014382612638437943,15658.218356728554,561.0103796762096,1,
17,15000.0,400.0,0.6,HYBRID,oracle,15.0,0,564.9935743995011,6943269.659566014,0.15907895606801742,0.4181366156043766,-0.07353578146381712,0.4181366156043766,0.006848723517505373,0,0,0,0.2249999999991381,0.01435121102206251,15658.224486455321,561.0104004189405,1,
18,15000.0,400.0,0.6,HYBRID,oracle,15.0,0,564.99904294312,6942915.413810288,0.15907895606801742,0.4181366156043766,-0.0729282155820024,0.4181366156043766,0.006848688843762112,0,0,0,0.3083333333324667,0.014454364164019708,15658.22995499894,561.010215475342,1,
19,15000.0,400.0,0.6,HYBRID,oracle,15.0,0,564.9826823472977,6943007.566861779,0.15907895606801742,0.4181366156043766,-0.07375077411597232,0.4181366156043766,0.006848632900010755,0,0,0,0.24166666666580383,0.01426763801607805,15658.213594403118,561.0104733894968,1,
0,15000.0,400.0,0.6,FULL_STACK,oracle,15.0,0,610.2115163803101,8518073.925408866,0.88883653918161,0.5091348037612161,-0.08864032138875307,0.5091348037612161,0.007083546952569089,5360,0,0,0.3083333333324667,0.014402354110956058,15703.44242843613,560.6140565524148,1,
1,15000.0,400.0,0.6,FULL_STACK,oracle,15.0,0,610.2097442187369,8518543.767329102,0.8224953304118463,0.5087196673866214,-0.0892413089897885,0.5087196673866214,0.007070657405044632,5365,0,0,0.2083333333324724,0.014359552276315593,15703.440656274557,560.613982120109,1,
2,15000.0,400.0,0.6,FULL_STACK,oracle,15.0,0,610.2064701877534,8518658.340677157,0.8384435858980902,0.5088134762863575,-0.08864767404506319,0.5088134762863575,0.007074210165251493,5363,0,0,0.24166666666580383,0.014387293803513774,15703.437382243574,560.6141935084153,1,
3,15000.0,400.0,0.6,FULL_STACK,oracle,15.0,0,610.1840264759958,8517581.084298,0.8975481753885332,0.5071043821618801,-0.08759000065406736,0.5071043821618801,0.007083372331189054,5362,0,0,0.3083333333324667,0.01440342582062199,15703.414938531816,560.6146709795798,1,
4,15000.0,400.0,0.6,FULL_STACK,oracle,15.0,0,610.2116272635758,8518330.011097593,0.8697529887984621,0.508392175777034,-0.08818784315433963,0.508392175777034,0.007073397670575397,5364,0,0,0.2499999999991367,0.014321489243786862,15703.442539319396,560.6139705004837,1,
5,15000.0,400.0,0.6,FULL_STACK,oracle,15.0,0,610.200876172632,8518184.190451795,0.889511459274128,0.508811763333502,-0.08810083922978537,0.508811763333502,0.00707870740512507,5365,0,0,0.25833333333246955,0.014365437206828953,15703.431788228452,560.614345513517,1,
6,15000.0,400.0,0.6,FULL_STACK,oracle,15.0,0,610.2134202644229,8518111.208141573,0.8945689509602982,0.5072385937566818,-0.08916626297780865,0.5072385937566818,0.007084080255698191,5363,0,0,0.29999999999913385,0.01431360315034153,15703.444332320243,560.6138830995224,1,
7,15000.0,400.0,0.6,FULL_STACK,oracle,15.0,0,610.1991276554763,8518624.827109,0.8899937494257699,0.5088054371937115,-0.08864918633219185,0.5088054371937115,0.007075356904985895,5367,0,0,0.2249999999991381,0.014272812398394409,15703.430039711297,560.6143628984721,1,
8,15000.0,400.0,0.6,FULL_STACK,oracle,15.0,0,610.1923162899911,8518335.02905204,0.8723291905368306,0.5085302913188493,-0.08801447438086202,0.5085302913188493,0.007076729994765554,5364,0,0,0.24166666666580383,0.014403397502170661,15703.423228345811,560.6145688902873,1,
9,15000.0,400.0,0.6,FULL_STACK,oracle,15.0,0,610.213880494237,8518440.68634739,0.8986777591696661,0.5093597011095141,-0.0884701489973127,0.5093597011095141,0.007081928767080494,5366,0,0,0.2666666666658024,0.014559207281728765,15703.444792550057,560.613993685017,1,
10,15000.0,400.0,0.6,FULL_STACK,oracle,15.0,0,610.2108907699585,8518609.123651292,0.8864626123775999,0.509642641175138,-0.0888997502494651,0.509642641175138,0.0070803099393964815,5364,0,0,0.2666666666658024,0.014194681303697748,15703.441802825779,560.6142806832153,1,
11,15000.0,400.0,0.6,FULL_STACK,oracle,15.0,0,610.1915691532195,8517878.07211808,0.8892634013005701,0.5096118700505052,-0.08828973231607787,0.5096118700505052,0.007079666578270804,5363,0,0,0.27499999999913527,0.014342698374304264,15703.42248120904,560.6143583720691,1,
12,15000.0,400.0,0.6,FULL_STACK,oracle,15.0,0,610.1844025701284,8518210.898485623,0.8890497658039904,0.5085082711118484,-0.08905022002630404,0.5085082711118484,0.007077878440900913,5365,0,0,0.2499999999991367,0.014304458589593833,15703.415314625949,560.6146106185745,1,
13,15000.0,400.0,0.6,FULL_STACK,oracle,15.0,0,610.1931361146271,8517879.5853468,0.8960304608293138,0.5087947770934736,-0.08991297164620278,0.5087947770934736,0.007081420404284839,5364,0,0,0.28333333333246813,0.014410952971227617,15703.424048170447,560.6143020353257,1,
14,15000.0,400.0,0.6,FULL_STACK,oracle,15.0,0,610.2116389349103,8518324.977035739,0.8849659470104194,0.5091688762502894,-0.08993264885236991,0.5091688762502894,0.007079785988521853,5362,0,0,0.27499999999913527,0.01436829543021962,15703.44255099073,560.6140901411679,1,
15,15000.0,400.0,0.6,FULL_STACK,oracle,15.0,0,610.2044027112424,8518444.614082452,0.8650291177213469,0.508952308647551,-0.08839424889784651,0.508952308647551,0.007073410467422522,5363,0,0,0.2499999999991367,0.014381863450344626,15703.435314767063,560.6142170671084,1,
16,15000.0,400.0,0.6,FULL_STACK,oracle,15.0,0,610.2187809683383,8518642.463155122,0.8624362779767697,0.5091488262401004,-0.08887424651133627,0.5091488262401004,0.0070763637056459215,5363,0,0,0.2499999999991367,0.014382612638437943,15703.449693024158,560.6139503081488,1,
17,15000.0,400.0,0.6,FULL_STACK,oracle,15.0,0,610.1587264239788,8517973.758298274,0.8825728745677968,0.5096504173035615,-0.0882960650179732,0.5096504173035615,0.00707538980958866,5368,0,0,0.2249999999991381,0.01435121102206251,15703.389638479799,560.61496241119,1,
18,15000.0,400.0,0.6,FULL_STACK,oracle,15.0,0,610.2160369493067,8518430.52843106,0.8967460487092201,0.5095686133557806,-0.08912682687203861,0.5095686133557806,0.007085413040997427,5362,0,0,0.3083333333324667,0.014454364164019708,15703.446949005127,560.6139553269031,1,
19,15000.0,400.0,0.6,FULL_STACK,oracle,15.0,0,610.2075332254171,8518743.051011898,0.9019323287833556,0.5093105732507619,-0.08801059014564655,0.5093105732507619,0.007079239806587045,5367,0,0,0.24166666666580383,0.01426763801607805,15703.438445281237,560.6143135755453,1,
0,15000.0,400.0,0.5,BASELINE,none,15.0,0,580.7816473022103,7160094.981625384,0.5626567344364675,0.38452467214230635,-0.05848850235815438,0.38452467214230635,0.009357160748664673,0,0,0,nan,0.5,15674.01255935803,560.7854960856024,1,
1,15000.0,400.0,0.5,BASELINE,none,15.0,0,580.7816473022103,7160094.981625384,0.5626567344364675,0.38452467214230635,-0.05848850235815438,0.38452467214230635,0.009357160748664673,0,0,0,nan,0.5,15674.01255935803,560.7854960856024,1,
2,15000.0,400.0,0.5,BASELINE,none,15.0,0,580.7816473022103,7160094.981625384,0.5626567344364675,0.38452467214230635,-0.05848850235815438,0.38452467214230635,0.009357160748664673,0,0,0,nan,0.5,15674.01255935803,560.7854960856024,1,
3,15000.0,400.0,0.5,BASELINE,none,15.0,0,580.7816473022103,7160094.981625384,0.5626567344364675,0.38452467214230635,-0.05848850235815438,0.38452467214230635,0.009357160748664673,0,0,0,nan,0.5,15674.01255935803,560.7854960856024,1,
4,15000.0,400.0,0.5,BASELINE,none,15.0,0,580.7816473022103,7160094.981625384,0.5626567344364675,0.38452467214230635,-0.05848850235815438,0.38452467214230635,0.009357160748664673,0,0,0,nan,0.5,15674.01255935803,560.7854960856024,1,
5,15000.0,400.0,0.5,BASELINE,none,15.0,0,580.7816473022103,7160094.981625384,0.5626567344364675,0.38452467214230635,-0.05848850235815438,0.38452467214230635,0.009357160748664673,0,0,0,nan,0.5,15674.01255935803,560.7854960856024,1,
6,15000.0,400.0,0.5,BASELINE,none,15.0,0,580.7816473022103,7160094.981625384,0.5626567344364675,0.38452467214230635,-0.05848850235815438,0.38452467214230635,0.009357160748664673,0,0,0,nan,0.5,15674.01255935803,560.7854960856024,1,
7,15000.0,400.0,0.5,BASELINE,none,15.0,0,580.7816473022103,7160094.981625384,0.5626567344364675,0.38452467214230635,-0.05848850235815438,0.38452467214230635,0.009357160748664673,0,0,0,nan,0.5,15674.01255935803,560.7854960856024,1,
8,15000.0,400.0,0.5,BASELINE,none,15.0,0,580.7816473022103,7160094.981625384,0.5626567344364675,0.38452467214230635,-0.05848850235815438,0.38452467214230635,0.009357160748664673,0,0,0,nan,0.5,15674.01255935803,560.7854960856024,1,
9,15000.0,400.0,0.5,BASELINE,none,15.0,0,580.7816473022103,7160094.981625384,0.5626567344364675,0.38452467214230635,-0.05848850235815438,0.38452467214230635,0.009357160748664673,0,0,0,nan,0.5,15674.01255935803,560.7854960856024,1,
10,15000.0,400.0,0.5,BASELINE,none,15.0,0,580.7816473022103,7160094.981625384,0.5626567344364675,0.38452467214230635,-0.05848850235815438,0.38452467214230635,0.009357160748664673,0,0,0,nan,0.5,15674.01255935803,560.7854960856024,1,
11,15000.0,400.0,0.5,BASELINE,none,15.0,0,580.7816473022103,7160094.981625384,0.5626567344364675,0.38452467214230635,-0.05848850235815438,0.38452467214230635,0.009357160748664673,0,0,0,nan,0.5,15674.01255935803,560.7854960856024,1,
12,15000.0,400.0,0.5,BASELINE,none,15.0,0,580.7816473022103,7160094.981625384,0.5626567344364675,0.38452467214230635,-0.05848850235815438,0.38452467214230635,0.009357160748664673,0,0,0,nan,0.5,15674.01255935803,560.7854960856024,1,
13,15000.0,400.0,0.5,BASELINE,none,15.0,0,580.7816473022103,7160094.981625384,0.5626567344364675,0.38452467214230635,-0.05848850235815438,0.38452467214230635,0.009357160748664673,0,0,0,nan,0.5,15674.01255935803,560.7854960856024,1,
14,15000.0,400.0,0.5,BASELINE,none,15.0,0,580.7816473022103,7160094.981625384,0.5626567344364675,0.38452467214230635,-0.05848850235815438,0.38452467214230635,0.009357160748664673,0,0,0,nan,0.5,15674.01255935803,560.7854960856024,1,
15,15000.0,400.0,0.5,BASELINE,none,15.0,0,580.7816473022103,7160094.981625384,0.5626567344364675,0.38452467214230635,-0.05848850235815438,0.38452467214230635,0.009357160748664673,0,0,0,nan,0.5,15674.01255935803,560.7854960856024,1,
16,15000.0,400.0,0.5,BASELINE,none,15.0,0,580.7816473022103,7160094.981625384,0.5626567344364675,0.38452467214230635,-0.05848850235815438,0.38452467214230635,0.009357160748664673,0,0,0,nan,0.5,15674.01255935803,560.7854960856024,1,
17,15000.0,400.0,0.5,BASELINE,none,15.0,0,580.7816473022103,7160094.981625384,0.5626567344364675,0.38452467214230635,-0.05848850235815438,0.38452467214230635,0.009357160748664673,0,0,0,nan,0.5,15674.01255935803,560.7854960856024,1,
18,15000.0,400.0,0.5,BASELINE,none,15.0,0,580.7816473022103,7160094.981625384,0.5626567344364675,0.38452467214230635,-0.05848850235815438,0.38452467214230635,0.009357160748664673,0,0,0,nan,0.5,15674.01255935803,560.7854960856024,1,
19,15000.0,400.0,0.5,BASELINE,none,15.0,0,580.7816473022103,7160094.981625384,0.5626567344364675,0.38452467214230635,-0.05848850235815438,0.38452467214230635,0.009357160748664673,0,0,0,nan,0.5,15674.01255935803,560.7854960856024,1,
0,15000.0,400.0,0.5,CLASSICAL_KAPPA,oracle,15.0,0,571.0446278750896,6894019.830818129,0.5626567344364675,0.38452467214230635,-0.05743964134505956,0.38452467214230635,0.009411009960653804,0,0,0,0.2249999999991381,0.01605924530480046,15664.27553993091,560.8870094562798,1,
1,15000.0,400.0,0.5,CLASSICAL_KAPPA,oracle,15.0,0,571.0585550218821,6894358.460832408,0.5626567344364675,0.38452467214230635,-0.05707541623836919,0.38452467214230635,0.009410679817026316,0,0,0,0.2083333333324724,0.016016134771018205,15664.289467077702,560.8869071486848,1,
2,15000.0,400.0,0.5,CLASSICAL_KAPPA,oracle,15.0,0,571.0981792360544,6894806.8707421655,0.5626567344364675,0.38452467214230635,-0.057765022251071996,0.38452467214230635,0.009412381229164468,0,0,0,0.23333333333247097,0.01604469949592791,15664.329091291875,560.8862056906167,1,
3,15000.0,400.0,0.5,CLASSICAL_KAPPA,oracle,15.0,0,571.0271284393966,6893697.326190316,0.5626567344364675,0.38452467214230635,-0.05831874612757519,0.38452467214230635,0.00941003146306264,0,0,0,0.23333333333247097,0.01606206630960338,15664.258040495217,560.8871097532812,1,
4,15000.0,400.0,0.5,CLASSICAL_KAPPA,oracle,15.0,0,571.0946449004114,6894587.585100886,0.5626567344364675,0.38452467214230635,-0.05805580051873131,0.38452467214230635,0.009413375844603148,0,0,0,0.21666666666580525,0.015978989773696342,15664.325556956232,560.8861662450572,1,
5,15000.0,400.0,0.5,CLASSICAL_KAPPA,oracle,15.0,0,571.0602010674775,6894073.875825791,0.5626567344364675,0.38452467214230635,-0.057934122700269056,0.38452467214230635,0.009410904331366564,0,0,0,0.2249999999991381,0.01602216878650465,15664.291113123298,560.886552947526,1,
6,15000.0,400.0,0.5,CLASSICAL_KAPPA,oracle,15.0,0,571.0482007153332,6894175.432368076,0.5626567344364675,0.38452467214230635,-0.056956980920951264,0.38452467214230635,0.009411212845295516,0,0,0,0.2083333333324724,0.015971455278603604,15664.279112771153,560.8871076400106,1,
7,15000.0,400.0,0.5,CLASSICAL_KAPPA,oracle,15.0,0,571.0473801419139,6893883.422665346,0.5626567344364675,0.38452467214230635,-0.0574888531919008,0.38452467214230635,0.00941136864022055,0,0,0,0.2249999999991381,0.015929471474216684,15664.278292197734,560.8868523157589,1,
8,15000.0,400.0,0.5,CLASSICAL_KAPPA,oracle,15.0,0,571.0659074857831,6894131.58443328,0.5626567344364675,0.38452467214230635,-0.057935350502135885,0.38452467214230635,0.009411285068343545,0,0,0,0.19166666666580667,0.01605967129773139,15664.296819541603,560.8864551111026,1,
9,15000.0,400.0,0.5,CLASSICAL_KAPPA,oracle,15.0,0,571.063458904624,6893950.942516586,0.5626567344364675,0.38452467214230635,-0.057719802989727224,0.38452467214230635,0.00941115897826615,0,0,0,0.23333333333247097,0.016216451956713514,15664.294370960444,560.8866035702489,1,
10,15000.0,400.0,0.5,CLASSICAL_KAPPA,oracle,15.0,0,571.033196631819,6893662.670578275,0.5626567344364675,0.38452467214230635,-0.057370622439564624,0.38452467214230635,0.009409378669440586,0,0,0,0.21666666666580525,0.015849011405404234,15664.26410868764,560.887017334845,1,
11,15000.0,400.0,0.5,CLASSICAL_KAPPA,oracle,15.0,0,571.067132666707,6894159.465981646,0.5626567344364675,0.38452467214230635,-0.05782961649096358,0.38452467214230635,0.00941100052124223,0,0,0,0.2083333333324724,0.016000721465002005,15664.298044722527,560.8865598946811,1,
12,15000.0,400.0,0.5,CLASSICAL_KAPPA,oracle,15.0,0,571.064968727529,6894131.535138785,0.5626567344364675,0.38452467214230635,-0.05719175637412627,0.38452467214230635,0.009410526030231578,0,0,0,0.23333333333247097,0.015962242500461164,15664.29588078335,560.886563027881,1,
13,15000.0,400.0,0.5,CLASSICAL_KAPPA,oracle,15.0,0,571.0500532388687,6894011.732211571,0.5626567344364675,0.38452467214230635,-0.057289994510934,0.38452467214230635,0.009410496789469994,0,0,0,0.2249999999991381,0.0160698595208309,15664.280965294689,560.886855979794,1,
14,15000.0,400.0,0.5,CLASSICAL_KAPPA,oracle,15.0,0,571.0687823928893,6894302.400366216,0.5626567344364675,0.38452467214230635,-0.0574863721597759,0.38452467214230635,0.009411320001974002,0,0,0,0.23333333333247097,0.016024290779210602,15664.29969444871,560.8865671826961,1,
15,15000.0,400.0,0.5,CLASSICAL_KAPPA,oracle,15.0,0,571.0544603317976,6893867.101566447,0.5626567344364675,0.38452467214230635,-0.057753332003845234,0.38452467214230635,0.00941165920901036,0,0,0,0.23333333333247097,0.016037715663493393,15664.285372387618,560.8867572496263,1,
16,15000.0,400.0,0.5,CLASSICAL_KAPPA,oracle,15.0,0,571.0649446435273,6893999.104332465,0.5626567344364675,0.38452467214230635,-0.057229994420940185,0.38452467214230635,0.009411729628749456,0,0,0,0.23333333333247097,0.016040590102517807,15664.295856699347,560.8865771536393,1,
17,15000.0,400.0,0.5,CLASSICAL_KAPPA,oracle,15.0,0,571.0797543972731,6894524.2381955255,0.5626567344364675,0.38452467214230635,-0.05783521888335891,0.38452467214230635,0.009412000310865984,0,0,0,0.2249999999991381,0.016007176118481455,15664.310666453093,560.8864433632376,1,
18,15000.0,400.0,0.5,CLASSICAL_KAPPA,oracle,15.0,0,571.0699691474438,6894162.046354618,0.5626567344364675,0.38452467214230635,-0.05707165689326336,0.38452467214230635,0.009411008566802982,0,0,0,0.24166666666580383,0.01611198894904794,15664.300881203264,560.8866353677682,1,
19,15000.0,400.0,0.5,CLASSICAL_KAPPA,oracle,15.0,0,571.0559064410627,6894188.212761695,0.5626567344364675,0.38452467214230635,-0.058083254356677445,0.38452467214230635,0.00941172373138905,0,0,0,0.2249999999991381,0.015925122528085218,15664.286818496883,560.8867509034009,1,
0,15000.0,400.0,0.5,TECS_MRAC,none,15.0,0,574.3791460730135,7192452.59808019,0.15907895606801742,0.4181366156043766,-0.07364197956229697,0.4181366156043766,0.009407466100326441,0,0,0,nan,0.5,15667.610058128834,560.9103201303831,1,
1,15000.0,400.0,0.5,TECS_MRAC,none,15.0,0,574.3791460730135,7192452.59808019,0.15907895606801742,0.4181366156043766,-0.07364197956229697,0.4181366156043766,0.009407466100326441,0,0,0,nan,0.5,15667.610058128834,560.9103201303831,1,
2,15000.0,400.0,0.5,TECS_MRAC,none,15.0,0,574.3791460730135,7192452.59808019,0.15907895606801742,0.4181366156043766,-0.07364197956229697,0.4181366156043766,0.009407466100326441,0,0,0,nan,0.5,15667.610058128834,560.9103201303831,1,
3,15000.0,400.0,0.5,TECS_MRAC,none,15.0,0,574.3791460730135,7192452.59808019,0.15907895606801742,0.4181366156043766,-0.07364197956229697,0.4181366156043766,0.009407466100326441,0,0,0,nan,0.5,15667.610058128834,560.9103201303831,1,
4,15000.0,400.0,0.5,TECS_MRAC,none,15.0,0,574.3791460730135,7192452.59808019,0.15907895606801742,0.4181366156043766,-0.07364197956229697,0.4181366156043766,0.009407466100326441,0,0,0,nan,0.5,15667.610058128834,560.9103201303831,1,
5,15000.0,400.0,0.5,TECS_MRAC,none,15.0,0,574.3791460730135,7192452.59808019,0.15907895606801742,0.4181366156043766,-0.07364197956229697,0.4181366156043766,0.009407466100326441,0,0,0,nan,0.5,15667.610058128834,560.9103201303831,1,
6,15000.0,400.0,0.5,TECS_MRAC,none,15.0,0,574.3791460730135,7192452.59808019,0.15907895606801742,0.4181366156043766,-0.07364197956229697,0.4181366156043766,0.009407466100326441,0,0,0,nan,0.5,15667.610058128834,560.9103201303831,1,
7,15000.0,400.0,0.5,TECS_MRAC,none,15.0,0,574.3791460730135,7192452.59808019,0.15907895606801742,0.4181366156043766,-0.07364197956229697,0.4181366156043766,0.009407466100326441,0,0,0,nan,0.5,15667.610058128834,560.9103201303831,1,
8,15000.0,400.0,0.5,TECS_MRAC,none,15.0,0,574.3791460730135,7192452.59808019,0.15907895606801742,0.4181366156043766,-0.07364197956229697,0.4181366156043766,0.009407466100326441,0,0,0,nan,0.5,15667.610058128834,560.9103201303831,1,
9,15000.0,400.0,0.5,TECS_MRAC,none,15.0,0,574.3791460730135,7192452.59808019,0.15907895606801742,0.4181366156043766,-0.07364197956229697,0.4181366156043766,0.009407466100326441,0,0,0,nan,0.5,15667.610058128834,560.9103201303831,1,
10,15000.0,400.0,0.5,TECS_MRAC,none,15.0,0,574.3791460730135,7192452.59808019,0.15907895606801742,0.4181366156043766,-0.07364197956229697,0.4181366156043766,0.009407466100326441,0,0,0,nan,0.5,15667.610058128834,560.9103201303831,1,
11,15000.0,400.0,0.5,TECS_MRAC,none,15.0,0,574.3791460730135,7192452.59808019,0.15907895606801742,0.4181366156043766,-0.07364197956229697,0.4181366156043766,0.009407466100326441,0,0,0,nan,0.5,15667.610058128834,560.9103201303831,1,
12,15000.0,400.0,0.5,TECS_MRAC,none,15.0,0,574.3791460730135,7192452.59808019,0.15907895606801742,0.4181366156043766,-0.07364197956229697,0.4181366156043766,0.009407466100326441,0,0,0,nan,0.5,15667.610058128834,560.9103201303831,1,
13,15000.0,400.0,0.5,TECS_MRAC,none,15.0,0,574.3791460730135,7192452.59808019,0.15907895606801742,0.4181366156043766,-0.07364197956229697,0.4181366156043766,0.009407466100326441,0,0,0,nan,0.5,15667.610058128834,560.9103201303831,1,
14,15000.0,400.0,0.5,TECS_MRAC,none,15.0,0,574.3791460730135,7192452.59808019,0.15907895606801742,0.4181366156043766,-0.07364197956229697,0.4181366156043766,0.009407466100326441,0,0,0,nan,0.5,15667.610058128834,560.9103201303831,1,
15,15000.0,400.0,0.5,TECS_MRAC,none,15.0,0,574.3791460730135,7192452.59808019,0.15907895606801742,0.4181366156043766,-0.07364197956229697,0.4181366156043766,0.009407466100326441,0,0,0,nan,0.5,15667.610058128834,560.9103201303831,1,
16,15000.0,400.0,0.5,TECS_MRAC,none,15.0,0,574.3791460730135,7192452.59808019,0.15907895606801742,0.4181366156043766,-0.07364197956229697,0.4181366156043766,0.009407466100326441,0,0,0,nan,0.5,15667.610058128834,560.9103201303831,1,
17,15000.0,400.0,0.5,TECS_MRAC,none,15.0,0,574.3791460730135,7192452.59808019,0.15907895606801742,0.4181366156043766,-0.07364197956229697,0.4181366156043766,0.009407466100326441,0,0,0,nan,0.5,15667.610058128834,560.9103201303831,1,
18,15000.0,400.0,0.5,TECS_MRAC,none,15.0,0,574.3791460730135,7192452.59808019,0.15907895606801742,0.4181366156043766,-0.07364197956229697,0.4181366156043766,0.009407466100326441,0,0,0,nan,0.5,15667.610058128834,560.9103201303831,1,
19,15000.0,400.0,0.5,TECS_MRAC,none,15.0,0,574.3791460730135,7192452.59808019,0.15907895606801742,0.4181366156043766,-0.07364197956229697,0.4181366156043766,0.009407466100326441,0,0,0,nan,0.5,15667.610058128834,560.9103201303831,1,
0,15000.0,400.0,0.5,HYBRID,oracle,15.0,0,564.9725113883615,6943153.028612298,0.15907895606801742,0.4181366156043766,-0.07324079320755918,0.4181366156043766,0.009465371886572867,0,0,0,0.2249999999991381,0.01605924530480046,15658.203423444182,561.0107813236282,1,
1,15000.0,400.0,0.5,HYBRID,oracle,15.0,0,564.9689654484391,6942942.2831527395,0.15907895606801742,0.4181366156043766,-0.07293301362720818,0.4181366156043766,0.009464494112771123,0,0,0,0.2083333333324724,0.016016134771018205,15658.19987750426,561.0107817024808,1,
2,15000.0,400.0,0.5,HYBRID,oracle,15.0,0,564.9914101660252,6943423.537750505,0.15907895606801742,0.4181366156043766,-0.07356462144849511,0.4181366156043766,0.009465916358443783,0,0,0,0.23333333333247097,0.01604469949592791,15658.222322221845,561.0105176200408,1,
3,15000.0,400.0,0.5,HYBRID,oracle,15.0,0,564.9754411615431,6943041.951556779,0.15907895606801742,0.4181366156043766,-0.07419639362313211,0.4181366156043766,0.009465183064453259,0,0,0,0.23333333333247097,0.01606206630960338,15658.206353217363,561.010484919418,1,
4,15000.0,400.0,0.5,HYBRID,oracle,15.0,0,564.9995361864567,6943624.760412122,0.15907895606801742,0.4181366156043766,-0.07376571969413487,0.4181366156043766,0.009467235328296275,0,0,0,0.21666666666580525,0.015978989773696342,15658.230448242277,561.0104202562088,1,
5,15000.0,400.0,0.5,HYBRID,oracle,15.0,0,565.010070502758,6943640.953767699,0.15907895606801742,0.4181366156043766,-0.07381012084069244,0.4181366156043766,0.009466117415024048,0,0,0,0.2249999999991381,0.01602216878650465,15658.240982558578,561.0100368116414,1,
6,15000.0,400.0,0.5,HYBRID,oracle,15.0,0,565.0095152370632,6943631.763970463,0.15907895606801742,0.4181366156043766,-0.07286118848449545,0.4181366156043766,0.009466848168476063,0,0,0,0.2083333333324724,0.015971455278603604,15658.240427292883,561.0102727025528,1,
7,15000.0,400.0,0.5,HYBRID,oracle,15.0,0,564.9810965508223,6943201.80670827,0.15907895606801742,0.4181366156043766,-0.07336265858697208,0.4181366156043766,0.009466238318630695,0,0,0,0.2249999999991381,0.015929471474216684,15658.212008606642,561.0105779865095,1,
8,15000.0,400.0,0.5,HYBRID,oracle,15.0,0,564.9742739871144,6943136.881252173,0.15907895606801742,0.4181366156043766,-0.07371306209547797,0.4181366156043766,0.009465285460403173,0,0,0,0.19166666666580667,0.01605967129773139,15658.205186042935,561.0105950519136,1,
9,15000.0,400.0,0.5,HYBRID,oracle,15.0,0,564.9868877567351,6943204.443244624,0.15907895606801742,0.4181366156043766,-0.07361055815504554,0.4181366156043766,0.009465856042851198,0,0,0,0.23333333333247097,0.016216451956713514,15658.217799812555,561.0105169455238,1,
10,15000.0,400.0,0.5,HYBRID,oracle,15.0,0,564.9836389012635,6943197.2411540365,0.15907895606801742,0.4181366156043766,-0.07322225566094004,0.4181366156043766,0.00946490691178115,0,0,0,0.21666666666580525,0.015849011405404234,15658.214550957084,561.01044557294,1,
11,15000.0,400.0,0.5,HYBRID,oracle,15.0,0,564.9722797945142,6943041.0774886,0.15907895606801742,0.4181366156043766,-0.07367544531022266,0.4181366156043766,0.009465000421007456,0,0,0,0.2083333333324724,0.016000721465002005,15658.203191850334,561.0107153232004,1,
12,15000.0,400.0,0.5,HYBRID,oracle,15.0,0,564.9734845533967,6942918.14446628,0.15907895606801742,0.4181366156043766,-0.07310151797315113,0.4181366156043766,0.009464151176150112,0,0,0,0.23333333333247097,0.015962242500461164,15658.204396609217,561.0106070171443,1,
13,15000.0,400.0,0.5,HYBRID,oracle,15.0,0,564.9787753745914,6943456.388466294,0.15907895606801742,0.4181366156043766,-0.07318033613590783,0.4181366156043766,0.009465068584956722,0,0,0,0.2249999999991381,0.0160698595208309,15658.209687430412,561.0107720626792,1,
14,15000.0,400.0,0.5,HYBRID,oracle,15.0,0,564.9958432503045,6943618.646531808,0.15907895606801742,0.4181366156043766,-0.07329472749383968,0.4181366156043766,0.00946592931366845,0,0,0,0.23333333333247097,0.016024290779210602,15658.226755306125,561.0104359987641,1,
15,15000.0,400.0,0.5,HYBRID,oracle,15.0,0,564.9939863123,6943206.406667926,0.15907895606801742,0.4181366156043766,-0.07358867281900451,0.4181366156043766,0.009466704836114854,0,0,0,0.23333333333247097,0.016037715663493393,15658.22489836812,561.0103819908269,1,
16,15000.0,400.0,0.5,HYBRID,oracle,15.0,0,564.9772216454148,6943117.980392897,0.15907895606801742,0.4181366156043766,-0.07315962813118708,0.4181366156043766,0.009465952326521086,0,0,0,0.23333333333247097,0.016040590102517807,15658.208133701235,561.0106902372673,1,
17,15000.0,400.0,0.5,HYBRID,oracle,15.0,0,564.9983160495758,6943343.170284949,0.15907895606801742,0.4181366156043766,-0.07364095228418353,0.4181366156043766,0.00946614650434178,0,0,0,0.2249999999991381,0.016007176118481455,15658.229228105396,561.0102822542192,1,
18,15000.0,400.0,0.5,HYBRID,oracle,15.0,0,564.9715394042432,6942977.209959178,0.15907895606801742,0.4181366156043766,-0.07288390142443232,0.4181366156043766,0.00946489343467429,0,0,0,0.24166666666580383,0.01611198894904794,15658.202451460063,561.0108319405771,1,
19,15000.0,400.0,0.5,HYBRID,oracle,15.0,0,564.9651396274567,6942938.146686226,0.15907895606801742,0.4181366156043766,-0.07383409916834081,0.4181366156043766,0.009465297540088841,0,0,0,0.2249999999991381,0.015925122528085218,15658.196051683277,561.010773857089,1,
0,15000.0,400.0,0.5,FULL_STACK,oracle,15.0,0,612.0788004845381,8588441.922344593,0.8118618305458078,0.5220653405200956,-0.08881838012361057,0.5220653405200956,0.009814369107317953,5373,0,0,0.2249999999991381,0.01605924530480046,15705.309712540358,560.597929540752,1,
1,15000.0,400.0,0.5,FULL_STACK,oracle,15.0,0,612.0620968826115,8588556.556598242,0.8009170556331432,0.5215037699426905,-0.08846966774733232,0.5215037699426905,0.009809048512828008,5371,0,0,0.2083333333324724,0.016016134771018205,15705.293008938432,560.5983138897612,1,
2,15000.0,400.0,0.5,FULL_STACK,oracle,15.0,0,612.0701049007475,8588203.562670616,0.8026632021272287,0.5226998216577988,-0.08921844309953898,0.5226998216577988,0.009812914953693155,5371,0,0,0.23333333333247097,0.01604469949592791,15705.301016956568,560.5980991555742,1,
3,15000.0,400.0,0.5,FULL_STACK,oracle,15.0,0,612.0499725677073,8587849.434655223,0.8021491788235796,0.5227074683621279,-0.08971723605168899,0.5227074683621279,0.009812113960080592,5371,0,0,0.23333333333247097,0.01606206630960338,15705.280884623528,560.5981967106438,1,
4,15000.0,400.0,0.5,FULL_STACK,oracle,15.0,0,612.0792234875262,8588652.820608485,0.809285949900871,0.5223960325725004,-0.08938082266844495,0.5223960325725004,0.009812334316920334,5372,0,0,0.21666666666580525,0.015978989773696342,15705.310135543346,560.5980370049343,1,
5,15000.0,400.0,0.5,FULL_STACK,oracle,15.0,0,612.0548802018166,8588542.91351255,0.8080255859389197,0.5229653314325573,-0.08939260821289316,0.5229653314325573,0.009812197803326119,5373,0,0,0.2249999999991381,0.01602216878650465,15705.285792257637,560.5983869932061,1,
6,15000.0,400.0,0.5,FULL_STACK,oracle,15.0,0,612.0610219091177,8588579.189970633,0.8061851126744467,0.5220170182560521,-0.08839120751786482,0.5220170182560521,0.009810926671866137,5372,0,0,0.2083333333324724,0.015971455278603604,15705.291933964938,560.5984470575562,1,
7,15000.0,400.0,0.5,FULL_STACK,oracle,15.0,0,612.0439928621054,8587994.838704232,0.8100557203346872,0.5221597011449597,-0.08890382380702802,0.5221597011449597,0.009813914141747761,5373,0,0,0.2249999999991381,0.015929471474216684,15705.274904917926,560.598502261265,1,
8,15000.0,400.0,0.5,FULL_STACK,oracle,15.0,0,612.0612735524774,8588529.909211375,0.7825466661489643,0.5218655307733865,-0.08930030433033141,0.5218655307733865,0.009805237165125887,5370,0,0,0.19166666666580667,0.01605967129773139,15705.292185608298,560.5982356494155,1,
9,15000.0,400.0,0.5,FULL_STACK,oracle,15.0,0,612.0616932399571,8588338.807938011,0.8028235731603622,0.5219217582179688,-0.08921098911109053,0.5219217582179688,0.009812542796710212,5371,0,0,0.23333333333247097,0.016216451956713514,15705.292605295777,560.5983433131889,1,
10,15000.0,400.0,0.5,FULL_STACK,oracle,15.0,0,612.0427369773388,8588309.821605172,0.7939872644501219,0.5230305432539848,-0.08881052564669391,0.5230305432539848,0.009807359718144403,5370,0,0,0.21666666666580525,0.015849011405404234,15705.273649033159,560.5985956602169,1,
11,15000.0,400.0,0.5,FULL_STACK,oracle,15.0,0,612.0458351038396,8588074.170363175,0.8127038958041408,0.5217063425763384,-0.08918173863642004,0.5217063425763384,0.009810065490082991,5373,0,0,0.2083333333324724,0.016000721465002005,15705.27674715966,560.5984568458413,1,
12,15000.0,400.0,0.5,FULL_STACK,oracle,15.0,0,612.0648186765611,8588232.891703216,0.8021402943717398,0.5226649396224674,-0.08872263672364412,0.5226649396224674,0.009811540848698697,5370,0,0,0.23333333333247097,0.015962242500461164,15705.295730732381,560.5981698375949,1,
13,15000.0,400.0,0.5,FULL_STACK,oracle,15.0,0,612.0311821736395,8587969.432558425,0.7987548215916348,0.5223693038269351,-0.08860863691840715,0.5223693038269351,0.0098086162371537,5370,0,0,0.2249999999991381,0.0160698595208309,15705.26209422946,560.5987964165729,1,
14,15000.0,400.0,0.5,FULL_STACK,oracle,15.0,0,612.0751964971423,8588651.426564053,0.8015676024888415,0.5228119744434839,-0.08877795916478146,0.5228119744434839,0.009812589737494964,5370,0,0,0.23333333333247097,0.016024290779210602,15705.306108552963,560.5981176485823,1,
15,15000.0,400.0,0.5,FULL_STACK,oracle,15.0,0,612.0704004429281,8588072.75910256,0.8019970539740803,0.5225492734184778,-0.08907651809801113,0.5225492734184778,0.009813147127523921,5371,0,0,0.23333333333247097,0.016037715663493393,15705.301312498748,560.5980482166235,1,
16,15000.0,400.0,0.5,FULL_STACK,oracle,15.0,0,612.0454930625856,8587823.165069375,0.7984792081091716,0.5217351152671609,-0.08864231550297214,0.5217351152671609,0.009812730551872659,5369,0,0,0.23333333333247097,0.016040590102517807,15705.276405118406,560.5984966008019,1,
17,15000.0,400.0,0.5,FULL_STACK,oracle,15.0,0,612.071576833725,8588526.001466008,0.8030610516568988,0.5219192910041192,-0.08928000599242304,0.5219192910041192,0.009811647284242135,5371,0,0,0.2249999999991381,0.016007176118481455,15705.302488889545,560.5981346587206,1,
18,15000.0,400.0,0.5,FULL_STACK,oracle,15.0,0,612.0722538009286,8588091.958574161,0.8006899335816375,0.5228443725477944,-0.08858964039158543,0.5228443725477944,0.009813921574325273,5370,0,0,0.24166666666580383,0.01611198894904794,15705.303165856749,560.5980441835005,1,
19,15000.0,400.0,0.5,FULL_STACK,oracle,15.0,0,612.0366026759148,8587994.110897439,0.8057496803177613,0.5216049282182015,-0.08956842360905394,0.5216049282182015,0.00981254146580843,5372,0,0,0.2249999999991381,0.015925122528085218,15705.267514731735,560.5986134483315,1,
0,20000.0,450.0,1.0,BASELINE,none,1000000000.0,0,254.04547956585884,1252626.7312381954,0.8020565877254024,0.10992769100468482,-0.10992769100468482,0.09632836945874719,0.0008070583111052368,0,0,0,nan,nan,20307.332515001297,531.068356570189,1,
1,20000.0,450.0,1.0,BASELINE,none,1000000000.0,0,254.04547956585884,1252626.7312381954,0.8020565877254024,0.10992769100468482,-0.10992769100468482,0.09632836945874719,0.0008070583111052368,0,0,0,nan,nan,20307.332515001297,531.068356570189,1,
2,20000.0,450.0,1.0,BASELINE,none,1000000000.0,0,254.04547956585884,1252626.7312381954,0.8020565877254024,0.10992769100468482,-0.10992769100468482,0.09632836945874719,0.0008070583111052368,0,0,0,nan,nan,20307.332515001297,531.068356570189,1,
3,20000.0,450.0,1.0,BASELINE,none,1000000000.0,0,254.04547956585884,1252626.7312381954,0.8020565877254024,0.10992769100468482,-0.10992769100468482,0.09632836945874719,0.0008070583111052368,0,0,0,nan,nan,20307.332515001297,531.068356570189,1,
4,20000.0,450.0,1.0,BASELINE,none,1000000000.0,0,254.04547956585884,1252626.7312381954,0.8020565877254024,0.10992769100468482,-0.10992769100468482,0.09632836945874719,0.0008070583111052368,0,0,0,nan,nan,20307.332515001297,531.068356570189,1,
5,20000.0,450.0,1.0,BASELINE,none,1000000000.0,0,254.04547956585884,1252626.7312381954,0.8020565877254024,0.10992769100468482,-0.10992769100468482,0.09632836945874719,0.0008070583111052368,0,0,0,nan,nan,20307.332515001297,531.068356570189,1,
6,20000.0,450.0,1.0,BASELINE,none,1000000000.0,0,254.04547956585884,1252626.7312381954,0.8020565877254024,0.10992769100468482,-0.10992769100468482,0.09632836945874719,0.0008070583111052368,0,0,0,nan,nan,20307.332515001297,531.068356570189,1,
7,20000.0,450.0,1.0,BASELINE,none,1000000000.0,0,254.04547956585884,1252626.7312381954,0.8020565877254024,0.10992769100468482,-0.10992769100468482,0.09632836945874719,0.0008070583111052368,0,0,0,nan,nan,20307.332515001297,531.068356570189,1,
8,20000.0,450.0,1.0,BASELINE,none,1000000000.0,0,254.04547956585884,1252626.7312381954,0.8020565877254024,0.10992769100468482,-0.10992769100468482,0.09632836945874719,0.0008070583111052368,0,0,0,nan,nan,20307.332515001297,531.068356570189,1,
9,20000.0,450.0,1.0,BASELINE,none,1000000000.0,0,254.04547956585884,1252626.7312381954,0.8020565877254024,0.10992769100468482,-0.10992769100468482,0.09632836945874719,0.0008070583111052368,0,0,0,nan,nan,20307.332515001297,531.068356570189,1,
10,20000.0,450.0,1.0,BASELINE,none,1000000000.0,0,254.04547956585884,1252626.7312381954,0.8020565877254024,0.10992769100468482,-0.10992769100468482,0.09632836945874719,0.0008070583111052368,0,0,0,nan,nan,20307.332515001297,531.068356570189,1,
11,20000.0,450.0,1.0,BASELINE,none,1000000000.0,0,254.04547956585884,1252626.7312381954,0.8020565877254024,0.10992769100468482,-0.10992769100468482,0.09632836945874719,0.0008070583111052368,0,0,0,nan,nan,20307.332515001297,531.068356570189,1,
12,20000.0,450.0,1.0,BASELINE,none,1000000000.0,0,254.04547956585884,1252626.7312381954,0.8020565877254024,0.10992769100468482,-0.10992769100468482,0.09632836945874719,0.0008070583111052368,0,0,0,nan,nan,20307.332515001297,531.068356570189,1,
13,20000.0,450.0,1.0,BASELINE,none,1000000000.0,0,254.04547956585884,1252626.7312381954,0.8020565877254024,0.10992769100468482,-0.10992769100468482,0.09632836945874719,0.0008070583111052368,0,0,0,nan,nan,20307.332515001297,531.068356570189,1,
14,20000.0,450.0,1.0,BASELINE,none,1000000000.0,0,254.04547956585884,1252626.7312381954,0.8020565877254024,0.10992769100468482,-0.10992769100468482,0.09632836945874719,0.0008070583111052368,0,0,0,nan,nan,20307.332515001297,531.068356570189,1,
15,20000.0,450.0,1.0,BASELINE,none,1000000000.0,0,254.04547956585884,1252626.7312381954,0.8020565877254024,0.10992769100468482,-0.10992769100468482,0.09632836945874719,0.0008070583111052368,0,0,0,nan,nan,20307.332515001297,531.068356570189,1,
16,20000.0,450.0,1.0,BASELINE,none,1000000000.0,0,254.04547956585884,1252626.7312381954,0.8020565877254024,0.10992769100468482,-0.10992769100468482,0.09632836945874719,0.0008070583111052368,0,0,0,nan,nan,20307.332515001297,531.068356570189,1,
17,20000.0,450.0,1.0,BASELINE,none,1000000000.0,0,254.04547956585884,1252626.7312381954,0.8020565877254024,0.10992769100468482,-0.10992769100468482,0.09632836945874719,0.0008070583111052368,0,0,0,nan,nan,20307.332515001297,531.068356570189,1,
18,20000.0,450.0,1.0,BASELINE,none,1000000000.0,0,254.04547956585884,1252626.7312381954,0.8020565877254024,0.10992769100468482,-0.10992769100468482,0.09632836945874719,0.0008070583111052368,0,0,0,nan,nan,20307.332515001297,531.068356570189,1,
19,20000.0,450.0,1.0,BASELINE,none,1000000000.0,0,254.04547956585884,1252626.7312381954,0.8020565877254024,0.10992769100468482,-0.10992769100468482,0.09632836945874719,0.0008070583111052368,0,0,0,nan,nan,20307.332515001297,531.068356570189,1,
0,20000.0,450.0,1.0,CLASSICAL_KAPPA,oracle,1000000000.0,0,254.04547956585884,1252626.7312381954,0.8020565877254024,0.10992769100468482,-0.10992769100468482,0.09632836945874719,0.0008070583111052368,0,0,0,nan,nan,20307.332515001297,531.068356570189,1,
1,20000.0,450.0,1.0,CLASSICAL_KAPPA,oracle,1000000000.0,0,254.04547956585884,1252626.7312381954,0.8020565877254024,0.10992769100468482,-0.10992769100468482,0.09632836945874719,0.0008070583111052368,0,0,0,nan,nan,20307.332515001297,531.068356570189,1,
2,20000.0,450.0,1.0,CLASSICAL_KAPPA,oracle,1000000000.0,0,254.04547956585884,1252626.7312381954,0.8020565877254024,0.10992769100468482,-0.10992769100468482,0.09632836945874719,0.0008070583111052368,0,0,0,nan,nan,20307.332515001297,531.068356570189,1,
3,20000.0,450.0,1.0,CLASSICAL_KAPPA,oracle,1000000000.0,0,254.04547956585884,1252626.7312381954,0.8020565877254024,0.10992769100468482,-0.10992769100468482,0.09632836945874719,0.0008070583111052368,0,0,0,nan,nan,20307.332515001297,531.068356570189,1,
4,20000.0,450.0,1.0,CLASSICAL_KAPPA,oracle,1000000000.0,0,254.04547956585884,1252626.7312381954,0.8020565877254024,0.10992769100468482,-0.10992769100468482,0.09632836945874719,0.0008070583111052368,0,0,0,nan,nan,20307.332515001297,531.068356570189,1,
5,20000.0,450.0,1.0,CLASSICAL_KAPPA,oracle,1000000000.0,0,254.04547956585884,1252626.7312381954,0.8020565877254024,0.10992769100468482,-0.10992769100468482,0.09632836945874719,0.0008070583111052368,0,0,0,nan,nan,20307.332515001297,531.068356570189,1,
6,20000.0,450.0,1.0,CLASSICAL_KAPPA,oracle,1000000000.0,0,254.04547956585884,1252626.7312381954,0.8020565877254024,0.10992769100468482,-0.10992769100468482,0.09632836945874719,0.0008070583111052368,0,0,0,nan,nan,20307.332515001297,531.068356570189,1,
7,20000.0,450.0,1.0,CLASSICAL_KAPPA,oracle,1000000000.0,0,254.04547956585884,1252626.7312381954,0.8020565877254024,0.10992769100468482,-0.10992769100468482,0.09632836945874719,0.0008070583111052368,0,0,0,nan,nan,20307.332515001297,531.068356570189,1,
8,20000.0,450.0,1.0,CLASSICAL_KAPPA,oracle,1000000000.0,0,254.04547956585884,1252626.7312381954,0.8020565877254024,0.10992769100468482,-0.10992769100468482,0.09632836945874719,0.0008070583111052368,0,0,0,nan,nan,20307.332515001297,531.068356570189,1,
9,20000.0,450.0,1.0,CLASSICAL_KAPPA,oracle,1000000000.0,0,254.04547956585884,1252626.7312381954,0.8020565877254024,0.10992769100468482,-0.10992769100468482,0.09632836945874719,0.0008070583111052368,0,0,0,nan,nan,20307.332515001297,531.068356570189,1,
10,20000.0,450.0,1.0,CLASSICAL_KAPPA,oracle,1000000000.0,0,254.04547956585884,1252626.7312381954,0.8020565877254024,0.10992769100468482,-0.10992769100468482,0.09632836945874719,0.0008070583111052368,0,0,0,nan,nan,20307.332515001297,531.068356570189,1,
11,20000.0,450.0,1.0,CLASSICAL_KAPPA,oracle,1000000000.0,0,254.04547956585884,1252626.7312381954,0.8020565877254024,0.10992769100468482,-0.10992769100468482,0.09632836945874719,0.0008070583111052368,0,0,0,nan,nan,20307.332515001297,531.068356570189,1,
12,20000.0,450.0,1.0,CLASSICAL_KAPPA,oracle,1000000000.0,0,254.04547956585884,1252626.7312381954,0.8020565877254024,0.10992769100468482,-0.10992769100468482,0.09632836945874719,0.0008070583111052368,0,0,0,nan,nan,20307.332515001297,531.068356570189,1,
13,20000.0,450.0,1.0,CLASSICAL_KAPPA,oracle,1000000000.0,0,254.04547956585884,1252626.7312381954,0.8020565877254024,0.10992769100468482,-0.10992769100468482,0.09632836945874719,0.0008070583111052368,0,0,0,nan,nan,20307.332515001297,531.068356570189,1,
14,20000.0,450.0,1.0,CLASSICAL_KAPPA,oracle,1000000000.0,0,254.04547956585884,1252626.7312381954,0.8020565877254024,0.10992769100468482,-0.10992769100468482,0.09632836945874719,0.0008070583111052368,0,0,0,nan,nan,20307.332515001297,531.068356570189,1,
15,20000.0,450.0,1.0,CLASSICAL_KAPPA,oracle,1000000000.0,0,254.04547956585884,1252626.7312381954,0.8020565877254024,0.10992769100468482,-0.10992769100468482,0.09632836945874719,0.0008070583111052368,0,0,0,nan,nan,20307.332515001297,531.068356570189,1,
16,20000.0,450.0,1.0,CLASSICAL_KAPPA,oracle,1000000000.0,0,254.04547956585884,1252626.7312381954,0.8020565877254024,0.10992769100468482,-0.10992769100468482,0.09632836945874719,0.0008070583111052368,0,0,0,nan,nan,20307.332515001297,531.068356570189,1,
17,20000.0,450.0,1.0,CLASSICAL_KAPPA,oracle,1000000000.0,0,254.04547956585884,1252626.7312381954,0.8020565877254024,0.10992769100468482,-0.10992769100468482,0.09632836945874719,0.0008070583111052368,0,0,0,nan,nan,20307.332515001297,531.068356570189,1,
18,20000.0,450.0,1.0,CLASSICAL_KAPPA,oracle,1000000000.0,0,254.04547956585884,1252626.7312381954,0.8020565877254024,0.10992769100468482,-0.10992769100468482,0.09632836945874719,0.0008070583111052368,0,0,0,nan,nan,20307.332515001297,531.068356570189,1,
19,20000.0,450.0,1.0,CLASSICAL_KAPPA,oracle,1000000000.0,0,254.04547956585884,1252626.7312381954,0.8020565877254024,0.10992769100468482,-0.10992769100468482,0.09632836945874719,0.0008070583111052368,0,0,0,nan,nan,20307.332515001297,531.068356570189,1,
0,20000.0,450.0,1.0,TECS_MRAC,none,1000000000.0,0,245.54288031160831,1174332.054493579,0.7847204860208832,0.11654869856955334,-0.11654869856955334,0.09632836945874719,0.0008118042643958614,0,0,0,nan,nan,20298.829915747046,531.1886679679908,1,
1,20000.0,450.0,1.0,TECS_MRAC,none,1000000000.0,0,245.54288031160831,1174332.054493579,0.7847204860208832,0.11654869856955334,-0.11654869856955334,0.09632836945874719,0.0008118042643958614,0,0,0,nan,nan,20298.829915747046,531.1886679679908,1,
2,20000.0,450.0,1.0,TECS_MRAC,none,1000000000.0,0,245.54288031160831,1174332.054493579,0.7847204860208832,0.11654869856955334,-0.11654869856955334,0.09632836945874719,0.0008118042643958614,0,0,0,nan,nan,20298.829915747046,531.1886679679908,1,
3,20000.0,450.0,1.0,TECS_MRAC,none,1000000000.0,0,245.54288031160831,1174332.054493579,0.7847204860208832,0.11654869856955334,-0.11654869856955334,0.09632836945874719,0.0008118042643958614,0,0,0,nan,nan,20298.829915747046,531.1886679679908,1,
4,20000.0,450.0,1.0,TECS_MRAC,none,1000000000.0,0,245.54288031160831,1174332.054493579,0.7847204860208832,0.11654869856955334,-0.11654869856955334,0.09632836945874719,0.0008118042643958614,0,0,0,nan,nan,20298.829915747046,531.1886679679908,1,
5,20000.0,450.0,1.0,TECS_MRAC,none,1000000000.0,0,245.54288031160831,1174332.054493579,0.7847204860208832,0.11654869856955334,-0.11654869856955334,0.09632836945874719,0.0008118042643958614,0,0,0,nan,nan,20298.829915747046,531.1886679679908,1,
6,20000.0,450.0,1.0,TECS_MRAC,none,1000000000.0,0,245.54288031160831,1174332.054493579,0.7847204860208832,0.11654869856955334,-0.11654869856955334,0.09632836945874719,0.0008118042643958614,0,0,0,nan,nan,20298.829915747046,531.1886679679908,1,
7,20000.0,450.0,1.0,TECS_MRAC,none,1000000000.0,0,245.54288031160831,1174332.054493579,0.7847204860208832,0.11654869856955334,-0.11654869856955334,0.09632836945874719,0.0008118042643958614,0,0,0,nan,nan,20298.829915747046,531.1886679679908,1,
8,20000.0,450.0,1.0,TECS_MRAC,none,1000000000.0,0,245.54288031160831,1174332.054493579,0.7847204860208832,0.11654869856955334,-0.11654869856955334,0.09632836945874719,0.0008118042643958614,0,0,0,nan,nan,20298.829915747046,531.1886679679908,1,
9,20000.0,450.0,1.0,TECS_MRAC,none,1000000000.0,0,245.54288031160831,1174332.054493579,0.7847204860208832,0.11654869856955334,-0.11654869856955334,0.09632836945874719,0.0008118042643958614,0,0,0,nan,nan,20298.829915747046,531.1886679679908,1,
10,20000.0,450.0,1.0,TECS_MRAC,none,1000000000.0,0,245.54288031160831,1174332.054493579,0.7847204860208832,0.11654869856955334,-0.11654869856955334,0.09632836945874719,0.0008118042643958614,0,0,0,nan,nan,20298.829915747046,531.1886679679908,1,
11,20000.0,450.0,1.0,TECS_MRAC,none,1000000000.0,0,245.54288031160831,1174332.054493579,0.7847204860208832,0.11654869856955334,-0.11654869856955334,0.09632836945874719,0.0008118042643958614,0,0,0,nan,nan,20298.829915747046,531.1886679679908,1,
12,20000.0,450.0,1.0,TECS_MRAC,none,1000000000.0,0,245.54288031160831,1174332.054493579,0.7847204860208832,0.11654869856955334,-0.11654869856955334,0.09632836945874719,0.0008118042643958614,0,0,0,nan,nan,20298.829915747046,531.1886679679908,1,
13,20000.0,450.0,1.0,TECS_MRAC,none,1000000000.0,0,245.54288031160831,1174332.054493579,0.7847204860208832,0.11654869856955334,-0.11654869856955334,0.09632836945874719,0.0008118042643958614,0,0,0,nan,nan,20298.829915747046,531.1886679679908,1,
14,20000.0,450.0,1.0,TECS_MRAC,none,1000000000.0,0,245.54288031160831,1174332.054493579,0.7847204860208832,0.11654869856955334,-0.11654869856955334,0.09632836945874719,0.0008118042643958614,0,0,0,nan,nan,20298.829915747046,531.1886679679908,1,
15,20000.0,450.0,1.0,TECS_MRAC,none,1000000000.0,0,245.54288031160831,1174332.054493579,0.7847204860208832,0.11654869856955334,-0.11654869856955334,0.09632836945874719,0.0008118042643958614,0,0,0,nan,nan,20298.829915747046,531.1886679679908,1,
16,20000.0,450.0,1.0,TECS_MRAC,none,1000000000.0,0,245.54288031160831,1174332.054493579,0.7847204860208832,0.11654869856955334,-0.11654869856955334,0.09632836945874719,0.0008118042643958614,0,0,0,nan,nan,20298.829915747046,531.1886679679908,1,
17,20000.0,450.0,1.0,TECS_MRAC,none,1000000000.0,0,245.54288031160831,1174332.054493579,0.7847204860208832,0.11654869856955334,-0.11654869856955334,0.09632836945874719,0.0008118042643958614,0,0,0,nan,nan,20298.829915747046,531.1886679679908,1,
18,20000.0,450.0,1.0,TECS_MRAC,none,1000000000.0,0,245.54288031160831,1174332.054493579,0.7847204860208832,0.11654869856955334,-0.11654869856955334,0.09632836945874719,0.0008118042643958614,0,0,0,nan,nan,20298.829915747046,531.1886679679908,1,
19,20000.0,450.0,1.0,TECS_MRAC,none,1000000000.0,0,245.54288031160831,1174332.054493579,0.7847204860208832,0.11654869856955334,-0.11654869856955334,0.09632836945874719,0.0008118042643958614,0,0,0,nan,nan,20298.829915747046,531.1886679679908,1,
0,20000.0,450.0,1.0,HYBRID,oracle,1000000000.0,0,245.54288031160831,1174332.054493579,0.7847204860208832,0.11654869856955334,-0.11654869856955334,0.09632836945874719,0.0008118042643958614,0,0,0,nan,nan,20298.829915747046,531.1886679679908,1,
1,20000.0,450.0,1.0,HYBRID,oracle,1000000000.0,0,245.54288031160831,1174332.054493579,0.7847204860208832,0.11654869856955334,-0.11654869856955334,0.09632836945874719,0.0008118042643958614,0,0,0,nan,nan,20298.829915747046,531.1886679679908,1,
2,20000.0,450.0,1.0,HYBRID,oracle,1000000000.0,0,245.54288031160831,1174332.054493579,0.7847204860208832,0.11654869856955334,-0.11654869856955334,0.09632836945874719,0.0008118042643958614,0,0,0,nan,nan,20298.829915747046,531.1886679679908,1,
3,20000.0,450.0,1.0,HYBRID,oracle,1000000000.0,0,245.54288031160831,1174332.054493579,0.7847204860208832,0.11654869856955334,-0.11654869856955334,0.09632836945874719,0.0008118042643958614,0,0,0,nan,nan,20298.829915747046,531.1886679679908,1,
4,20000.0,450.0,1.0,HYBRID,oracle,1000000000.0,0,245.54288031160831,1174332.054493579,0.7847204860208832,0.11654869856955334,-0.11654869856955334,0.09632836945874719,0.0008118042643958614,0,0,0,nan,nan,20298.829915747046,531.1886679679908,1,
5,20000.0,450.0,1.0,HYBRID,oracle,1000000000.0,0,245.54288031160831,1174332.054493579,0.7847204860208832,0.11654869856955334,-0.11654869856955334,0.09632836945874719,0.0008118042643958614,0,0,0,nan,nan,20298.829915747046,531.1886679679908,1,
6,20000.0,450.0,1.0,HYBRID,oracle,1000000000.0,0,245.54288031160831,1174332.054493579,0.7847204860208832,0.11654869856955334,-0.11654869856955334,0.09632836945874719,0.0008118042643958614,0,0,0,nan,nan,20298.829915747046,531.1886679679908,1,
7,20000.0,450.0,1.0,HYBRID,oracle,1000000000.0,0,245.54288031160831,1174332.054493579,0.7847204860208832,0.11654869856955334,-0.11654869856955334,0.09632836945874719,0.0008118042643958614,0,0,0,nan,nan,20298.829915747046,531.1886679679908,1,
8,20000.0,450.0,1.0,HYBRID,oracle,1000000000.0,0,245.54288031160831,1174332.054493579,0.7847204860208832,0.11654869856955334,-0.11654869856955334,0.09632836945874719,0.0008118042643958614,0,0,0,nan,nan,20298.829915747046,531.1886679679908,1,
9,20000.0,450.0,1.0,HYBRID,oracle,1000000000.0,0,245.54288031160831,1174332.054493579,0.7847204860208832,0.11654869856955334,-0.11654869856955334,0.09632836945874719,0.0008118042643958614,0,0,0,nan,nan,20298.829915747046,531.1886679679908,1,
10,20000.0,450.0,1.0,HYBRID,oracle,1000000000.0,0,245.54288031160831,1174332.054493579,0.7847204860208832,0.11654869856955334,-0.11654869856955334,0.09632836945874719,0.0008118042643958614,0,0,0,nan,nan,20298.829915747046,531.1886679679908,1,
11,20000.0,450.0,1.0,HYBRID,oracle,1000000000.0,0,245.54288031160831,1174332.054493579,0.7847204860208832,0.11654869856955334,-0.11654869856955334,0.09632836945874719,0.0008118042643958614,0,0,0,nan,nan,20298.829915747046,531.1886679679908,1,
12,20000.0,450.0,1.0,HYBRID,oracle,1000000000.0,0,245.54288031160831,1174332.054493579,0.7847204860208832,0.11654869856955334,-0.11654869856955334,0.09632836945874719,0.0008118042643958614,0,0,0,nan,nan,20298.829915747046,531.1886679679908,1,
13,20000.0,450.0,1.0,HYBRID,oracle,1000000000.0,0,245.54288031160831,1174332.054493579,0.7847204860208832,0.11654869856955334,-0.11654869856955334,0.09632836945874719,0.0008118042643958614,0,0,0,nan,nan,20298.829915747046,531.1886679679908,1,
14,20000.0,450.0,1.0,HYBRID,oracle,1000000000.0,0,245.54288031160831,1174332.054493579,0.7847204860208832,0.11654869856955334,-0.11654869856955334,0.09632836945874719,0.0008118042643958614,0,0,0,nan,nan,20298.829915747046,531.1886679679908,1,
15,20000.0,450.0,1.0,HYBRID,oracle,1000000000.0,0,245.54288031160831,1174332.054493579,0.7847204860208832,0.11654869856955334,-0.11654869856955334,0.09632836945874719,0.0008118042643958614,0,0,0,nan,nan,20298.829915747046,531.1886679679908,1,
16,20000.0,450.0,1.0,HYBRID,oracle,1000000000.0,0,245.54288031160831,1174332.054493579,0.7847204860208832,0.11654869856955334,-0.11654869856955334,0.09632836945874719,0.0008118042643958614,0,0,0,nan,nan,20298.829915747046,531.1886679679908,1,
17,20000.0,450.0,1.0,HYBRID,oracle,1000000000.0,0,245.54288031160831,1174332.054493579,0.7847204860208832,0.11654869856955334,-0.11654869856955334,0.09632836945874719,0.0008118042643958614,0,0,0,nan,nan,20298.829915747046,531.1886679679908,1,
18,20000.0,450.0,1.0,HYBRID,oracle,1000000000.0,0,245.54288031160831,1174332.054493579,0.7847204860208832,0.11654869856955334,-0.11654869856955334,0.09632836945874719,0.0008118042643958614,0,0,0,nan,nan,20298.829915747046,531.1886679679908,1,
19,20000.0,450.0,1.0,HYBRID,oracle,1000000000.0,0,245.54288031160831,1174332.054493579,0.7847204860208832,0.11654869856955334,-0.11654869856955334,0.09632836945874719,0.0008118042643958614,0,0,0,nan,nan,20298.829915747046,531.1886679679908,1,
0,20000.0,450.0,1.0,FULL_STACK,oracle,1000000000.0,0,245.54288031160831,1174332.054493579,0.7847204860208832,0.11654869856955334,-0.11654869856955334,0.09632836945874719,0.0008118042643958614,0,0,0,nan,nan,20298.829915747046,531.1886679679908,1,
1,20000.0,450.0,1.0,FULL_STACK,oracle,1000000000.0,0,245.54288031160831,1174332.054493579,0.7847204860208832,0.11654869856955334,-0.11654869856955334,0.09632836945874719,0.0008118042643958614,0,0,0,nan,nan,20298.829915747046,531.1886679679908,1,
2,20000.0,450.0,1.0,FULL_STACK,oracle,1000000000.0,0,245.54288031160831,1174332.054493579,0.7847204860208832,0.11654869856955334,-0.11654869856955334,0.09632836945874719,0.0008118042643958614,0,0,0,nan,nan,20298.829915747046,531.1886679679908,1,
3,20000.0,450.0,1.0,FULL_STACK,oracle,1000000000.0,0,245.54288031160831,1174332.054493579,0.7847204860208832,0.11654869856955334,-0.11654869856955334,0.09632836945874719,0.0008118042643958614,0,0,0,nan,nan,20298.829915747046,531.1886679679908,1,
4,20000.0,450.0,1.0,FULL_STACK,oracle,1000000000.0,0,245.54288031160831,1174332.054493579,0.7847204860208832,0.11654869856955334,-0.11654869856955334,0.09632836945874719,0.0008118042643958614,0,0,0,nan,nan,20298.829915747046,531.1886679679908,1,
5,20000.0,450.0,1.0,FULL_STACK,oracle,1000000000.0,0,245.54288031160831,1174332.054493579,0.7847204860208832,0.11654869856955334,-0.11654869856955334,0.09632836945874719,0.0008118042643958614,0,0,0,nan,nan,20298.829915747046,531.1886679679908,1,
6,20000.0,450.0,1.0,FULL_STACK,oracle,1000000000.0,0,245.54288031160831,1174332.054493579,0.7847204860208832,0.11654869856955334,-0.11654869856955334,0.09632836945874719,0.0008118042643958614,0,0,0,nan,nan,20298.829915747046,531.1886679679908,1,
7,20000.0,450.0,1.0,FULL_STACK,oracle,1000000000.0,0,245.54288031160831,1174332.054493579,0.7847204860208832,0.11654869856955334,-0.11654869856955334,0.09632836945874719,0.0008118042643958614,0,0,0,nan,nan,20298.829915747046,531.1886679679908,1,
8,20000.0,450.0,1.0,FULL_STACK,oracle,1000000000.0,0,245.54288031160831,1174332.054493579,0.7847204860208832,0.11654869856955334,-0.11654869856955334,0.09632836945874719,0.0008118042643958614,0,0,0,nan,nan,20298.829915747046,531.1886679679908,1,
9,20000.0,450.0,1.0,FULL_STACK,oracle,1000000000.0,0,245.54288031160831,1174332.054493579,0.7847204860208832,0.11654869856955334,-0.11654869856955334,0.09632836945874719,0.0008118042643958614,0,0,0,nan,nan,20298.829915747046,531.1886679679908,1,
10,20000.0,450.0,1.0,FULL_STACK,oracle,1000000000.0,0,245.54288031160831,1174332.054493579,0.7847204860208832,0.11654869856955334,-0.11654869856955334,0.09632836945874719,0.0008118042643958614,0,0,0,nan,nan,20298.829915747046,531.1886679679908,1,
11,20000.0,450.0,1.0,FULL_STACK,oracle,1000000000.0,0,245.54288031160831,1174332.054493579,0.7847204860208832,0.11654869856955334,-0.11654869856955334,0.09632836945874719,0.0008118042643958614,0,0,0,nan,nan,20298.829915747046,531.1886679679908,1,
12,20000.0,450.0,1.0,FULL_STACK,oracle,1000000000.0,0,245.54288031160831,1174332.054493579,0.7847204860208832,0.11654869856955334,-0.11654869856955334,0.09632836945874719,0.0008118042643958614,0,0,0,nan,nan,20298.829915747046,531.1886679679908,1,
13,20000.0,450.0,1.0,FULL_STACK,oracle,1000000000.0,0,245.54288031160831,1174332.054493579,0.7847204860208832,0.11654869856955334,-0.11654869856955334,0.09632836945874719,0.0008118042643958614,0,0,0,nan,nan,20298.829915747046,531.1886679679908,1,
14,20000.0,450.0,1.0,FULL_STACK,oracle,1000000000.0,0,245.54288031160831,1174332.054493579,0.7847204860208832,0.11654869856955334,-0.11654869856955334,0.09632836945874719,0.0008118042643958614,0,0,0,nan,nan,20298.829915747046,531.1886679679908,1,
15,20000.0,450.0,1.0,FULL_STACK,oracle,1000000000.0,0,245.54288031160831,1174332.054493579,0.7847204860208832,0.11654869856955334,-0.11654869856955334,0.09632836945874719,0.0008118042643958614,0,0,0,nan,nan,20298.829915747046,531.1886679679908,1,
16,20000.0,450.0,1.0,FULL_STACK,oracle,1000000000.0,0,245.54288031160831,1174332.054493579,0.7847204860208832,0.11654869856955334,-0.11654869856955334,0.09632836945874719,0.0008118042643958614,0,0,0,nan,nan,20298.829915747046,531.1886679679908,1,
17,20000.0,450.0,1.0,FULL_STACK,oracle,1000000000.0,0,245.54288031160831,1174332.054493579,0.7847204860208832,0.11654869856955334,-0.11654869856955334,0.09632836945874719,0.0008118042643958614,0,0,0,nan,nan,20298.829915747046,531.1886679679908,1,
18,20000.0,450.0,1.0,FULL_STACK,oracle,1000000000.0,0,245.54288031160831,1174332.054493579,0.7847204860208832,0.11654869856955334,-0.11654869856955334,0.09632836945874719,0.0008118042643958614,0,0,0,nan,nan,20298.829915747046,531.1886679679908,1,
19,20000.0,450.0,1.0,FULL_STACK,oracle,1000000000.0,0,245.54288031160831,1174332.054493579,0.7847204860208832,0.11654869856955334,-0.11654869856955334,0.09632836945874719,0.0008118042643958614,0,0,0,nan,nan,20298.829915747046,531.1886679679908,1,
0,20000.0,450.0,0.8,BASELINE,none,15.0,0,255.56021524220705,1269265.114137971,0.8020565877254024,0.10952766782669125,-0.10952766782669125,0.09632836945874719,0.0012192711100900149,0,0,0,nan,0.20000000000002008,20308.847250677645,531.04915372047,1,
1,20000.0,450.0,0.8,BASELINE,none,15.0,0,255.56021524220705,1269265.114137971,0.8020565877254024,0.10952766782669125,-0.10952766782669125,0.09632836945874719,0.0012192711100900149,0,0,0,nan,0.20000000000002008,20308.847250677645,531.04915372047,1,
2,20000.0,450.0,0.8,BASELINE,none,15.0,0,255.56021524220705,1269265.114137971,0.8020565877254024,0.10952766782669125,-0.10952766782669125,0.09632836945874719,0.0012192711100900149,0,0,0,nan,0.20000000000002008,20308.847250677645,531.04915372047,1,
3,20000.0,450.0,0.8,BASELINE,none,15.0,0,255.56021524220705,1269265.114137971,0.8020565877254024,0.10952766782669125,-0.10952766782669125,0.09632836945874719,0.0012192711100900149,0,0,0,nan,0.20000000000002008,20308.847250677645,531.04915372047,1,
4,20000.0,450.0,0.8,BASELINE,none,15.0,0,255.56021524220705,1269265.114137971,0.8020565877254024,0.10952766782669125,-0.10952766782669125,0.09632836945874719,0.0012192711100900149,0,0,0,nan,0.20000000000002008,20308.847250677645,531.04915372047,1,
5,20000.0,450.0,0.8,BASELINE,none,15.0,0,255.56021524220705,1269265.114137971,0.8020565877254024,0.10952766782669125,-0.10952766782669125,0.09632836945874719,0.0012192711100900149,0,0,0,nan,0.20000000000002008,20308.847250677645,531.04915372047,1,
6,20000.0,450.0,0.8,BASELINE,none,15.0,0,255.56021524220705,1269265.114137971,0.8020565877254024,0.10952766782669125,-0.10952766782669125,0.09632836945874719,0.0012192711100900149,0,0,0,nan,0.20000000000002008,20308.847250677645,531.04915372047,1,
7,20000.0,450.0,0.8,BASELINE,none,15.0,0,255.56021524220705,1269265.114137971,0.8020565877254024,0.10952766782669125,-0.10952766782669125,0.09632836945874719,0.0012192711100900149,0,0,0,nan,0.20000000000002008,20308.847250677645,531.04915372047,1,
8,20000.0,450.0,0.8,BASELINE,none,15.0,0,255.56021524220705,1269265.114137971,0.8020565877254024,0.10952766782669125,-0.10952766782669125,0.09632836945874719,0.0012192711100900149,0,0,0,nan,0.20000000000002008,20308.847250677645,531.04915372047,1,
9,20000.0,450.0,0.8,BASELINE,none,15.0,0,255.56021524220705,1269265.114137971,0.8020565877254024,0.10952766782669125,-0.10952766782669125,0.09632836945874719,0.0012192711100900149,0,0,0,nan,0.20000000000002008,20308.847250677645,531.04915372047,1,
10,20000.0,450.0,0.8,BASELINE,none,15.0,0,255.56021524220705,1269265.114137971,0.8020565877254024,0.10952766782669125,-0.10952766782669125,0.09632836945874719,0.0012192711100900149,0,0,0,nan,0.20000000000002008,20308.847250677645,531.04915372047,1,
11,20000.0,450.0,0.8,BASELINE,none,15.0,0,255.56021524220705,1269265.114137971,0.8020565877254024,0.10952766782669125,-0.10952766782669125,0.09632836945874719,0.0012192711100900149,0,0,0,nan,0.20000000000002008,20308.847250677645,531.04915372047,1,
12,20000.0,450.0,0.8,BASELINE,none,15.0,0,255.56021524220705,1269265.114137971,0.8020565877254024,0.10952766782669125,-0.10952766782669125,0.09632836945874719,0.0012192711100900149,0,0,0,nan,0.20000000000002008,20308.847250677645,531.04915372047,1,
13,20000.0,450.0,0.8,BASELINE,none,15.0,0,255.56021524220705,1269265.114137971,0.8020565877254024,0.10952766782669125,-0.10952766782669125,0.09632836945874719,0.0012192711100900149,0,0,0,nan,0.20000000000002008,20308.847250677645,531.04915372047,1,
14,20000.0,450.0,0.8,BASELINE,none,15.0,0,255.56021524220705,1269265.114137971,0.8020565877254024,0.10952766782669125,-0.10952766782669125,0.09632836945874719,0.0012192711100900149,0,0,0,nan,0.20000000000002008,20308.847250677645,531.04915372047,1,
15,20000.0,450.0,0.8,BASELINE,none,15.0,0,255.56021524220705,1269265.114137971,0.8020565877254024,0.10952766782669125,-0.10952766782669125,0.09632836945874719,0.0012192711100900149,0,0,0,nan,0.20000000000002008,20308.847250677645,531.04915372047,1,
16,20000.0,450.0,0.8,BASELINE,none,15.0,0,255.56021524220705,1269265.114137971,0.8020565877254024,0.10952766782669125,-0.10952766782669125,0.09632836945874719,0.0012192711100900149,0,0,0,nan,0.20000000000002008,20308.847250677645,531.04915372047,1,
17,20000.0,450.0,0.8,BASELINE,none,15.0,0,255.56021524220705,1269265.114137971,0.8020565877254024,0.10952766782669125,-0.10952766782669125,0.09632836945874719,0.0012192711100900149,0,0,0,nan,0.20000000000002008,20308.847250677645,531.04915372047,1,
18,20000.0,450.0,0.8,BASELINE,none,15.0,0,255.56021524220705,1269265.114137971,0.8020565877254024,0.10952766782669125,-0.10952766782669125,0.09632836945874719,0.0012192711100900149,0,0,0,nan,0.20000000000002008,20308.847250677645,531.04915372047,1,
19,20000.0,450.0,0.8,BASELINE,none,15.0,0,255.56021524220705,1269265.114137971,0.8020565877254024,0.10952766782669125,-0.10952766782669125,0.09632836945874719,0.0012192711100900149,0,0,0,nan,0.20000000000002008,20308.847250677645,531.04915372047,1,
0,20000.0,450.0,0.8,CLASSICAL_KAPPA,oracle,15.0,0,254.03718741238117,1252601.3082785143,0.8020565877254024,0.10983330596635904,-0.10983330596635904,0.09632836945874719,0.0012240850056141285,0,0,0,0.5166666666657882,0.011088114930509768,20307.32422284782,531.0685509906884,1,
1,20000.0,450.0,0.8,CLASSICAL_KAPPA,oracle,15.0,0,254.04010705649853,1252625.2195154938,0.8020565877254024,0.10969217226324822,-0.10969217226324822,0.09632836945874719,0.0012240363994480592,0,0,0,0.5333333333324539,0.01104663365023696,20307.327142491937,531.0685133243758,1,
2,20000.0,450.0,0.8,CLASSICAL_KAPPA,oracle,15.0,0,254.05016992613673,1252676.1628543534,0.8020565877254024,0.10994717900989567,-0.10994717900989567,0.09632836945874719,0.0012241733440112226,0,0,0,0.5499999999991196,0.011073541013651553,20307.337205361575,531.0683320404884,1,
3,20000.0,450.0,0.8,CLASSICAL_KAPPA,oracle,15.0,0,254.04610708355904,1252635.60895032,0.8020565877254024,0.11021412061330517,-0.11021412061330517,0.09632836945874719,0.0012241321015062498,0,0,0,0.48333333333245676,0.011088381026682066,20307.333142518997,531.0683283296609,1,
4,20000.0,450.0,0.8,CLASSICAL_KAPPA,oracle,15.0,0,254.04558935761452,1252633.6096296285,0.8020565877254024,0.11003430127645393,-0.11003430127645393,0.09632836945874719,0.0012242369913816875,0,0,0,0.5583333333324525,0.011009479298288195,20307.332624793053,531.0683914475064,1,
5,20000.0,450.0,0.8,CLASSICAL_KAPPA,oracle,15.0,0,254.05152919143438,1252698.8896421902,0.8020565877254024,0.1101110618991997,-0.1101110618991997,0.09632836945874719,0.0012241677011498994,0,0,0,0.5833333333324511,0.011052622594422105,20307.338564626873,531.0682376126397,1,
6,20000.0,450.0,0.8,CLASSICAL_KAPPA,oracle,15.0,0,254.04075334966183,1252634.608897592,0.8020565877254024,0.10962586563361582,-0.10962586563361582,0.09632836945874719,0.0012241349036126769,0,0,0,0.5416666666657868,0.010995336931298021,20307.3277887851,531.0685367925762,1,
7,20000.0,450.0,0.8,CLASSICAL_KAPPA,oracle,15.0,0,254.04300161078572,1252618.0915069184,0.8020565877254024,0.10983662699559621,-0.10983662699559621,0.09632836945874719,0.0012241897647446013,0,0,0,0.5333333333324539,0.01096209568083975,20307.330037046224,531.0684219249928,1,
8,20000.0,450.0,0.8,CLASSICAL_KAPPA,oracle,15.0,0,254.04266151413321,1252673.1477128563,0.8020565877254024,0.11003812543953498,-0.11003812543953498,0.09632836945874719,0.0012240983737167915,0,0,0,0.5999999999991168,0.011090354643989093,20307.32969694957,531.0684469307845,1,
9,20000.0,450.0,0.8,CLASSICAL_KAPPA,oracle,15.0,0,254.04669126868248,1252668.8809040312,0.8020565877254024,0.10991215858391512,-0.10991215858391512,0.09632836945874719,0.0012241695502998484,0,0,0,0.5249999999991211,0.011245464579816683,20307.33372670412,531.0683991355502,1,
10,20000.0,450.0,0.8,CLASSICAL_KAPPA,oracle,15.0,0,254.04301868751645,1252617.1145155434,0.8020565877254024,0.1098155488322637,-0.1098155488322637,0.09632836945874719,0.0012240301880637676,0,0,0,0.46666666666579104,0.010892812354971844,20307.330054122955,531.0683980315266,1,
11,20000.0,450.0,0.8,CLASSICAL_KAPPA,oracle,15.0,0,254.03981226310134,1252584.8292810654,0.8020565877254024,0.10996789379784008,-0.10996789379784008,0.09632836945874719,0.0012240653960156524,0,0,0,0.4916666666657896,0.011026653514560926,20307.32684769854,531.0684892312161,1,
12,20000.0,450.0,0.8,CLASSICAL_KAPPA,oracle,15.0,0,254.04011381044984,1252561.6320049176,0.8020565877254024,0.10971956023050829,-0.10971956023050829,0.09632836945874719,0.0012239915179364533,0,0,0,0.5333333333324539,0.010989891457304382,20307.327149245888,531.0684441384153,1,
13,20000.0,450.0,0.8,CLASSICAL_KAPPA,oracle,15.0,0,254.0511832907796,1252702.2851453149,0.8020565877254024,0.10970770096862965,-0.10970770096862965,0.09632836945874719,0.0012241502846703231,0,0,0,0.5666666666657854,0.011098831598410444,20307.338218726218,531.0682853700172,1,
14,20000.0,450.0,0.8,CLASSICAL_KAPPA,oracle,15.0,0,254.04772170633078,1252662.0290314557,0.8020565877254024,0.10975473662272373,-0.10975473662272373,0.09632836945874719,0.0012241410382532153,0,0,0,0.5166666666657882,0.011051814425222559,20307.33475714177,531.0683232286275,1,
15,20000.0,450.0,0.8,CLASSICAL_KAPPA,oracle,15.0,0,254.04127972573042,1252600.1830284006,0.8020565877254024,0.10993501934210391,-0.10993501934210391,0.09632836945874719,0.0012241535744092562,0,0,0,0.5416666666657868,0.011069857843941154,20307.32831516117,531.0685073150954,1,
16,20000.0,450.0,0.8,CLASSICAL_KAPPA,oracle,15.0,0,254.0384971499443,1252578.2329478133,0.8020565877254024,0.1098031294277188,-0.1098031294277188,0.09632836945874719,0.0012241313521240199,0,0,0,0.5416666666657868,0.011066483755552615,20307.325532585382,531.0685100302373,1,
17,20000.0,450.0,0.8,CLASSICAL_KAPPA,oracle,15.0,0,254.04394182935357,1252614.3130862163,0.8020565877254024,0.10994216142649017,-0.10994216142649017,0.09632836945874719,0.001224112402368387,0,0,0,0.4916666666657896,0.011041562482754104,20307.33097726479,531.068419803244,1,
18,20000.0,450.0,0.8,CLASSICAL_KAPPA,oracle,15.0,0,254.0404027029872,1252586.4223644198,0.8020565877254024,0.1096707861004243,-0.1096707861004243,0.09632836945874719,0.0012240427827814946,0,0,0,0.4999999999991225,0.011138122614865404,20307.327438138425,531.0685266086712,1,
19,20000.0,450.0,0.8,CLASSICAL_KAPPA,oracle,15.0,0,254.0345527306199,1252520.7892616305,0.8020565877254024,0.11006595589626368,-0.11006595589626368,0.09632836945874719,0.0012240871726229043,0,0,0,0.4333333333324596,0.010952901625974487,20307.321588166058,531.0685355610618,1,
0,20000.0,450.0,0.8,TECS_MRAC,none,15.0,0,246.99874652549624,1189440.4074014907,0.7847204860208832,0.11612427467770299,-0.11612427467770299,0.09632836945874719,0.0012272225685494558,0,0,0,nan,0.20000000000002008,20300.285781960934,531.1698456535437,1,
1,20000.0,450.0,0.8,TECS_MRAC,none,15.0,0,246.99874652549624,1189440.4074014907,0.7847204860208832,0.11612427467770299,-0.11612427467770299,0.09632836945874719,0.0012272225685494558,0,0,0,nan,0.20000000000002008,20300.285781960934,531.1698456535437,1,
2,20000.0,450.0,0.8,TECS_MRAC,none,15.0,0,246.99874652549624,1189440.4074014907,0.7847204860208832,0.11612427467770299,-0.11612427467770299,0.09632836945874719,0.0012272225685494558,0,0,0,nan,0.20000000000002008,20300.285781960934,531.1698456535437,1,
3,20000.0,450.0,0.8,TECS_MRAC,none,15.0,0,246.99874652549624,1189440.4074014907,0.7847204860208832,0.11612427467770299,-0.11612427467770299,0.09632836945874719,0.0012272225685494558,0,0,0,nan,0.20000000000002008,20300.285781960934,531.1698456535437,1,
4,20000.0,450.0,0.8,TECS_MRAC,none,15.0,0,246.99874652549624,1189440.4074014907,0.7847204860208832,0.11612427467770299,-0.11612427467770299,0.09632836945874719,0.0012272225685494558,0,0,0,nan,0.20000000000002008,20300.285781960934,531.1698456535437,1,
5,20000.0,450.0,0.8,TECS_MRAC,none,15.0,0,246.99874652549624,1189440.4074014907,0.7847204860208832,0.11612427467770299,-0.11612427467770299,0.09632836945874719,0.0012272225685494558,0,0,0,nan,0.20000000000002008,20300.285781960934,531.1698456535437,1,
6,20000.0,450.0,0.8,TECS_MRAC,none,15.0,0,246.99874652549624,1189440.4074014907,0.7847204860208832,0.11612427467770299,-0.11612427467770299,0.09632836945874719,0.0012272225685494558,0,0,0,nan,0.20000000000002008,20300.285781960934,531.1698456535437,1,
7,20000.0,450.0,0.8,TECS_MRAC,none,15.0,0,246.99874652549624,1189440.4074014907,0.7847204860208832,0.11612427467770299,-0.11612427467770299,0.09632836945874719,0.0012272225685494558,0,0,0,nan,0.20000000000002008,20300.285781960934,531.1698456535437,1,
8,20000.0,450.0,0.8,TECS_MRAC,none,15.0,0,246.99874652549624,1189440.4074014907,0.7847204860208832,0.11612427467770299,-0.11612427467770299,0.09632836945874719,0.0012272225685494558,0,0,0,nan,0.20000000000002008,20300.285781960934,531.1698456535437,1,
9,20000.0,450.0,0.8,TECS_MRAC,none,15.0,0,246.99874652549624,1189440.4074014907,0.7847204860208832,0.11612427467770299,-0.11612427467770299,0.09632836945874719,0.0012272225685494558,0,0,0,nan,0.20000000000002008,20300.285781960934,531.1698456535437,1,
10,20000.0,450.0,0.8,TECS_MRAC,none,15.0,0,246.99874652549624,1189440.4074014907,0.7847204860208832,0.11612427467770299,-0.11612427467770299,0.09632836945874719,0.0012272225685494558,0,0,0,nan,0.20000000000002008,20300.285781960934,531.1698456535437,1,
11,20000.0,450.0,0.8,TECS_MRAC,none,15.0,0,246.99874652549624,1189440.4074014907,0.7847204860208832,0.11612427467770299,-0.11612427467770299,0.09632836945874719,0.0012272225685494558,0,0,0,nan,0.20000000000002008,20300.285781960934,531.1698456535437,1,
12,20000.0,450.0,0.8,TECS_MRAC,none,15.0,0,246.99874652549624,1189440.4074014907,0.7847204860208832,0.11612427467770299,-0.11612427467770299,0.09632836945874719,0.0012272225685494558,0,0,0,nan,0.20000000000002008,20300.285781960934,531.1698456535437,1,
13,20000.0,450.0,0.8,TECS_MRAC,none,15.0,0,246.99874652549624,1189440.4074014907,0.7847204860208832,0.11612427467770299,-0.11612427467770299,0.09632836945874719,0.0012272225685494558,0,0,0,nan,0.20000000000002008,20300.285781960934,531.1698456535437,1,
14,20000.0,450.0,0.8,TECS_MRAC,none,15.0,0,246.99874652549624,1189440.4074014907,0.7847204860208832,0.11612427467770299,-0.11612427467770299,0.09632836945874719,0.0012272225685494558,0,0,0,nan,0.20000000000002008,20300.285781960934,531.1698456535437,1,
15,20000.0,450.0,0.8,TECS_MRAC,none,15.0,0,246.99874652549624,1189440.4074014907,0.7847204860208832,0.11612427467770299,-0.11612427467770299,0.09632836945874719,0.0012272225685494558,0,0,0,nan,0.20000000000002008,20300.285781960934,531.1698456535437,1,
16,20000.0,450.0,0.8,TECS_MRAC,none,15.0,0,246.99874652549624,1189440.4074014907,0.7847204860208832,0.11612427467770299,-0.11612427467770299,0.09632836945874719,0.0012272225685494558,0,0,0,nan,0.20000000000002008,20300.285781960934,531.1698456535437,1,
17,20000.0,450.0,0.8,TECS_MRAC,none,15.0,0,246.99874652549624,1189440.4074014907,0.7847204860208832,0.11612427467770299,-0.11612427467770299,0.09632836945874719,0.0012272225685494558,0,0,0,nan,0.20000000000002008,20300.285781960934,531.1698456535437,1,
18,20000.0,450.0,0.8,TECS_MRAC,none,15.0,0,246.99874652549624,1189440.4074014907,0.7847204860208832,0.11612427467770299,-0.11612427467770299,0.09632836945874719,0.0012272225685494558,0,0,0,nan,0.20000000000002008,20300.285781960934,531.1698456535437,1,
19,20000.0,450.0,0.8,TECS_MRAC,none,15.0,0,246.99874652549624,1189440.4074014907,0.7847204860208832,0.11612427467770299,-0.11612427467770299,0.09632836945874719,0.0012272225685494558,0,0,0,nan,0.20000000000002008,20300.285781960934,531.1698456535437,1,
0,20000.0,450.0,0.8,HYBRID,oracle,15.0,0,245.53657976165414,1174341.5548828524,0.7847204860208832,0.11647574149365254,-0.11647574149365254,0.09632836945874719,0.0012325604871558518,0,0,0,0.5166666666657882,0.011088114930509768,20298.823615197092,531.1888576723348,1,
1,20000.0,450.0,0.8,HYBRID,oracle,15.0,0,245.53584852442145,1174369.416603838,0.7847204860208832,0.11630028091877895,-0.11630028091877895,0.09632836945874719,0.0012324749756279024,0,0,0,0.5333333333324539,0.01104663365023696,20298.82288395986,531.1889149948153,1,
2,20000.0,450.0,0.8,HYBRID,oracle,15.0,0,245.541529212147,1174360.2039059293,0.7847204860208832,0.11658137311070102,-0.11658137311070102,0.09632836945874719,0.0012325859534420822,0,0,0,0.5499999999991196,0.011073541013651553,20298.828564647585,531.1887822134934,1,
3,20000.0,450.0,0.8,HYBRID,oracle,15.0,0,245.52770249173045,1174318.4674194877,0.7847204860208832,0.11684555352880414,-0.11684555352880414,0.09632836945874719,0.0012324291168571996,0,0,0,0.48333333333245676,0.011088381026682066,20298.81473792717,531.1890146038327,1,
4,20000.0,450.0,0.8,HYBRID,oracle,15.0,0,245.53906835988164,1174384.9677423863,0.7847204860208832,0.11663141181291765,-0.11663141181291765,0.09632836945874719,0.0012326748769351805,0,0,0,0.5583333333324525,0.011009479298288195,20298.82610379532,531.1888515575538,1,
5,20000.0,450.0,0.8,HYBRID,oracle,15.0,0,245.54301968961954,1174394.7791872635,0.7847204860208832,0.11674200833943896,-0.11674200833943896,0.09632836945874719,0.0012325618844537397,0,0,0,0.5833333333324511,0.011052622594422105,20298.830055125058,531.1887013938618,1,
6,20000.0,450.0,0.8,HYBRID,oracle,15.0,0,245.53214310854673,1174325.4227164392,0.7847204860208832,0.11629615914494822,-0.11629615914494822,0.09632836945874719,0.001232535707421418,0,0,0,0.5416666666657868,0.010995336931298021,20298.819178543985,531.18899379516,1,
7,20000.0,450.0,0.8,HYBRID,oracle,15.0,0,245.53671031817794,1174321.9822379532,0.7847204860208832,0.11642528593578944,-0.11642528593578944,0.09632836945874719,0.001232641195453946,0,0,0,0.5333333333324539,0.01096209568083975,20298.823745753616,531.1888291478443,1,
8,20000.0,450.0,0.8,HYBRID,oracle,15.0,0,245.53417382761836,1174333.3740090155,0.7847204860208832,0.11662867033579834,-0.11662867033579834,0.09632836945874719,0.001232505145126801,0,0,0,0.5999999999991168,0.011090354643989093,20298.821209263057,531.1888763000061,1,
9,20000.0,450.0,0.8,HYBRID,oracle,15.0,0,245.53760110586882,1174387.4635636557,0.7847204860208832,0.11655495105990504,-0.11655495105990504,0.09632836945874719,0.001232557199812298,0,0,0,0.5249999999991211,0.011245464579816683,20298.824636541307,531.1888998240655,1,
10,20000.0,450.0,0.8,HYBRID,oracle,15.0,0,245.53061792254448,1174287.6632637247,0.7847204860208832,0.1164132511535257,-0.1164132511535257,0.09632836945874719,0.0012324056729078033,0,0,0,0.46666666666579104,0.010892812354971844,20298.817653357983,531.1889255610236,1,
11,20000.0,450.0,0.8,HYBRID,oracle,15.0,0,245.53789204359055,1174356.7838793113,0.7847204860208832,0.11663633169627276,-0.11663633169627276,0.09632836945874719,0.0012325242359863544,0,0,0,0.4916666666657896,0.011026653514560926,20298.82492747903,531.1888584991078,1,
12,20000.0,450.0,0.8,HYBRID,oracle,15.0,0,245.53471671044827,1174335.5724847913,0.7847204860208832,0.11636526520810715,-0.11636526520810715,0.09632836945874719,0.0012324054660911737,0,0,0,0.5333333333324539,0.010989891457304382,20298.821752145886,531.1889041418655,1,
13,20000.0,450.0,0.8,HYBRID,oracle,15.0,0,245.53289012238383,1174329.272083636,0.7847204860208832,0.11635990032793603,-0.11635990032793603,0.09632836945874719,0.0012324521260911414,0,0,0,0.5666666666657854,0.011098831598410444,20298.819925557822,531.188929926133,1,
14,20000.0,450.0,0.8,HYBRID,oracle,15.0,0,245.5326856598258,1174320.8355543735,0.7847204860208832,0.1163970814016243,-0.1163970814016243,0.09632836945874719,0.0012324790268088753,0,0,0,0.5166666666657882,0.011051814425222559,20298.819721095264,531.1889115863352,1,
15,20000.0,450.0,0.8,HYBRID,oracle,15.0,0,245.5332185961306,1174326.8323141388,0.7847204860208832,0.11655247033122684,-0.11655247033122684,0.09632836945874719,0.0012325882580083772,0,0,0,0.5416666666657868,0.011069857843941154,20298.82025403157,531.1889697201661,1,
16,20000.0,450.0,0.8,HYBRID,oracle,15.0,0,245.53262420743704,1174312.1739578864,0.7847204860208832,0.11644376121822789,-0.11644376121822789,0.09632836945874719,0.0012325598222870642,0,0,0,0.5416666666657868,0.011066483755552615,20298.819659642875,531.1889347537009,1,
17,20000.0,450.0,0.8,HYBRID,oracle,15.0,0,245.53961276635528,1174373.264514062,0.7847204860208832,0.1165759281671352,-0.1165759281671352,0.09632836945874719,0.0012325743199281009,0,0,0,0.4916666666657896,0.011041562482754104,20298.826648201793,531.1888245395662,1,
18,20000.0,450.0,0.8,HYBRID,oracle,15.0,0,245.53747759386897,1174314.1179043108,0.7847204860208832,0.11632293108703533,-0.11632293108703533,0.09632836945874719,0.001232535475676977,0,0,0,0.4999999999991225,0.011138122614865404,20298.824513029307,531.1888576689008,1,
19,20000.0,450.0,0.8,HYBRID,oracle,15.0,0,245.53486451879144,1174292.336823325,0.7847204860208832,0.11670467999513875,-0.11670467999513875,0.09632836945874719,0.0012325813091656078,0,0,0,0.4333333333324596,0.010952901625974487,20298.82189995423,531.1888381624303,1,
0,20000.0,450.0,0.8,FULL_STACK,oracle,15.0,0,276.0048994794488,1626108.4784144356,0.9542952999433216,0.2174243206933041,-0.12780571947094937,0.2174243206933041,0.0013859202425909624,5325,0,0,0.5166666666657882,0.011088114930509768,20329.291934914887,530.8993631460363,1,
1,20000.0,450.0,0.8,FULL_STACK,oracle,15.0,0,276.06716426089406,1626094.684954214,1.0387218641743277,0.2227679401585584,-0.13035692927919476,0.2227679401585584,0.001395419247926907,5328,0,0,0.5333333333324539,0.01104663365023696,20329.354199696332,530.897658857701,1,
2,20000.0,450.0,0.8,FULL_STACK,oracle,15.0,0,275.9693260714412,1625897.1866408489,1.0561218600566527,0.22350336616710106,-0.13078033323942792,0.22350336616710106,0.0013972146007628506,5329,0,0,0.5499999999991196,0.011073541013651553,20329.25636150688,530.899695082606,1,
3,20000.0,450.0,0.8,FULL_STACK,oracle,15.0,0,276.0237500704825,1626245.546766355,0.9936899885059709,0.2190712043277449,-0.12811785212014948,0.2190712043277449,0.0013892545116642096,5330,0,0,0.48333333333245676,0.011088381026682066,20329.31078550592,530.8996917931124,1,
4,20000.0,450.0,0.8,FULL_STACK,oracle,15.0,0,275.9945682696998,1625784.0021941364,1.0634064481362089,0.2239344425629077,-0.1261909280924687,0.2239344425629077,0.0013947238717225488,5328,0,0,0.5583333333324525,0.011009479298288195,20329.281603705138,530.8991073402433,1,
5,20000.0,450.0,0.8,FULL_STACK,oracle,15.0,0,276.01625944674015,1625265.7940889676,1.0765944873753668,0.2242475437203118,-0.12931790699308446,0.2242475437203118,0.0014018540320409009,5327,0,0,0.5833333333324511,0.011052622594422105,20329.30329488218,530.8988945827892,1,
6,20000.0,450.0,0.8,FULL_STACK,oracle,15.0,0,276.0252037830651,1625614.7439613629,1.059707965393465,0.2239121734948852,-0.13079357401224626,0.2239121734948852,0.0013957469896334928,5330,0,0,0.5416666666657868,0.010995336931298021,20329.312239218503,530.8978629620385,1,
7,20000.0,450.0,0.8,FULL_STACK,oracle,15.0,0,276.0209122598171,1626192.0293380383,1.0248916991178767,0.22166484444643708,-0.13053273386755762,0.22166484444643708,0.0013915890364180226,5328,0,0,0.5333333333324539,0.01096209568083975,20329.307947695255,530.8990854952003,1,
8,20000.0,450.0,0.8,FULL_STACK,oracle,15.0,0,276.0285864174366,1625725.0111980306,1.0483296038208672,0.22144395991780744,-0.129614386731654,0.22144395991780744,0.0013985179990373025,5321,0,0,0.5999999999991168,0.011090354643989093,20329.315621852875,530.8989772013326,1,
9,20000.0,450.0,0.8,FULL_STACK,oracle,15.0,0,276.03151082992554,1625934.3247330587,1.0101689786784804,0.22042708057094715,-0.12951425518628523,0.22042708057094715,0.0013937600973893463,5328,0,0,0.5249999999991211,0.011245464579816683,20329.318546265364,530.8982299569747,1,
10,20000.0,450.0,0.8,FULL_STACK,oracle,15.0,0,276.04181680828333,1626751.3271945757,0.9429399382612477,0.2208438570807413,-0.12894785102545475,0.2208438570807413,0.0013872043668840582,5330,0,0,0.46666666666579104,0.010892812354971844,20329.32885224372,530.8994640806285,1,
11,20000.0,450.0,0.8,FULL_STACK,oracle,15.0,0,275.97956382110715,1625987.6719780276,0.9036531888531355,0.21647317632184512,-0.1315749382246596,0.21647317632184512,0.001384451392153983,5325,0,0,0.4916666666657896,0.011026653514560926,20329.266599256545,530.8997049860812,1,
12,20000.0,450.0,0.8,FULL_STACK,oracle,15.0,0,275.99791768193245,1626065.1791972439,1.043907669579788,0.2232135571951608,-0.12944701477663162,0.2232135571951608,0.0013971307529602377,5331,0,0,0.5333333333324539,0.010989891457304382,20329.28495311737,530.8995151246148,1,
13,20000.0,450.0,0.8,FULL_STACK,oracle,15.0,0,276.0213336907327,1625520.747472068,1.0839513992442251,0.22550700901956075,-0.13236779839427898,0.22550700901956075,0.001402170908016806,5330,0,0,0.5666666666657854,0.011098831598410444,20329.30836912617,530.8986045164033,1,
14,20000.0,450.0,0.8,FULL_STACK,oracle,15.0,0,276.0016365535557,1625680.8733788396,1.0029460336984428,0.21794731655877886,-0.13270848296972634,0.21794731655877886,0.0013889112727757517,5327,0,0,0.5166666666657882,0.011051814425222559,20329.288671988994,530.899480508168,1,
15,20000.0,450.0,0.8,FULL_STACK,oracle,15.0,0,275.989447761327,1626125.997698834,1.054526576204165,0.2206459565142031,-0.12886507176713405,0.2206459565142031,0.0013929247597863506,5327,0,0,0.5416666666657868,0.011069857843941154,20329.276483196765,530.899144317688,1,
16,20000.0,450.0,0.8,FULL_STACK,oracle,15.0,0,276.05712343379855,1626448.3160920327,1.0008055783151633,0.21847310122199526,-0.12966973741258658,0.21847310122199526,0.0013918130670406816,5325,0,0,0.5416666666657868,0.011066483755552615,20329.344158869237,530.8982140803736,1,
17,20000.0,450.0,0.8,FULL_STACK,oracle,15.0,0,275.9394753612578,1625650.9927119664,0.9807788739339792,0.2190071372349674,-0.12799457607665635,0.2190071372349674,0.001387718665286504,5329,0,0,0.4916666666657896,0.011041562482754104,20329.226510796696,530.9004218744975,1,
18,20000.0,450.0,0.8,FULL_STACK,oracle,15.0,0,275.97915332764387,1626379.4889882212,0.9960706419919219,0.22063875824138499,-0.13001205809362865,0.22063875824138499,0.0013943637137958608,5331,0,0,0.4999999999991225,0.011138122614865404,20329.266188763082,530.8994229663755,1,
19,20000.0,450.0,0.8,FULL_STACK,oracle,15.0,0,276.0270986892283,1626328.1904267622,0.7847204860208832,0.2128931648321423,-0.12758470825007892,0.2128931648321423,0.001379491137353434,5325,0,0,0.4333333333324596,0.010952901625974487,20329.314134124666,530.8992649652729,1,
0,20000.0,450.0,0.6,BASELINE,none,15.0,0,258.08881202712655,1297305.5289223522,0.8020565877254024,0.10892956696921682,-0.10892956696921682,0.09632836945874719,0.0021077051782654893,0,0,0,nan,0.40000000000004016,20311.375847462565,531.017094087524,1,
1,20000.0,450.0,0.6,BASELINE,none,15.0,0,258.08881202712655,1297305.5289223522,0.8020565877254024,0.10892956696921682,-0.10892956696921682,0.09632836945874719,0.0021077051782654893,0,0,0,nan,0.40000000000004016,20311.375847462565,531.017094087524,1,
2,20000.0,450.0,0.6,BASELINE,none,15.0,0,258.08881202712655,1297305.5289223522,0.8020565877254024,0.10892956696921682,-0.10892956696921682,0.09632836945874719,0.0021077051782654893,0,0,0,nan,0.40000000000004016,20311.375847462565,531.017094087524,1,
3,20000.0,450.0,0.6,BASELINE,none,15.0,0,258.08881202712655,1297305.5289223522,0.8020565877254024,0.10892956696921682,-0.10892956696921682,0.09632836945874719,0.0021077051782654893,0,0,0,nan,0.40000000000004016,20311.375847462565,531.017094087524,1,
4,20000.0,450.0,0.6,BASELINE,none,15.0,0,258.08881202712655,1297305.5289223522,0.8020565877254024,0.10892956696921682,-0.10892956696921682,0.09632836945874719,0.0021077051782654893,0,0,0,nan,0.40000000000004016,20311.375847462565,531.017094087524,1,
5,20000.0,450.0,0.6,BASELINE,none,15.0,0,258.08881202712655,1297305.5289223522,0.8020565877254024,0.10892956696921682,-0.10892956696921682,0.09632836945874719,0.0021077051782654893,0,0,0,nan,0.40000000000004016,20311.375847462565,531.017094087524,1,
6,20000.0,450.0,0.6,BASELINE,none,15.0,0,258.08881202712655,1297305.5289223522,0.8020565877254024,0.10892956696921682,-0.10892956696921682,0.09632836945874719,0.0021077051782654893,0,0,0,nan,0.40000000000004016,20311.375847462565,531.017094087524,1,
7,20000.0,450.0,0.6,BASELINE,none,15.0,0,258.08881202712655,1297305.5289223522,0.8020565877254024,0.10892956696921682,-0.10892956696921682,0.09632836945874719,0.0021077051782654893,0,0,0,nan,0.40000000000004016,20311.375847462565,531.017094087524,1,
8,20000.0,450.0,0.6,BASELINE,none,15.0,0,258.08881202712655,1297305.5289223522,0.8020565877254024,0.10892956696921682,-0.10892956696921682,0.09632836945874719,0.0021077051782654893,0,0,0,nan,0.40000000000004016,20311.375847462565,531.017094087524,1,
9,20000.0,450.0,0.6,BASELINE,none,15.0,0,258.08881202712655,1297305.5289223522,0.8020565877254024,0.10892956696921682,-0.10892956696921682,0.09632836945874719,0.0021077051782654893,0,0,0,nan,0.40000000000004016,20311.375847462565,531.017094087524,1,
10,20000.0,450.0,0.6,BASELINE,none,15.0,0,258.08881202712655,1297305.5289223522,0.8020565877254024,0.10892956696921682,-0.10892956696921682,0.09632836945874719,0.0021077051782654893,0,0,0,nan,0.40000000000004016,20311.375847462565,531.017094087524,1,
11,20000.0,450.0,0.6,BASELINE,none,15.0,0,258.08881202712655,1297305.5289223522,0.8020565877254024,0.10892956696921682,-0.10892956696921682,0.09632836945874719,0.0021077051782654893,0,0,0,nan,0.40000000000004016,20311.375847462565,531.017094087524,1,
12,20000.0,450.0,0.6,BASELINE,none,15.0,0,258.08881202712655,1297305.5289223522,0.8020565877254024,0.10892956696921682,-0.10892956696921682,0.09632836945874719,0.0021077051782654893,0,0,0,nan,0.40000000000004016,20311.375847462565,531.017094087524,1,
13,20000.0,450.0,0.6,BASELINE,none,15.0,0,258.08881202712655,1297305.5289223522,0.8020565877254024,0.10892956696921682,-0.10892956696921682,0.09632836945874719,0.0021077051782654893,0,0,0,nan,0.40000000000004016,20311.375847462565,531.017094087524,1,
14,20000.0,450.0,0.6,BASELINE,none,15.0,0,258.08881202712655,1297305.5289223522,0.8020565877254024,0.10892956696921682,-0.10892956696921682,0.09632836945874719,0.0021077051782654893,0,0,0,nan,0.40000000000004016,20311.375847462565,531.017094087524,1,
15,20000.0,450.0,0.6,BASELINE,none,15.0,0,258.08881202712655,1297305.5289223522,0.8020565877254024,0.10892956696921682,-0.10892956696921682,0.09632836945874719,0.0021077051782654893,0,0,0,nan,0.40000000000004016,20311.375847462565,531.017094087524,1,
16,20000.0,450.0,0.6,BASELINE,none,15.0,0,258.08881202712655,1297305.5289223522,0.8020565877254024,0.10892956696921682,-0.10892956696921682,0.09632836945874719,0.0021077051782654893,0,0,0,nan,0.40000000000004016,20311.375847462565,531.017094087524,1,
17,20000.0,450.0,0.6,BASELINE,none,15.0,0,258.08881202712655,1297305.5289223522,0.8020565877254024,0.10892956696921682,-0.10892956696921682,0.09632836945874719,0.0021077051782654893,0,0,0,nan,0.40000000000004016,20311.375847462565,531.017094087524,1,
18,20000.0,450.0,0.6,BASELINE,none,15.0,0,258.08881202712655,1297305.5289223522,0.8020565877254024,0.10892956696921682,-0.10892956696921682,0.09632836945874719,0.0021077051782654893,0,0,0,nan,0.40000000000004016,20311.375847462565,531.017094087524,1,
19,20000.0,450.0,0.6,BASELINE,none,15.0,0,258.08881202712655,1297305.5289223522,0.8020565877254024,0.10892956696921682,-0.10892956696921682,0.09632836945874719,0.0021077051782654893,0,0,0,nan,0.40000000000004016,20311.375847462565,531.017094087524,1,
0,20000.0,450.0,0.6,CLASSICAL_KAPPA,oracle,15.0,0,254.04850479215384,1252712.6864884046,0.8020565877254024,0.10983211394853472,-0.10983211394853472,0.09632836945874719,0.0021254264622123068,0,0,0,0.3083333333324667,0.014402354110956058,20307.335540227592,531.0683995626478,1,
1,20000.0,450.0,0.6,CLASSICAL_KAPPA,oracle,15.0,0,254.03624834492803,1252674.7314304567,0.8020565877254024,0.10961518722467876,-0.10961518722467876,0.09632836945874719,0.002125038601851349,0,0,0,0.2083333333324724,0.014359552276315593,20307.323283780366,531.0686815911126,1,
2,20000.0,450.0,0.6,CLASSICAL_KAPPA,oracle,15.0,0,254.04649275541306,1252711.3434797432,0.8020565877254024,0.10993919922082777,-0.10993919922082777,0.09632836945874719,0.002125306831824208,0,0,0,0.24166666666580383,0.014387293803513774,20307.33352819085,531.0684965845134,1,
3,20000.0,450.0,0.6,CLASSICAL_KAPPA,oracle,15.0,0,254.03660628199577,1252640.744655705,0.8020565877254024,0.11032208275909669,-0.11032208275909669,0.09632836945874719,0.0021251637935928397,0,0,0,0.3083333333324667,0.01440342582062199,20307.323641717434,531.068577456093,1,
4,20000.0,450.0,0.6,CLASSICAL_KAPPA,oracle,15.0,0,254.0497640185058,1252701.7377074852,0.8020565877254024,0.11007013945696988,-0.11007013945696988,0.09632836945874719,0.002125634617461496,0,0,0,0.2499999999991367,0.014321489243786862,20307.336799453944,531.0683873788122,1,
5,20000.0,450.0,0.6,CLASSICAL_KAPPA,oracle,15.0,0,254.04566590487957,1252729.139658109,0.8020565877254024,0.11013571000255536,-0.11013571000255536,0.09632836945874719,0.0021252514461881106,0,0,0,0.25833333333246955,0.014365437206828953,20307.332701340318,531.0684267269512,1,
6,20000.0,450.0,0.6,CLASSICAL_KAPPA,oracle,15.0,0,254.04037299752235,1252689.1719706624,0.8020565877254024,0.10955778458769301,-0.10955778458769301,0.09632836945874719,0.0021253221528659233,0,0,0,0.29999999999913385,0.01431360315034153,20307.32740843296,531.0686402070123,1,
7,20000.0,450.0,0.6,CLASSICAL_KAPPA,oracle,15.0,0,254.04037443175912,1252669.213331324,0.8020565877254024,0.10979543365400371,-0.10979543365400371,0.09632836945874719,0.0021254353428075993,0,0,0,0.2249999999991381,0.014272812398394409,20307.327409867197,531.0685553212435,1,
8,20000.0,450.0,0.6,CLASSICAL_KAPPA,oracle,15.0,0,254.04580651596189,1252720.4824956176,0.8020565877254024,0.11006824684087506,-0.11006824684087506,0.09632836945874719,0.0021253127368557915,0,0,0,0.24166666666580383,0.014403397502170661,20307.3328419514,531.0684261424109,1,
9,20000.0,450.0,0.6,CLASSICAL_KAPPA,oracle,15.0,0,254.03423758596182,1252633.353710505,0.8020565877254024,0.10994579492290987,-0.10994579492290987,0.09632836945874719,0.0021251647216428923,0,0,0,0.2666666666658024,0.014559207281728765,20307.3212730214,531.0687100842642,1,
10,20000.0,450.0,0.6,CLASSICAL_KAPPA,oracle,15.0,0,254.0399323552847,1252674.9023036808,0.8020565877254024,0.10979582147755614,-0.10979582147755614,0.09632836945874719,0.0021250453318283767,0,0,0,0.2666666666658024,0.014194681303697748,20307.326967790723,531.0685366232448,1,
11,20000.0,450.0,0.6,CLASSICAL_KAPPA,oracle,15.0,0,254.04779639095068,1252695.488803073,0.8020565877254024,0.1100146567441955,-0.1100146567441955,0.09632836945874719,0.0021252970052984418,0,0,0,0.27499999999913527,0.014342698374304264,20307.33483182639,531.0684346059559,1,
12,20000.0,450.0,0.6,CLASSICAL_KAPPA,oracle,15.0,0,254.0405655093491,1252654.3447930946,0.8020565877254024,0.10970951688747825,-0.10970951688747825,0.09632836945874719,0.002124974060115472,0,0,0,0.2499999999991367,0.014304458589593833,20307.327600944787,531.068553833579,1,
13,20000.0,450.0,0.6,CLASSICAL_KAPPA,oracle,15.0,0,254.03564066067338,1252672.510876461,0.8020565877254024,0.10975069774702355,-0.10975069774702355,0.09632836945874719,0.002125069324792394,0,0,0,0.28333333333246813,0.014410952971227617,20307.32267609611,531.068665709476,1,
14,20000.0,450.0,0.6,CLASSICAL_KAPPA,oracle,15.0,0,254.0424563549459,1252712.6367437174,0.8020565877254024,0.10981763688714768,-0.10981763688714768,0.09632836945874719,0.0021252245716289597,0,0,0,0.27499999999913527,0.01436829543021962,20307.329491790384,531.068517824049,1,
15,20000.0,450.0,0.6,CLASSICAL_KAPPA,oracle,15.0,0,254.04501054435968,1252652.5965373656,0.8020565877254024,0.1099270858875127,-0.1099270858875127,0.09632836945874719,0.0021254986556270223,0,0,0,0.2499999999991367,0.014381863450344626,20307.332045979798,531.0684980230161,1,
16,20000.0,450.0,0.6,CLASSICAL_KAPPA,oracle,15.0,0,254.03232327103615,1252587.2209542494,0.8020565877254024,0.1097479178391438,-0.1097479178391438,0.09632836945874719,0.002125230762537892,0,0,0,0.2499999999991367,0.014382612638437943,20307.319358706474,531.0687028852051,1,
17,20000.0,450.0,0.6,CLASSICAL_KAPPA,oracle,15.0,0,254.04878129437566,1252731.6896170715,0.8020565877254024,0.10998776244634322,-0.10998776244634322,0.09632836945874719,0.002125337595973014,0,0,0,0.2249999999991381,0.01435121102206251,20307.335816729814,531.0684385657979,1,
18,20000.0,450.0,0.6,CLASSICAL_KAPPA,oracle,15.0,0,254.03572775796056,1252611.8018939965,0.8020565877254024,0.10955665668480552,-0.10955665668480552,0.09632836945874719,0.0021250854829471147,0,0,0,0.3083333333324667,0.014454364164019708,20307.3227631934,531.0686993494145,1,
19,20000.0,450.0,0.6,CLASSICAL_KAPPA,oracle,15.0,0,254.03517774492502,1252601.5713870863,0.8020565877254024,0.11015095994244986,-0.11015095994244986,0.09632836945874719,0.002125277414444149,0,0,0,0.24166666666580383,0.01426763801607805,20307.322213180363,531.0686118919817,1,
0,20000.0,450.0,0.6,TECS_MRAC,none,15.0,0,249.42961703240871,1214852.6922913517,0.7847204860208832,0.11543158461723595,-0.11543158461723595,0.09632836945874719,0.0021225787915236665,0,0,0,nan,0.40000000000004016,20302.716652467847,531.1383414517531,1,
1,20000.0,450.0,0.6,TECS_MRAC,none,15.0,0,249.42961703240871,1214852.6922913517,0.7847204860208832,0.11543158461723595,-0.11543158461723595,0.09632836945874719,0.0021225787915236665,0,0,0,nan,0.40000000000004016,20302.716652467847,531.1383414517531,1,
2,20000.0,450.0,0.6,TECS_MRAC,none,15.0,0,249.42961703240871,1214852.6922913517,0.7847204860208832,0.11543158461723595,-0.11543158461723595,0.09632836945874719,0.0021225787915236665,0,0,0,nan,0.40000000000004016,20302.716652467847,531.1383414517531,1,
3,20000.0,450.0,0.6,TECS_MRAC,none,15.0,0,249.42961703240871,1214852.6922913517,0.7847204860208832,0.11543158461723595,-0.11543158461723595,0.09632836945874719,0.0021225787915236665,0,0,0,nan,0.40000000000004016,20302.716652467847,531.1383414517531,1,
4,20000.0,450.0,0.6,TECS_MRAC,none,15.0,0,249.42961703240871,1214852.6922913517,0.7847204860208832,0.11543158461723595,-0.11543158461723595,0.09632836945874719,0.0021225787915236665,0,0,0,nan,0.40000000000004016,20302.716652467847,531.1383414517531,1,
5,20000.0,450.0,0.6,TECS_MRAC,none,15.0,0,249.42961703240871,1214852.6922913517,0.7847204860208832,0.11543158461723595,-0.11543158461723595,0.09632836945874719,0.0021225787915236665,0,0,0,nan,0.40000000000004016,20302.716652467847,531.1383414517531,1,
6,20000.0,450.0,0.6,TECS_MRAC,none,15.0,0,249.42961703240871,1214852.6922913517,0.7847204860208832,0.11543158461723595,-0.11543158461723595,0.09632836945874719,0.0021225787915236665,0,0,0,nan,0.40000000000004016,20302.716652467847,531.1383414517531,1,
7,20000.0,450.0,0.6,TECS_MRAC,none,15.0,0,249.42961703240871,1214852.6922913517,0.7847204860208832,0.11543158461723595,-0.11543158461723595,0.09632836945874719,0.0021225787915236665,0,0,0,nan,0.40000000000004016,20302.716652467847,531.1383414517531,1,
8,20000.0,450.0,0.6,TECS_MRAC,none,15.0,0,249.42961703240871,1214852.6922913517,0.7847204860208832,0.11543158461723595,-0.11543158461723595,0.09632836945874719,0.0021225787915236665,0,0,0,nan,0.40000000000004016,20302.716652467847,531.1383414517531,1,
9,20000.0,450.0,0.6,TECS_MRAC,none,15.0,0,249.42961703240871,1214852.6922913517,0.7847204860208832,0.11543158461723595,-0.11543158461723595,0.09632836945874719,0.0021225787915236665,0,0,0,nan,0.40000000000004016,20302.716652467847,531.1383414517531,1,
10,20000.0,450.0,0.6,TECS_MRAC,none,15.0,0,249.42961703240871,1214852.6922913517,0.7847204860208832,0.11543158461723595,-0.11543158461723595,0.09632836945874719,0.0021225787915236665,0,0,0,nan,0.40000000000004016,20302.716652467847,531.1383414517531,1,
11,20000.0,450.0,0.6,TECS_MRAC,none,15.0,0,249.42961703240871,1214852.6922913517,0.7847204860208832,0.11543158461723595,-0.11543158461723595,0.09632836945874719,0.0021225787915236665,0,0,0,nan,0.40000000000004016,20302.716652467847,531.1383414517531,1,
12,20000.0,450.0,0.6,TECS_MRAC,none,15.0,0,249.42961703240871,1214852.6922913517,0.7847204860208832,0.11543158461723595,-0.11543158461723595,0.09632836945874719,0.0021225787915236665,0,0,0,nan,0.40000000000004016,20302.716652467847,531.1383414517531,1,
13,20000.0,450.0,0.6,TECS_MRAC,none,15.0,0,249.42961703240871,1214852.6922913517,0.7847204860208832,0.11543158461723595,-0.11543158461723595,0.09632836945874719,0.0021225787915236665,0,0,0,nan,0.40000000000004016,20302.716652467847,531.1383414517531,1,
14,20000.0,450.0,0.6,TECS_MRAC,none,15.0,0,249.42961703240871,1214852.6922913517,0.7847204860208832,0.11543158461723595,-0.11543158461723595,0.09632836945874719,0.0021225787915236665,0,0,0,nan,0.40000000000004016,20302.716652467847,531.1383414517531,1,
15,20000.0,450.0,0.6,TECS_MRAC,none,15.0,0,249.42961703240871,1214852.6922913517,0.7847204860208832,0.11543158461723595,-0.11543158461723595,0.09632836945874719,0.0021225787915236665,0,0,0,nan,0.40000000000004016,20302.716652467847,531.1383414517531,1,
16,20000.0,450.0,0.6,TECS_MRAC,none,15.0,0,249.42961703240871,1214852.6922913517,0.7847204860208832,0.11543158461723595,-0.11543158461723595,0.09632836945874719,0.0021225787915236665,0,0,0,nan,0.40000000000004016,20302.716652467847,531.1383414517531,1,
17,20000.0,450.0,0.6,TECS_MRAC,none,15.0,0,249.42961703240871,1214852.6922913517,0.7847204860208832,0.11543158461723595,-0.11543158461723595,0.09632836945874719,0.0021225787915236665,0,0,0,nan,0.40000000000004016,20302.716652467847,531.1383414517531,1,
18,20000.0,450.0,0.6,TECS_MRAC,none,15.0,0,249.42961703240871,1214852.6922913517,0.7847204860208832,0.11543158461723595,-0.11543158461723595,0.09632836945874719,0.0021225787915236665,0,0,0,nan,0.40000000000004016,20302.716652467847,531.1383414517531,1,
19,20000.0,450.0,0.6,TECS_MRAC,none,15.0,0,249.42961703240871,1214852.6922913517,0.7847204860208832,0.11543158461723595,-0.11543158461723595,0.09632836945874719,0.0021225787915236665,0,0,0,nan,0.40000000000004016,20302.716652467847,531.1383414517531,1,
0,20000.0,450.0,0.6,HYBRID,oracle,15.0,0,245.5320862568915,1174391.0634021596,0.7847204860208832,0.11645439718524134,-0.11645439718524134,0.09632836945874719,0.0021416793314561686,0,0,0,0.3083333333324667,0.014402354110956058,20298.81912169233,531.1890397293239,1,
1,20000.0,450.0,0.6,HYBRID,oracle,15.0,0,245.52315519750118,1174321.0017853074,0.7847204860208832,0.11627028126981132,-0.11627028126981132,0.09632836945874719,0.0021413748473352355,0,0,0,0.2083333333324724,0.014359552276315593,20298.81019063294,531.1892021800094,1,
2,20000.0,450.0,0.6,HYBRID,oracle,15.0,0,245.53420962393284,1174362.2803779647,0.7847204860208832,0.11656991581675903,-0.11656991581675903,0.09632836945874719,0.002141711762643368,0,0,0,0.24166666666580383,0.014387293803513774,20298.82124505937,531.1889878565397,1,
3,20000.0,450.0,0.6,HYBRID,oracle,15.0,0,245.53035593032837,1174359.0321971257,0.7847204860208832,0.11696406368892759,-0.11696406368892759,0.09632836945874719,0.002141611831402074,0,0,0,0.3083333333324667,0.01440342582062199,20298.817391365767,531.1889958512432,1,
4,20000.0,450.0,0.6,HYBRID,oracle,15.0,0,245.53361400216818,1174388.272877276,0.7847204860208832,0.11671872659539384,-0.11671872659539384,0.09632836945874719,0.002141920136135234,0,0,0,0.2499999999991367,0.014321489243786862,20298.820649437606,531.1890177170355,1,
5,20000.0,450.0,0.6,HYBRID,oracle,15.0,0,245.52906607836485,1174399.555192093,0.7847204860208832,0.11676941712892211,-0.11676941712892211,0.09632836945874719,0.0021414780438399725,0,0,0,0.25833333333246955,0.014365437206828953,20298.816101513803,531.1890693716321,1,
6,20000.0,450.0,0.6,HYBRID,oracle,15.0,0,245.53037441149354,1174393.085866984,0.7847204860208832,0.11620515313260597,-0.11620515313260597,0.09632836945874719,0.0021417006791626036,0,0,0,0.29999999999913385,0.01431360315034153,20298.81740984693,531.1891446797936,1,
7,20000.0,450.0,0.6,HYBRID,oracle,15.0,0,245.5310050547123,1174369.368101416,0.7847204860208832,0.11644194742791344,-0.11644194742791344,0.09632836945874719,0.002141837601629263,0,0,0,0.2249999999991381,0.014272812398394409,20298.81804049015,531.1890398477451,1,
8,20000.0,450.0,0.6,HYBRID,oracle,15.0,0,245.53057214990258,1174369.6122868191,0.7847204860208832,0.11667819924246817,-0.11667819924246817,0.09632836945874719,0.002141602964237966,0,0,0,0.24166666666580383,0.014403397502170661,20298.81760758534,531.1890086989331,1,
9,20000.0,450.0,0.6,HYBRID,oracle,15.0,0,245.5289896428585,1174354.4295897053,0.7847204860208832,0.11658032052667462,-0.11658032052667462,0.09632836945874719,0.002141621135012584,0,0,0,0.2666666666658024,0.014559207281728765,20298.816025078297,531.1891150563689,1,
10,20000.0,450.0,0.6,HYBRID,oracle,15.0,0,245.53324780985713,1174361.9052660286,0.7847204860208832,0.11642574729204062,-0.11642574729204062,0.09632836945874719,0.0021414961468233635,0,0,0,0.2666666666658024,0.014194681303697748,20298.820283245295,531.1889415565719,1,
11,20000.0,450.0,0.6,HYBRID,oracle,15.0,0,245.53144067153335,1174355.257560245,0.7847204860208832,0.1166845232992836,-0.1166845232992836,0.09632836945874719,0.0021415928324117254,0,0,0,0.27499999999913527,0.014342698374304264,20298.81847610697,531.1890403722299,1,
12,20000.0,450.0,0.6,HYBRID,oracle,15.0,0,245.53302742913365,1174360.0154191838,0.7847204860208832,0.11636869207563304,-0.11636869207563304,0.09632836945874719,0.0021414036588057626,0,0,0,0.2499999999991367,0.014304458589593833,20298.82006286457,531.1889856641029,1,
13,20000.0,450.0,0.6,HYBRID,oracle,15.0,0,245.5312615223229,1174406.2878440507,0.7847204860208832,0.11639217528664472,-0.11639217528664472,0.09632836945874719,0.0021415292555377755,0,0,0,0.28333333333246813,0.014410952971227617,20298.81829695776,531.1890566190574,1,
14,20000.0,450.0,0.6,HYBRID,oracle,15.0,0,245.53128816187382,1174409.4929235002,0.7847204860208832,0.11645980561762637,-0.11645980561762637,0.09632836945874719,0.00214156026039924,0,0,0,0.27499999999913527,0.01436829543021962,20298.818323597312,531.1890524389204,1,
15,20000.0,450.0,0.6,HYBRID,oracle,15.0,0,245.53685334697366,1174374.7896425445,0.7847204860208832,0.11655844133326965,-0.11655844133326965,0.09632836945874719,0.0021419571733499797,0,0,0,0.2499999999991367,0.014381863450344626,20298.82388878241,531.1889593431031,1,
16,20000.0,450.0,0.6,HYBRID,oracle,15.0,0,245.5325542241335,1174390.0874323503,0.7847204860208832,0.11641315492104068,-0.11641315492104068,0.09632836945874719,0.00214179672461063,0,0,0,0.2499999999991367,0.014382612638437943,20298.81958965957,531.1890309236892,1,
17,20000.0,450.0,0.6,HYBRID,oracle,15.0,0,245.53958337008953,1174450.3615898525,0.7847204860208832,0.116610028466398,-0.116610028466398,0.09632836945874719,0.0021417601800960417,0,0,0,0.2249999999991381,0.01435121102206251,20298.826618805528,531.1889337397813,1,
18,20000.0,450.0,0.6,HYBRID,oracle,15.0,0,245.53370782732964,1174337.9858485577,0.7847204860208832,0.11623085123838145,-0.11623085123838145,0.09632836945874719,0.002141632342203421,0,0,0,0.3083333333324667,0.014454364164019708,20298.820743262768,531.1890227512183,1,
19,20000.0,450.0,0.6,HYBRID,oracle,15.0,0,245.5310758985579,1174370.7968095667,0.7847204860208832,0.11675115273708335,-0.11675115273708335,0.09632836945874719,0.002141748653702418,0,0,0,0.24166666666580383,0.01426763801607805,20298.818111333996,531.1890210329667,1,
0,20000.0,450.0,0.6,FULL_STACK,oracle,15.0,0,291.24053985625505,1881433.5456360132,0.8897339574022396,0.31288915803736034,-0.13184190788936695,0.31288915803736034,0.0024033348756784235,5360,0,0,0.3083333333324667,0.014402354110956058,20344.527575291693,530.7551541839807,1,
1,20000.0,450.0,0.6,FULL_STACK,oracle,15.0,0,291.24315314367414,1881704.8438110386,0.8322598250179253,0.30913627067587934,-0.13257432970753683,0.30913627067587934,0.0023906697857733403,5365,0,0,0.2083333333324724,0.014359552276315593,20344.530188579112,530.7553615584125,1,
2,20000.0,450.0,0.6,FULL_STACK,oracle,15.0,0,291.2160872966051,1881548.744745901,0.8467028083667549,0.3105973584431968,-0.13233951847455236,0.3105973584431968,0.002393596064247148,5363,0,0,0.24166666666580383,0.014387293803513774,20344.503122732043,530.7558371861085,1,
3,20000.0,450.0,0.6,FULL_STACK,oracle,15.0,0,291.24621280282736,1881418.2347821323,0.8976194986869681,0.3115218532661762,-0.1312843806194585,0.3115218532661762,0.0024040868611885074,5362,0,0,0.3083333333324667,0.01440342582062199,20344.533248238266,530.7551699094809,1,
4,20000.0,450.0,0.6,FULL_STACK,oracle,15.0,0,291.22019661962986,1881472.985676197,0.8713861257238587,0.3102193757376095,-0.13139155403842553,0.3102193757376095,0.0023927725892559843,5364,0,0,0.2499999999991367,0.014321489243786862,20344.507232055068,530.7557147005524,1,
5,20000.0,450.0,0.6,FULL_STACK,oracle,15.0,0,291.2312066331506,1881390.0479854068,0.8898271865247182,0.3109323883604822,-0.13167202374453457,0.3109323883604822,0.0023984277052304386,5365,0,0,0.25833333333246955,0.014365437206828953,20344.51824206859,530.75559007529,1,
6,20000.0,450.0,0.6,FULL_STACK,oracle,15.0,0,291.2395811006427,1881339.6280791087,0.8962072160846613,0.31088358016841533,-0.13257408242152288,0.31088358016841533,0.002403486509884774,5363,0,0,0.29999999999913385,0.01431360315034153,20344.52661653608,530.7549768707413,1,
7,20000.0,450.0,0.6,FULL_STACK,oracle,15.0,0,291.2224809676409,1881673.749579352,0.8888874811210598,0.3090029710294751,-0.1319404795085406,0.3090029710294751,0.002395705238345966,5367,0,0,0.2249999999991381,0.014272812398394409,20344.50951640308,530.755936124635,1,
8,20000.0,450.0,0.6,FULL_STACK,oracle,15.0,0,291.22759983688593,1881530.4538489457,0.8752625539771792,0.3091209524043437,-0.13107346781368087,0.3091209524043437,0.0023969834994599887,5364,0,0,0.24166666666580383,0.014403397502170661,20344.514635272324,530.7558158852057,1,
9,20000.0,450.0,0.6,FULL_STACK,oracle,15.0,0,291.2359096966684,1881480.5293427978,0.8972814955272134,0.31057552808318845,-0.13184330597738922,0.31057552808318845,0.0024021238515541,5366,0,0,0.2666666666658024,0.014559207281728765,20344.522945132107,530.7552760570848,1,
10,20000.0,450.0,0.6,FULL_STACK,oracle,15.0,0,291.25422962382436,1881812.6616491892,0.887156839994498,0.3123666771394399,-0.13205380048845697,0.3123666771394399,0.0024004387981203766,5364,0,0,0.2666666666658024,0.014194681303697748,20344.541265059263,530.7552738324307,1,
11,20000.0,450.0,0.6,FULL_STACK,oracle,15.0,0,291.2307745702565,1881445.4855685183,0.8909293753886358,0.31098199627691797,-0.13159874521257522,0.31098199627691797,0.0023999563735299786,5363,0,0,0.27499999999913527,0.014342698374304264,20344.517810005695,530.7553847625322,1,
12,20000.0,450.0,0.6,FULL_STACK,oracle,15.0,0,291.2257743999362,1881620.417189797,0.8894305416789244,0.3098214173971106,-0.13221459904871458,0.3098214173971106,0.0023983540078242414,5365,0,0,0.2499999999991367,0.014304458589593833,20344.512809835374,530.7557501716329,1,
13,20000.0,450.0,0.6,FULL_STACK,oracle,15.0,0,291.23291939869523,1881284.7123894433,0.8973186133802743,0.3105884703149703,-0.1332157113948238,0.3105884703149703,0.0024018529130485724,5364,0,0,0.28333333333246813,0.014410952971227617,20344.519954834133,530.7553167845956,1,
14,20000.0,450.0,0.6,FULL_STACK,oracle,15.0,0,291.2320867329836,1881400.1751747644,0.8861748504229695,0.3116394745375603,-0.13319038720185794,0.3116394745375603,0.002399210225735695,5362,0,0,0.27499999999913527,0.01436829543021962,20344.51912216842,530.7554969282108,1,
15,20000.0,450.0,0.6,FULL_STACK,oracle,15.0,0,291.2243078313768,1881534.3838926791,0.8694067960797756,0.31089314894787096,-0.1319137106626605,0.31089314894787096,0.002393485031149823,5363,0,0,0.2499999999991367,0.014381863450344626,20344.511343266815,530.7555386184224,1,
16,20000.0,450.0,0.6,FULL_STACK,oracle,15.0,0,291.242104832083,1881688.5812705264,0.8659859763764822,0.3100312559523462,-0.13197156445377733,0.3100312559523462,0.0023962132301370473,5363,0,0,0.2499999999991367,0.014382612638437943,20344.52914026752,530.7553628443785,1,
17,20000.0,450.0,0.6,FULL_STACK,oracle,15.0,0,291.2095553986728,1881546.84697111,0.8815623618449684,0.3098371755417293,-0.13164837777048535,0.3098371755417293,0.0023965156234507486,5368,0,0,0.2249999999991381,0.01435121102206251,20344.49659083411,530.7560724774196,1,
18,20000.0,450.0,0.6,FULL_STACK,oracle,15.0,0,291.23275730758905,1881466.0961215545,0.8978514860817876,0.3121010477819051,-0.13251061430583239,0.3121010477819051,0.002404965159159099,5362,0,0,0.3083333333324667,0.014454364164019708,20344.519792743027,530.755157322082,1,
19,20000.0,450.0,0.6,FULL_STACK,oracle,15.0,0,291.23675744235516,1881710.3829426717,0.9021305596632112,0.3094703112345825,-0.1311066174884859,0.3094703112345825,0.0023996116402257204,5367,0,0,0.24166666666580383,0.01426763801607805,20344.523792877793,530.7556153163979,1,
0,20000.0,450.0,0.5,BASELINE,none,15.0,0,260.09937455132604,1319890.9000310027,0.8020565877254024,0.10841913519065953,-0.10841913519065953,0.09632836945874719,0.0029986088042360443,0,0,0,nan,0.5,20313.386409986764,530.9916640947823,1,
1,20000.0,450.0,0.5,BASELINE,none,15.0,0,260.09937455132604,1319890.9000310027,0.8020565877254024,0.10841913519065953,-0.10841913519065953,0.09632836945874719,0.0029986088042360443,0,0,0,nan,0.5,20313.386409986764,530.9916640947823,1,
2,20000.0,450.0,0.5,BASELINE,none,15.0,0,260.09937455132604,1319890.9000310027,0.8020565877254024,0.10841913519065953,-0.10841913519065953,0.09632836945874719,0.0029986088042360443,0,0,0,nan,0.5,20313.386409986764,530.9916640947823,1,
3,20000.0,450.0,0.5,BASELINE,none,15.0,0,260.09937455132604,1319890.9000310027,0.8020565877254024,0.10841913519065953,-0.10841913519065953,0.09632836945874719,0.0029986088042360443,0,0,0,nan,0.5,20313.386409986764,530.9916640947823,1,
4,20000.0,450.0,0.5,BASELINE,none,15.0,0,260.09937455132604,1319890.9000310027,0.8020565877254024,0.10841913519065953,-0.10841913519065953,0.09632836945874719,0.0029986088042360443,0,0,0,nan,0.5,20313.386409986764,530.9916640947823,1,
5,20000.0,450.0,0.5,BASELINE,none,15.0,0,260.09937455132604,1319890.9000310027,0.8020565877254024,0.10841913519065953,-0.10841913519065953,0.09632836945874719,0.0029986088042360443,0,0,0,nan,0.5,20313.386409986764,530.9916640947823,1,
6,20000.0,450.0,0.5,BASELINE,none,15.0,0,260.09937455132604,1319890.9000310027,0.8020565877254024,0.10841913519065953,-0.10841913519065953,0.09632836945874719,0.0029986088042360443,0,0,0,nan,0.5,20313.386409986764,530.9916640947823,1,
7,20000.0,450.0,0.5,BASELINE,none,15.0,0,260.09937455132604,1319890.9000310027,0.8020565877254024,0.10841913519065953,-0.10841913519065953,0.09632836945874719,0.0029986088042360443,0,0,0,nan,0.5,20313.386409986764,530.9916640947823,1,
8,20000.0,450.0,0.5,BASELINE,none,15.0,0,260.09937455132604,1319890.9000310027,0.8020565877254024,0.10841913519065953,-0.10841913519065953,0.09632836945874719,0.0029986088042360443,0,0,0,nan,0.5,20313.386409986764,530.9916640947823,1,
9,20000.0,450.0,0.5,BASELINE,none,15.0,0,260.09937455132604,1319890.9000310027,0.8020565877254024,0.10841913519065953,-0.10841913519065953,0.09632836945874719,0.0029986088042360443,0,0,0,nan,0.5,20313.386409986764,530.9916640947823,1,
10,20000.0,450.0,0.5,BASELINE,none,15.0,0,260.09937455132604,1319890.9000310027,0.8020565877254024,0.10841913519065953,-0.10841913519065953,0.09632836945874719,0.0029986088042360443,0,0,0,nan,0.5,20313.386409986764,530.9916640947823,1,
11,20000.0,450.0,0.5,BASELINE,none,15.0,0,260.09937455132604,1319890.9000310027,0.8020565877254024,0.10841913519065953,-0.10841913519065953,0.09632836945874719,0.0029986088042360443,0,0,0,nan,0.5,20313.386409986764,530.9916640947823,1,
12,20000.0,450.0,0.5,BASELINE,none,15.0,0,260.09937455132604,1319890.9000310027,0.8020565877254024,0.10841913519065953,-0.10841913519065953,0.09632836945874719,0.0029986088042360443,0,0,0,nan,0.5,20313.386409986764,530.9916640947823,1,
13,20000.0,450.0,0.5,BASELINE,none,15.0,0,260.09937455132604,1319890.9000310027,0.8020565877254024,0.10841913519065953,-0.10841913519065953,0.09632836945874719,0.0029986088042360443,0,0,0,nan,0.5,20313.386409986764,530.9916640947823,1,
14,20000.0,450.0,0.5,BASELINE,none,15.0,0,260.09937455132604,1319890.9000310027,0.8020565877254024,0.10841913519065953,-0.10841913519065953,0.09632836945874719,0.0029986088042360443,0,0,0,nan,0.5,20313.386409986764,530.9916640947823,1,
15,20000.0,450.0,0.5,BASELINE,none,15.0,0,260.09937455132604,1319890.9000310027,0.8020565877254024,0.10841913519065953,-0.10841913519065953,0.09632836945874719,0.0029986088042360443,0,0,0,nan,0.5,20313.386409986764,530.9916640947823,1,
16,20000.0,450.0,0.5,BASELINE,none,15.0,0,260.09937455132604,1319890.9000310027,0.8020565877254024,0.10841913519065953,-0.10841913519065953,0.09632836945874719,0.0029986088042360443,0,0,0,nan,0.5,20313.386409986764,530.9916640947823,1,
17,20000.0,450.0,0.5,BASELINE,none,15.0,0,260.09937455132604,1319890.9000310027,0.8020565877254024,0.10841913519065953,-0.10841913519065953,0.09632836945874719,0.0029986088042360443,0,0,0,nan,0.5,20313.386409986764,530.9916640947823,1,
18,20000.0,450.0,0.5,BASELINE,none,15.0,0,260.09937455132604,1319890.9000310027,0.8020565877254024,0.10841913519065953,-0.10841913519065953,0.09632836945874719,0.0029986088042360443,0,0,0,nan,0.5,20313.386409986764,530.9916640947823,1,
19,20000.0,450.0,0.5,BASELINE,none,15.0,0,260.09937455132604,1319890.9000310027,0.8020565877254024,0.10841913519065953,-0.10841913519065953,0.09632836945874719,0.0029986088042360443,0,0,0,nan,0.5,20313.386409986764,530.9916640947823,1,
0,20000.0,450.0,0.5,CLASSICAL_KAPPA,oracle,15.0,0,254.0342078693211,1252651.0238958974,0.8020565877254024,0.10979867392153425,-0.10979867392153425,0.09632836945874719,0.0030317966618647655,0,0,0,0.2249999999991381,0.01605924530480046,20307.32124330476,531.0687265769923,1,
1,20000.0,450.0,0.5,CLASSICAL_KAPPA,oracle,15.0,0,254.03227384760976,1252677.5956514315,0.8020565877254024,0.10961073495670233,-0.10961073495670233,0.09632836945874719,0.0030314605327395557,0,0,0,0.2083333333324724,0.016016134771018205,20307.319309283048,531.0688151758752,1,
2,20000.0,450.0,0.5,CLASSICAL_KAPPA,oracle,15.0,0,254.03789081051946,1252651.1158312408,0.8020565877254024,0.10991574983301527,-0.10991574983301527,0.09632836945874719,0.003031843527427094,0,0,0,0.23333333333247097,0.01604469949592791,20307.324926245958,531.0686731759765,1,
3,20000.0,450.0,0.5,CLASSICAL_KAPPA,oracle,15.0,0,254.02989753708243,1252642.5755348066,0.8020565877254024,0.11039615819220734,-0.11039615819220734,0.09632836945874719,0.003031607364729827,0,0,0,0.23333333333247097,0.01606206630960338,20307.31693297252,531.0687568777018,1,
4,20000.0,450.0,0.5,CLASSICAL_KAPPA,oracle,15.0,0,254.0387366116047,1252698.9049155843,0.8020565877254024,0.11010718925504843,-0.11010718925504843,0.09632836945874719,0.0030322541681988254,0,0,0,0.21666666666580525,0.015978989773696342,20307.325772047043,531.0686789380293,1,
5,20000.0,450.0,0.5,CLASSICAL_KAPPA,oracle,15.0,0,254.0330478437245,1252672.0381102324,0.8020565877254024,0.11019278235309603,-0.11019278235309603,0.09632836945874719,0.0030315354464978627,0,0,0,0.2249999999991381,0.01602216878650465,20307.320083279163,531.0687070895015,1,
6,20000.0,450.0,0.5,CLASSICAL_KAPPA,oracle,15.0,0,254.03967037424445,1252711.4241803715,0.8020565877254024,0.10949129991247022,-0.10949129991247022,0.09632836945874719,0.00303201623127722,0,0,0,0.2083333333324724,0.015971455278603604,20307.326705809683,531.0687118675409,1,
7,20000.0,450.0,0.5,CLASSICAL_KAPPA,oracle,15.0,0,254.03343421965837,1252600.282981355,0.8020565877254024,0.10985325934231943,-0.10985325934231943,0.09632836945874719,0.003032004654079101,0,0,0,0.2249999999991381,0.015929471474216684,20307.320469655097,531.0687017673977,1,
8,20000.0,450.0,0.5,CLASSICAL_KAPPA,oracle,15.0,0,254.03488858789206,1252665.1277703543,0.8020565877254024,0.11010142839446144,-0.11010142839446144,0.09632836945874719,0.0030317722778306364,0,0,0,0.19166666666580667,0.01605967129773139,20307.32192402333,531.0686448535397,1,
9,20000.0,450.0,0.5,CLASSICAL_KAPPA,oracle,15.0,0,254.0347359329462,1252693.3842516898,0.8020565877254024,0.10993642135636257,-0.10993642135636257,0.09632836945874719,0.0030317985596735268,0,0,0,0.23333333333247097,0.016216451956713514,20307.321771368384,531.0687877468881,1,
10,20000.0,450.0,0.5,CLASSICAL_KAPPA,oracle,15.0,0,254.02812380343676,1252630.5400529155,0.8020565877254024,0.10978770844238861,-0.10978770844238861,0.09632836945874719,0.003031274926231131,0,0,0,0.21666666666580525,0.015849011405404234,20307.315159238875,531.0688054547433,1,
11,20000.0,450.0,0.5,CLASSICAL_KAPPA,oracle,15.0,0,254.04329535737634,1252685.5275124356,0.8020565877254024,0.11005224394239198,-0.11005224394239198,0.09632836945874719,0.0030318613309225735,0,0,0,0.2083333333324724,0.016000721465002005,20307.330330792814,531.0685530253496,1,
12,20000.0,450.0,0.5,CLASSICAL_KAPPA,oracle,15.0,0,254.0424561984837,1252684.0597041422,0.8020565877254024,0.10974895088720062,-0.10974895088720062,0.09632836945874719,0.0030314475790915543,0,0,0,0.23333333333247097,0.015962242500461164,20307.329491633922,531.0685605428993,1,
13,20000.0,450.0,0.5,CLASSICAL_KAPPA,oracle,15.0,0,254.03854905813932,1252715.3006574637,0.8020565877254024,0.10980790029795191,-0.10980790029795191,0.09632836945874719,0.003031692354824093,0,0,0,0.2249999999991381,0.0160698595208309,20307.325584493577,531.06864915223,1,
14,20000.0,450.0,0.5,CLASSICAL_KAPPA,oracle,15.0,0,254.03156048059464,1252634.086281227,0.8020565877254024,0.1098816028854702,-0.1098816028854702,0.09632836945874719,0.0030315778049213246,0,0,0,0.23333333333247097,0.016024290779210602,20307.318595916033,531.0687397358028,1,
15,20000.0,450.0,0.5,CLASSICAL_KAPPA,oracle,15.0,0,254.04098411649466,1252671.4150031426,0.8020565877254024,0.109923943603913,-0.109923943603913,0.09632836945874719,0.0030322547561262496,0,0,0,0.23333333333247097,0.016037715663493393,20307.328019551933,531.0686384985256,1,
16,20000.0,450.0,0.5,CLASSICAL_KAPPA,oracle,15.0,0,254.0333515331149,1252635.3022804933,0.8020565877254024,0.10974290119482631,-0.10974290119482631,0.09632836945874719,0.003031905826323407,0,0,0,0.23333333333247097,0.016040590102517807,20307.320386968553,531.0687497081364,1,
17,20000.0,450.0,0.5,CLASSICAL_KAPPA,oracle,15.0,0,254.04641727358103,1252710.7291685021,0.8020565877254024,0.10997563035987601,-0.10997563035987601,0.09632836945874719,0.0030319730039522516,0,0,0,0.2249999999991381,0.016007176118481455,20307.33345270902,531.0685108875871,1,
18,20000.0,450.0,0.5,CLASSICAL_KAPPA,oracle,15.0,0,254.04221611842513,1252663.399947574,0.8020565877254024,0.10950266902075212,-0.10950266902075212,0.09632836945874719,0.003031793547788795,0,0,0,0.24166666666580383,0.01611198894904794,20307.329251553863,531.0686218236847,1,
19,20000.0,450.0,0.5,CLASSICAL_KAPPA,oracle,15.0,0,254.0378826931119,1252707.9949054916,0.8020565877254024,0.11016701501223491,-0.11016701501223491,0.09632836945874719,0.003032028463377824,0,0,0,0.2249999999991381,0.015925122528085218,20307.32491812855,531.0686577000968,1,
0,20000.0,450.0,0.5,TECS_MRAC,none,15.0,0,251.3755410388112,1235454.5750069178,0.7847204860208832,0.1148717482329706,-0.1148717482329706,0.09632836945874719,0.0030206316028303067,0,0,0,nan,0.5,20304.66257647425,531.113168003825,1,
1,20000.0,450.0,0.5,TECS_MRAC,none,15.0,0,251.3755410388112,1235454.5750069178,0.7847204860208832,0.1148717482329706,-0.1148717482329706,0.09632836945874719,0.0030206316028303067,0,0,0,nan,0.5,20304.66257647425,531.113168003825,1,
2,20000.0,450.0,0.5,TECS_MRAC,none,15.0,0,251.3755410388112,1235454.5750069178,0.7847204860208832,0.1148717482329706,-0.1148717482329706,0.09632836945874719,0.0030206316028303067,0,0,0,nan,0.5,20304.66257647425,531.113168003825,1,
3,20000.0,450.0,0.5,TECS_MRAC,none,15.0,0,251.3755410388112,1235454.5750069178,0.7847204860208832,0.1148717482329706,-0.1148717482329706,0.09632836945874719,0.0030206316028303067,0,0,0,nan,0.5,20304.66257647425,531.113168003825,1,
4,20000.0,450.0,0.5,TECS_MRAC,none,15.0,0,251.3755410388112,1235454.5750069178,0.7847204860208832,0.1148717482329706,-0.1148717482329706,0.09632836945874719,0.0030206316028303067,0,0,0,nan,0.5,20304.66257647425,531.113168003825,1,
5,20000.0,450.0,0.5,TECS_MRAC,none,15.0,0,251.3755410388112,1235454.5750069178,0.7847204860208832,0.1148717482329706,-0.1148717482329706,0.09632836945874719,0.0030206316028303067,0,0,0,nan,0.5,20304.66257647425,531.113168003825,1,
6,20000.0,450.0,0.5,TECS_MRAC,none,15.0,0,251.3755410388112,1235454.5750069178,0.7847204860208832,0.1148717482329706,-0.1148717482329706,0.09632836945874719,0.0030206316028303067,0,0,0,nan,0.5,20304.66257647425,531.113168003825,1,
7,20000.0,450.0,0.5,TECS_MRAC,none,15.0,0,251.3755410388112,1235454.5750069178,0.7847204860208832,0.1148717482329706,-0.1148717482329706,0.09632836945874719,0.0030206316028303067,0,0,0,nan,0.5,20304.66257647425,531.113168003825,1,
8,20000.0,450.0,0.5,TECS_MRAC,none,15.0,0,251.3755410388112,1235454.5750069178,0.7847204860208832,0.1148717482329706,-0.1148717482329706,0.09632836945874719,0.0030206316028303067,0,0,0,nan,0.5,20304.66257647425,531.113168003825,1,
9,20000.0,450.0,0.5,TECS_MRAC,none,15.0,0,251.3755410388112,1235454.5750069178,0.7847204860208832,0.1148717482329706,-0.1148717482329706,0.09632836945874719,0.0030206316028303067,0,0,0,nan,0.5,20304.66257647425,531.113168003825,1,
10,20000.0,450.0,0.5,TECS_MRAC,none,15.0,0,251.3755410388112,1235454.5750069178,0.7847204860208832,0.1148717482329706,-0.1148717482329706,0.09632836945874719,0.0030206316028303067,0,0,0,nan,0.5,20304.66257647425,531.113168003825,1,
11,20000.0,450.0,0.5,TECS_MRAC,none,15.0,0,251.3755410388112,1235454.5750069178,0.7847204860208832,0.1148717482329706,-0.1148717482329706,0.09632836945874719,0.0030206316028303067,0,0,0,nan,0.5,20304.66257647425,531.113168003825,1,
12,20000.0,450.0,0.5,TECS_MRAC,none,15.0,0,251.3755410388112,1235454.5750069178,0.7847204860208832,0.1148717482329706,-0.1148717482329706,0.09632836945874719,0.0030206316028303067,0,0,0,nan,0.5,20304.66257647425,531.113168003825,1,
13,20000.0,450.0,0.5,TECS_MRAC,none,15.0,0,251.3755410388112,1235454.5750069178,0.7847204860208832,0.1148717482329706,-0.1148717482329706,0.09632836945874719,0.0030206316028303067,0,0,0,nan,0.5,20304.66257647425,531.113168003825,1,
14,20000.0,450.0,0.5,TECS_MRAC,none,15.0,0,251.3755410388112,1235454.5750069178,0.7847204860208832,0.1148717482329706,-0.1148717482329706,0.09632836945874719,0.0030206316028303067,0,0,0,nan,0.5,20304.66257647425,531.113168003825,1,
15,20000.0,450.0,0.5,TECS_MRAC,none,15.0,0,251.3755410388112,1235454.5750069178,0.7847204860208832,0.1148717482329706,-0.1148717482329706,0.09632836945874719,0.0030206316028303067,0,0,0,nan,0.5,20304.66257647425,531.113168003825,1,
16,20000.0,450.0,0.5,TECS_MRAC,none,15.0,0,251.3755410388112,1235454.5750069178,0.7847204860208832,0.1148717482329706,-0.1148717482329706,0.09632836945874719,0.0030206316028303067,0,0,0,nan,0.5,20304.66257647425,531.113168003825,1,
17,20000.0,450.0,0.5,TECS_MRAC,none,15.0,0,251.3755410388112,1235454.5750069178,0.7847204860208832,0.1148717482329706,-0.1148717482329706,0.09632836945874719,0.0030206316028303067,0,0,0,nan,0.5,20304.66257647425,531.113168003825,1,
18,20000.0,450.0,0.5,TECS_MRAC,none,15.0,0,251.3755410388112,1235454.5750069178,0.7847204860208832,0.1148717482329706,-0.1148717482329706,0.09632836945874719,0.0030206316028303067,0,0,0,nan,0.5,20304.66257647425,531.113168003825,1,
19,20000.0,450.0,0.5,TECS_MRAC,none,15.0,0,251.3755410388112,1235454.5750069178,0.7847204860208832,0.1148717482329706,-0.1148717482329706,0.09632836945874719,0.0030206316028303067,0,0,0,nan,0.5,20304.66257647425,531.113168003825,1,
0,20000.0,450.0,0.5,HYBRID,oracle,15.0,0,245.5256002396345,1174328.1963010042,0.7847204860208832,0.11640450324141328,-0.11640450324141328,0.09632836945874719,0.0030562892646570443,0,0,0,0.2249999999991381,0.01605924530480046,20298.812635675073,531.1891574637893,1,
1,20000.0,450.0,0.5,HYBRID,oracle,15.0,0,245.52226580679417,1174409.216287242,0.7847204860208832,0.11628893870004393,-0.11628893870004393,0.09632836945874719,0.0030558227351460297,0,0,0,0.2083333333324724,0.016016134771018205,20298.809301242232,531.1893400615488,1,
2,20000.0,450.0,0.5,HYBRID,oracle,15.0,0,245.5410083308816,1174469.605629406,0.7847204860208832,0.11657200359686687,-0.11657200359686687,0.09632836945874719,0.0030565741379201686,0,0,0,0.23333333333247097,0.01604469949592791,20298.82804376632,531.1889522796234,1,
3,20000.0,450.0,0.5,HYBRID,oracle,15.0,0,245.5242306292057,1174355.5201420109,0.7847204860208832,0.1170553560812567,-0.1170553560812567,0.09632836945874719,0.0030561285425928716,0,0,0,0.23333333333247097,0.01606206630960338,20298.811266064644,531.1891532171846,1,
4,20000.0,450.0,0.5,HYBRID,oracle,15.0,0,245.53093444928527,1174408.0069380442,0.7847204860208832,0.11674619521039478,-0.11674619521039478,0.09632836945874719,0.0030567258690542528,0,0,0,0.21666666666580525,0.015978989773696342,20298.817969884723,531.1891307249181,1,
5,20000.0,450.0,0.5,HYBRID,oracle,15.0,0,245.53447126597166,1174468.0722787792,0.7847204860208832,0.11683602357430811,-0.11683602357430811,0.09632836945874719,0.003056211928908376,0,0,0,0.2249999999991381,0.01602216878650465,20298.82150670141,531.1890056198008,1,
6,20000.0,450.0,0.5,HYBRID,oracle,15.0,0,245.53159108012915,1174435.1657315113,0.7847204860208832,0.11613431519346812,-0.11613431519346812,0.09632836945874719,0.0030564924326447938,0,0,0,0.2083333333324724,0.015971455278603604,20298.818626515567,531.189173944258,1,
7,20000.0,450.0,0.5,HYBRID,oracle,15.0,0,245.52499881386757,1174356.4360886496,0.7847204860208832,0.11655426950676558,-0.11655426950676558,0.09632836945874719,0.003056543939459041,0,0,0,0.2249999999991381,0.015929471474216684,20298.812034249306,531.1891901552835,1,
8,20000.0,450.0,0.5,HYBRID,oracle,15.0,0,245.52448442950845,1174375.8542642763,0.7847204860208832,0.11671357553259615,-0.11671357553259615,0.09632836945874719,0.0030561462199646416,0,0,0,0.19166666666580667,0.01605967129773139,20298.811519864947,531.1891660230883,1,
9,20000.0,450.0,0.5,HYBRID,oracle,15.0,0,245.52911691740155,1174405.9274190748,0.7847204860208832,0.11660499018302829,-0.11660499018302829,0.09632836945874719,0.0030563358637672373,0,0,0,0.23333333333247097,0.016216451956713514,20298.81615235284,531.1891763291886,1,
10,20000.0,450.0,0.5,HYBRID,oracle,15.0,0,245.5234582014382,1174362.2005920943,0.7847204860208832,0.11642801145417811,-0.11642801145417811,0.09632836945874719,0.003055777001898507,0,0,0,0.21666666666580525,0.015849011405404234,20298.810493636876,531.1891960849849,1,
11,20000.0,450.0,0.5,HYBRID,oracle,15.0,0,245.5347226895392,1174414.5954788572,0.7847204860208832,0.11668400392857528,-0.11668400392857528,0.09632836945874719,0.003056378338294349,0,0,0,0.2083333333324724,0.016000721465002005,20298.821758124977,531.1890288201147,1,
12,20000.0,450.0,0.5,HYBRID,oracle,15.0,0,245.53433978185058,1174417.5405494971,0.7847204860208832,0.11641994984220823,-0.11641994984220823,0.09632836945874719,0.0030559584527182658,0,0,0,0.23333333333247097,0.015962242500461164,20298.82137521729,531.1890245953449,1,
13,20000.0,450.0,0.5,HYBRID,oracle,15.0,0,245.52898048982024,1174413.490432572,0.7847204860208832,0.11644762763309421,-0.11644762763309421,0.09632836945874719,0.003056104517512302,0,0,0,0.2249999999991381,0.0160698595208309,20298.81601592526,531.1891344875996,1,
14,20000.0,450.0,0.5,HYBRID,oracle,15.0,0,245.53067137300968,1174426.4196852741,0.7847204860208832,0.11651644872946873,-0.11651644872946873,0.09632836945874719,0.003056216638813707,0,0,0,0.23333333333247097,0.016024290779210602,20298.817706808448,531.1890949169542,1,
15,20000.0,450.0,0.5,HYBRID,oracle,15.0,0,245.5246318280697,1174343.6473592566,0.7847204860208832,0.11657013657665274,-0.11657013657665274,0.09632836945874719,0.003056540723660694,0,0,0,0.23333333333247097,0.016037715663493393,20298.811667263508,531.1892607278894,1,
16,20000.0,450.0,0.5,HYBRID,oracle,15.0,0,245.5239108428359,1174368.9831184759,0.7847204860208832,0.11639866293729997,-0.11639866293729997,0.09632836945874719,0.0030563683645403405,0,0,0,0.23333333333247097,0.016040590102517807,20298.810946278274,531.1892554051668,1,
17,20000.0,450.0,0.5,HYBRID,oracle,15.0,0,245.5391061939299,1174444.7337775922,0.7847204860208832,0.11660527140507361,-0.11660527140507361,0.09632836945874719,0.0030565350844174053,0,0,0,0.2249999999991381,0.016007176118481455,20298.826141629368,531.1889568366295,1,
18,20000.0,450.0,0.5,HYBRID,oracle,15.0,0,245.53142115101218,1174342.324497633,0.7847204860208832,0.11615571063095534,-0.11615571063095534,0.09632836945874719,0.003056240289247874,0,0,0,0.24166666666580383,0.01611198894904794,20298.81845658645,531.1891202358065,1,
19,20000.0,450.0,0.5,HYBRID,oracle,15.0,0,245.5248762741685,1174347.4851215554,0.7847204860208832,0.11680970360412089,-0.11680970360412089,0.09632836945874719,0.0030563292210088627,0,0,0,0.2249999999991381,0.015925122528085218,20298.811911709607,531.1891733650299,1,
0,20000.0,450.0,0.5,FULL_STACK,oracle,15.0,0,293.1141880750656,1915053.2409023484,0.8064102482474655,0.32619566757263424,-0.13195250416411022,0.32619566757263424,0.00343528060180372,5373,0,0,0.2249999999991381,0.01605924530480046,20346.401223510504,530.7383492646572,1,
1,20000.0,450.0,0.5,FULL_STACK,oracle,15.0,0,293.1072129420936,1915120.3779124883,0.7947053468805968,0.32563901888172364,-0.13184577527905997,0.32563901888172364,0.0034307217500633078,5371,0,0,0.2083333333324724,0.016016134771018205,20346.39424837753,530.7385949984758,1,
2,20000.0,450.0,0.5,FULL_STACK,oracle,15.0,0,293.12195804715157,1915116.5719119124,0.80131572256361,0.3272131338213956,-0.13216681393480773,0.3272131338213956,0.003434859925488743,5371,0,0,0.23333333333247097,0.01604469949592791,20346.40899348259,530.7382086436512,1,
3,20000.0,450.0,0.5,FULL_STACK,oracle,15.0,0,293.1165306866169,1915053.7996575576,0.8015032968850938,0.3274632310734473,-0.13263324324699194,0.3274632310734473,0.0034343965479683085,5371,0,0,0.23333333333247097,0.01606206630960338,20346.403566122055,530.7381878889635,1,
4,20000.0,450.0,0.5,FULL_STACK,oracle,15.0,0,293.1190970726311,1915118.9189404363,0.802214766020943,0.3264332271616439,-0.1323731912265686,0.3264332271616439,0.003432390207236216,5372,0,0,0.21666666666580525,0.015978989773696342,20346.40613250807,530.7382892181936,1,
5,20000.0,450.0,0.5,FULL_STACK,oracle,15.0,0,293.1224665604532,1915215.9019271939,0.8033059912020959,0.3263497190752169,-0.13241487393325074,0.3263497190752169,0.0034341164129349034,5373,0,0,0.2249999999991381,0.01602216878650465,20346.40950199589,530.7381882087093,1,
6,20000.0,450.0,0.5,FULL_STACK,oracle,15.0,0,293.1155381426215,1915223.5262164352,0.799554569374487,0.32455201451171606,-0.13171403783619107,0.32455201451171606,0.0034320141344281996,5372,0,0,0.2083333333324724,0.015971455278603604,20346.40257357806,530.7385150343018,1,
7,20000.0,450.0,0.5,FULL_STACK,oracle,15.0,0,293.1074435040355,1915024.6017594032,0.8043753235210618,0.3262328310672185,-0.13219768506401627,0.3262328310672185,0.003435681423236486,5373,0,0,0.2249999999991381,0.015929471474216684,20346.394478939474,530.7384914082661,1,
8,20000.0,450.0,0.5,FULL_STACK,oracle,15.0,0,293.11349868774414,1915133.0569516409,0.7847204860208832,0.32391333912983505,-0.1322520968789712,0.32391333912983505,0.0034267727106387148,5370,0,0,0.19166666666580667,0.01605967129773139,20346.400534123182,530.7383806213733,1,
9,20000.0,450.0,0.5,FULL_STACK,oracle,15.0,0,293.1149029061198,1915051.734748635,0.8016934437116494,0.3267356109097583,-0.13222050307461747,0.3267356109097583,0.003434517480467517,5371,0,0,0.23333333333247097,0.016216451956713514,20346.401938341558,530.7383234776045,1,
10,20000.0,450.0,0.5,FULL_STACK,oracle,15.0,0,293.1162665300071,1915091.183423396,0.7921451164914114,0.32817316563823723,-0.13204007638561338,0.32817316563823723,0.0034304442919242503,5370,0,0,0.21666666666580525,0.015849011405404234,20346.403301965445,530.7382702501681,1,
11,20000.0,450.0,0.5,FULL_STACK,oracle,15.0,0,293.124777816236,1915190.2859878552,0.8035173300652322,0.3245521531415507,-0.13234003045216786,0.3245521531415507,0.003432535909953627,5373,0,0,0.2083333333324724,0.016000721465002005,20346.411813251674,530.7382084505949,1,
12,20000.0,450.0,0.5,FULL_STACK,oracle,15.0,0,293.1277229078114,1915141.9174513163,0.8007406016833865,0.32713535754121753,-0.13201014953471327,0.32713535754121753,0.0034340153110705624,5370,0,0,0.23333333333247097,0.015962242500461164,20346.41475834325,530.7380552754531,1,
13,20000.0,450.0,0.5,FULL_STACK,oracle,15.0,0,293.11349692568183,1915127.2583600401,0.7967879720639053,0.3261728217160486,-0.1319886248989718,0.3261728217160486,0.003431450787155334,5370,0,0,0.2249999999991381,0.0160698595208309,20346.40053236112,530.7383703311334,1,
14,20000.0,450.0,0.5,FULL_STACK,oracle,15.0,0,293.12248492613435,1915108.86596652,0.8009560361494655,0.3273906779717906,-0.13208698804709804,0.3273906779717906,0.003433942263099713,5370,0,0,0.23333333333247097,0.016024290779210602,20346.409520361573,530.7381331863909,1,
15,20000.0,450.0,0.5,FULL_STACK,oracle,15.0,0,293.1272273212671,1915111.7312171008,0.8010465618433138,0.3275247297400966,-0.13212499490348434,0.3275247297400966,0.003434894901885029,5371,0,0,0.23333333333247097,0.016037715663493393,20346.414262756705,530.7381067661478,1,
16,20000.0,450.0,0.5,FULL_STACK,oracle,15.0,0,293.1135366521776,1914994.5914670497,0.7982226693812446,0.32623697152173087,-0.13195810413115414,0.32623697152173087,0.0034348833489562147,5369,0,0,0.23333333333247097,0.016040590102517807,20346.400572087616,530.7383254775784,1,
17,20000.0,450.0,0.5,FULL_STACK,oracle,15.0,0,293.11514201015234,1915101.2162426563,0.7985244540196307,0.32592739698406814,-0.13229582343601728,0.32592739698406814,0.0034331944454266345,5371,0,0,0.2249999999991381,0.016007176118481455,20346.40217744559,530.7383715692442,1,
18,20000.0,450.0,0.5,FULL_STACK,oracle,15.0,0,293.1234513372183,1915031.6152988304,0.7987942386817949,0.3276105828819509,-0.1318714135209926,0.3276105828819509,0.0034358992131691287,5370,0,0,0.24166666666580383,0.01611198894904794,20346.410486772656,530.7381534791277,1,
19,20000.0,450.0,0.5,FULL_STACK,oracle,15.0,0,293.12236484885216,1915105.5839945504,0.8016603981222186,0.3252659198685683,-0.13245132916001268,0.3252659198685683,0.0034354332994975833,5372,0,0,0.2249999999991381,0.015925122528085218,20346.40940028429,530.7381402251532,1,
